Tue May 12 18:53:05 +0000 2015,RT @Flament84T: can bayern turn things around this evening #FCBFCB but more important can the #Bulls take the lead tonight ?
Tue May 12 18:52:59 +0000 2015,#Cavs vs. #Bulls Game 5 Preview &amp Prediction: http://t.co/yL4zojCJX9 via @ChatSports http://t.co/ZdGHJlsCiB
Tue May 12 18:52:59 +0000 2015,#Cavs vs. #Bulls Game 5 Preview &amp Prediction: http://t.co/zH2lhbQRsk via @ChatSports http://t.co/HxsVv3fBZG
Tue May 12 18:52:35 +0000 2015,can bayern turn things around this evening #FCBFCB but more important can the #Bulls take the lead tonight ?
Tue May 12 18:52:18 +0000 2015,RT @CappedIn_Feed: Chicago Bulls vs Cleveland Cavaliers Pick - http://t.co/tJJCNKwbg0 #sportsbetting #Cavaliers #Bulls  @JbunitedStates
Tue May 12 18:52:08 +0000 2015,#Bulls #Collectible Michael Jordan lot of 43 cards http://t.co/8JIaIT6ANq #MichaelJordan
Tue May 12 18:52:03 +0000 2015,Chicago Bulls vs Cleveland Cavaliers Pick - http://t.co/tJJCNKwbg0 #sportsbetting #Cavaliers #Bulls  @JbunitedStates
Tue May 12 18:51:40 +0000 2015,RT @Chicago_History: #BecauseItsChicago #Bulls http://t.co/yFkroax2Yr
Tue May 12 18:51:39 +0000 2015,LeBron's audible a game-winner for Cavs over Bulls http://t.co/hwgw1L2E0N #Bulls
Tue May 12 18:51:38 +0000 2015,RT @Chicago_History: This is the matchup we knew was make or break it for the #Bulls - Nothing unexpected. Have no fear We're #Chicago  wâ€¦
Tue May 12 18:51:35 +0000 2015,RT @LimotainmentLLC: Welcome home to #Chicago @kanyewest ~ Happy Birthday to your Mom. Sorry you &amp @ScottiePippen couldn't help reel in a #â€¦
Tue May 12 18:51:29 +0000 2015,RT @Chicago_History: #Cleveland Rocks? Even when you were burning your Hero's jersey just a short time ago? #Chicago #Bullshttp://t.co/EFâ€¦
Tue May 12 18:51:28 +0000 2015,RT @Chicago_History: So we're going back to Cleveland. Fine while nobody is MJ - Which #Bulls player will end the series like this?http:â€¦
Tue May 12 18:51:22 +0000 2015,RT @Suntimes: Cavs fan @hutch316 joins @CJ12_ in taunting Joakim Noah. #Bulls http://t.co/CTxKXcF7JUâ€¦ http://t.co/fOx1XRMROB via  @STN_Sporâ€¦
Tue May 12 18:51:03 +0000 2015,Almost time for the Bulls to make this series 3-2! Go Bulls!!! #seered #bulls
Tue May 12 18:50:36 +0000 2015,L L #Bulls #Collectible 1993-94 MICHAEL JORDAN TOPPS STADIUM CLUB BEAM TEAM #MichaelJordan http://t.co/45lAUPyrWe
Tue May 12 18:50:35 +0000 2015,TIX http://t.co/QPfcVZgqXO 2 Cleveland #Cavaliers Playoffs #Ticket 5/12/2015 Game 5 Chicago #Bullsâ€¦ http://t.co/gRRNtUVSLH #Tickets #Deals
Tue May 12 18:50:30 +0000 2015,So @NikkiDohertyy1 #Bulls Losing tonight?? lol
Tue May 12 18:50:20 +0000 2015,Gasol (hamstring) not likely for Game 5 vs. Cavs http://t.co/gw2H9T3PyT #Bulls #NBA
Tue May 12 18:50:14 +0000 2015,TIX http://t.co/WNmQiCuOIw L L L 2 Tickets NBA Finals Chicago #Bulls Date Subject to Change HG3 6/14â€¦ http://t.co/JXWOXaw2Vt #Ticketsâ€¦
Tue May 12 18:50:14 +0000 2015,L #DerrickRose #Bulls 2012-13 Panini Signatures Silver Parallel DERRICK ROSE 06/25 BULLS HOT #NBA #Collectibles http://t.co/51CsIA6evj
Tue May 12 18:50:14 +0000 2015,TIX http://t.co/WNmQiCuOIw 2 TIX Chicago #Bulls vs DAL Mavericks 10/23 Pinnacle Bank Arena http://t.co/oqMrb4n9DF #Tickets #Ticket
Tue May 12 18:50:13 +0000 2015,TIX http://t.co/SAmhpaDafy 2 #Ticket Chicago #Bulls vs DAL Mavericks 10/23 Pinnacle Bank Arena http://t.co/K7yPz3pMGf #NBA #Tickets
Tue May 12 18:50:08 +0000 2015,RT @Chicago_History: If I had one guess than I guess he's just Chicago!@LilTunechi @common @LupeFiasco @chicagobulls #Chicago #Bulls httâ€¦
Tue May 12 18:49:53 +0000 2015,http://t.co/EEkB0NdMH9: Chicago Bulls Derrick Rose... http://t.co/ANjU4D5iJ9 #amazing #bulls #chicago #derrick #detroit #dunk #pistons
Tue May 12 18:49:25 +0000 2015,RT @McGrawDHBulls: As I've written before I don't expect Thibodeau to walk away from #Bulls. If he leaves it will be via push.
Tue May 12 18:49:14 +0000 2015,RT @Rachel__Nichols: Here's Pau Gasol testing his strained hamstring before #Bulls shootaround. He is questionable for Game 5 tonight. httpâ€¦
Tue May 12 18:48:57 +0000 2015,RT @TodaysFastbreak: The #Bulls missed a great opportunity without Pau Gasol in Game 4 against the #Cavs. Can they win Game 5 without him? â€¦
Tue May 12 18:48:21 +0000 2015,RT @ChiSportUpdates: BY THE END OF THE NIGHT THE CHICAGO #BULLS WILL LEAD THE SERIES 3-2 #SEERED
Tue May 12 18:46:14 +0000 2015,If and I mean IF the #Cavs beat the #Bulls they are going to all be in crutches and wheelchairs.....
Tue May 12 18:46:12 +0000 2015,My #Bulls gotta get this W tonight going down 3-2 is too risky
Tue May 12 18:46:10 +0000 2015,Apparently Joe Crawford is refereeing tonight's game... Well there's that ðŸ˜’ðŸ˜’ #werescrewed #bulls
Tue May 12 18:46:09 +0000 2015,Cleveland Cavaliers vs Chicago Bulls live stream ESPN TV details ... http://t.co/270EBSldCQ #Bulls
Tue May 12 18:45:39 +0000 2015,Need my #Bulls to #SeeRed and pull their head our of their ass tonight!
Tue May 12 18:45:29 +0000 2015,#Bulls' Pau Gasol Likely Out For Game 5 vs #Cavs http://t.co/EozlR9mu2T
Tue May 12 18:45:07 +0000 2015,#ballislife #Bulls #Cavs #CAVSvBULLS
Tue May 12 18:45:06 +0000 2015,#Sporting #Goods Authentic Nike Chicago #Bulls Tyson Chandler Game Jersey 52 Mavericks Jordan Rose http://t.co/stIrCLCR1B #Deals #Bargains
Tue May 12 18:45:06 +0000 2015,L L #Sporting #Goods #DerrickRose 2012-13 PANINI PRESTIGE HARDCOURT HEROES #9 #Bulls #Forsale #Onsale http://t.co/2TAovTQD7X
Tue May 12 18:45:06 +0000 2015,#NBA #Basketball Chicago #Bulls Vintage Nike Sleeveless Jersey! Michael Air Jordan! I II III IV XI http://t.co/JaA5R9ge97 #onsale #Discount
Tue May 12 18:44:36 +0000 2015,TIX http://t.co/SAmhpaDafy L L L 4 Cleveland Cavaliers Playoff vs Chicago #Bulls #Ticket 5/12/15 SEC 203â€¦ http://t.co/isLSrSCozz #NBAâ€¦
Tue May 12 18:44:33 +0000 2015,RT @Chicago_History: Derrick Rose and his Mom Brenda.#HappyMothersDay #Chicago #Bulls http://t.co/mP0IKng2St
Tue May 12 18:44:10 +0000 2015,RT @Chicago_History: #HappyMothersDay to you @larsapippen ~ Treat her to a wonderful day @ScottiePippen ~ #Chicago #Bulls http://t.co/SF0zeâ€¦
Tue May 12 18:43:30 +0000 2015,RT @Chicago_History: #BecauseItsChicago #Bulls http://t.co/yFkroax2Yr
Tue May 12 18:43:28 +0000 2015,RT @Chicago_History: This is the matchup we knew was make or break it for the #Bulls - Nothing unexpected. Have no fear We're #Chicago  wâ€¦
Tue May 12 18:43:26 +0000 2015,RT @TheHoopTrends: This is amazing. #NBA #Bulls http://t.co/BtrJ1rySjp
Tue May 12 18:43:19 +0000 2015,RT @Chicago_History: #Cleveland Rocks? Even when you were burning your Hero's jersey just a short time ago? #Chicago #Bullshttp://t.co/EFâ€¦
Tue May 12 18:43:17 +0000 2015,RT @Chicago_History: So we're going back to Cleveland. Fine while nobody is MJ - Which #Bulls player will end the series like this?http:â€¦
Tue May 12 18:43:03 +0000 2015,RT @NBAcom: 3 days + 3 buzzer-beaters = 1 epic weekend in the #NBAPlayoffsWATCH: http://t.co/jVr8LDohci #Cavs #Bulls #Wizards http://t.coâ€¦
Tue May 12 18:43:02 +0000 2015,RT @Rachel__Nichols: Here's Pau Gasol testing his strained hamstring before #Bulls shootaround. He is questionable for Game 5 tonight. httpâ€¦
Tue May 12 18:42:14 +0000 2015,RT @Chicago_History: If I had one guess than I guess he's just Chicago!@LilTunechi @common @LupeFiasco @chicagobulls #Chicago #Bulls httâ€¦
Tue May 12 18:42:08 +0000 2015,#Basketball #Bulls 07-08 McDonalds All American Rookie **#DerrickRose** RC! 2007-2008 Topps http://t.co/VzwkxnEfEs #Buzz #Collectible
Tue May 12 18:42:08 +0000 2015,#DerrickRose #Bulls 2008-09 Derrick Rose BGS 9.5 Ultimate Collection Initiation Writes RC Autoâ€¦ http://t.co/Jg1zKleO2A #NBA #Collectibles
Tue May 12 18:41:34 +0000 2015,#FatLoss #Fitness What You Need To Do To Lose Weight http://t.co/Lg7fnsEC7m #Bulls #FitBit
Tue May 12 18:41:23 +0000 2015,RT @Rachel__Nichols: Here's Pau Gasol testing his strained hamstring before #Bulls shootaround. He is questionable for Game 5 tonight. httpâ€¦
Tue May 12 18:40:32 +0000 2015,RT @Rachel__Nichols: Pau Gasol the first #Bulls player here at the arena doing body weight exercises/stretching as he tests his hamstring â€¦
Tue May 12 18:40:15 +0000 2015,@ESPN1000 Jimmy Buckets bucket game in Wicker Park today #Bulls #nba http://t.co/5W2XOjRrQ0
Tue May 12 18:40:11 +0000 2015,#GetFit #Fitspo Diet Doc Announces Diet Plans That Are Capable of Melting Up to 20 Pounds Perâ€¦ http://t.co/rrDYy33LQ8 #DerrickRose #Bulls
Tue May 12 18:40:08 +0000 2015,@NikkiDohertyy1 So #Bulls losing tonight? lol
Tue May 12 18:39:47 +0000 2015,RT @giveaway_smart: RT @heartlandflags: Who needs a win more tonight in #Game5 ?RT - #BullsFAV - #Cavaliers http://t.co/3wSBElS0Ko
Tue May 12 18:39:41 +0000 2015,LeBron James channels King James sends Cleveland Cavaliers to ... http://t.co/B1YUHyVtl7 #Bulls
Tue May 12 18:38:59 +0000 2015,The #Cavs return home tonight for Game 5 against the #Bulls. Is Cleveland the clear favorite? http://t.co/hyo5Xb7fWG
Tue May 12 18:38:53 +0000 2015,How to pregame for the #Bulls tonight? Bayern vs Barcelona #championsleague
Tue May 12 18:38:44 +0000 2015,@MitchDontLie I think you're drunk on that #bulls koolaid :). IMO- lots of questions on this roster for next year + maybe new coach
Tue May 12 18:38:36 +0000 2015,L #Sporting #Goods BRAND NEW #NBA BOY'S YOUTH CHICAGO #Bulls L/S FLEECE SWEATSHIRT LARGE #Deals #Bargains http://t.co/uV8X3ORpro
Tue May 12 18:38:04 +0000 2015,#chicagobulls #bulls #chicago New Chicago Bulls Rumors. Tuesday May 12 2015 http://t.co/AcjgBmh8L9
Tue May 12 18:37:53 +0000 2015,#Bulls' @TajGibson22 is a man of the people. I don't have an entourage ...STORY: http://t.co/x1KUVqa2p3 http://t.co/S2hvb11B27
Tue May 12 18:37:00 +0000 2015,RT @TheBullsShow: Why would Tom Thibodeau go to the Pelicans to coach Anthony Davis when Anthony Davis is coming to the #Bulls in 2019 amiâ€¦
Tue May 12 18:36:47 +0000 2015,Which team will go up 3-2? #Bulls or #Cavs use #Quallified to respond
Tue May 12 18:36:45 +0000 2015,Come shoot buckets to help BullsWin. Wicker 3pm #JIMMYBUCKETS #jimmybutler #bulls #SeeRed #BullsNation @redeyechicago http://t.co/1zqpDD0ILn
Tue May 12 18:36:39 +0000 2015,#Bulls #Collectible MICHAEL JORDAN STADIUM CLUB SPECIAL FORCES CARD # SF4 - RARE BV $60 !!! http://t.co/jKrhOI8EQD #MichaelJordan
Tue May 12 18:36:21 +0000 2015,RT @McGrawDHBulls: As I've written before I don't expect Thibodeau to walk away from #Bulls. If he leaves it will be via push.
Tue May 12 18:36:19 +0000 2015,I believe that #Cavs will knock out #Bulls...#GoCavs #LeBronðŸ’“
Tue May 12 18:35:33 +0000 2015,MOTUS ! Qui attrapera la boule noire les #Cavs ou les #Bulls ? #Motus #Lingo #nbaextra @KingJames @KyrieIrving http://t.co/rrJtyoBqpl
Tue May 12 18:35:28 +0000 2015,#Bulls game 2night @ 6:00 PM! Grab dinner with us! New special $8 nâ€™ under Game Day Menu!
Tue May 12 18:35:27 +0000 2015,L L B #DerrickRose #Bulls Derrick Rose Rookie 08 / 09 UD SP Authentic BGS 9 Mint #NBA #Collectibles http://t.co/NZ5VbgezAh
Tue May 12 18:35:27 +0000 2015,TIX http://t.co/SAmhpaDafy 2 CLEVELAND CAVALIERS PLAYOFF #Ticket VS CHICAGO #Bulls GAME 5 http://t.co/HradqMjEof #NBA #Tickets
Tue May 12 18:35:23 +0000 2015,Clippers take control of series with rout of Rockets http://t.co/YE6BtPlHnH #Bulls
Tue May 12 18:35:07 +0000 2015,TIX http://t.co/WNmQiCuOIw L L L 2 Tickets Round 2 Game 5 Cleveland Cavaliers vs Chicago #Bulls CAVSâ€¦ http://t.co/mlult9MN7y #Ticketsâ€¦
Tue May 12 18:35:06 +0000 2015,TIX http://t.co/WNmQiCuOIw 2 CLEVELAND CAVALIERS PLAYOFF TICKETS VS CHICAGO #Bulls GAME 5 http://t.co/DzppNZrrOC #Tickets #Ticket
Tue May 12 18:34:38 +0000 2015,RT @ChiSportUpdates: BY THE END OF THE NIGHT THE CHICAGO #BULLS WILL LEAD THE SERIES 3-2 #SEERED
Tue May 12 18:34:33 +0000 2015,RT @Rachel__Nichols: Pau Gasol the first #Bulls player here at the arena doing body weight exercises/stretching as he tests his hamstring â€¦
Tue May 12 18:34:32 +0000 2015,We'll trade you Thibs for Anthony Davis straight up. Take it or leave it. #Bulls @PelicansNBA
Tue May 12 18:33:51 +0000 2015,RT @ChiSportUpdates: BY THE END OF THE NIGHT THE CHICAGO #BULLS WILL LEAD THE SERIES 3-2 #SEERED
Tue May 12 18:33:40 +0000 2015,My #face when I saw rain for the rest of the week! #mood #Chicago #bulls #nba #playoffs #Drose #weather https://t.co/1hWKWhomrP
Tue May 12 18:32:47 +0000 2015,LOL !!!! Tuesday morning humor #chicago #bulls #derickrose #droseson https://t.co/lGVX6cM0ZT
Tue May 12 18:32:36 +0000 2015,MUST win tonight for my #Bulls
Tue May 12 18:32:31 +0000 2015,RT @heartlandflags: Who needs a win more tonight in #Game5 ?RT - #BullsFAV - #Cavaliers http://t.co/yDFnOZbSmq
Tue May 12 18:31:51 +0000 2015,RT @McGrawDHBulls: As I've written before I don't expect Thibodeau to walk away from #Bulls. If he leaves it will be via push.
Tue May 12 18:31:35 +0000 2015,RT @heartlandflags: Who needs a win more tonight in #Game5 ?RT - #BullsFAV - #Cavaliers http://t.co/yDFnOZbSmq
Tue May 12 18:31:27 +0000 2015,Pau Gason is a game-time decision for the #Bulls due to a strained left hamstring. He missed game 4
Tue May 12 18:31:17 +0000 2015,RT @NBAMemes: Derrick Rose's SON knows what's up! #Bulls #Cavs http://t.co/o2QivGQoOc
Tue May 12 18:31:09 +0000 2015,Cavs fan @hutch316 joins @CJ12_ in taunting Joakim Noah. #Bulls http://t.co/CTxKXcF7JUâ€¦ http://t.co/fOx1XRMROB via  @STN_Sports
Tue May 12 18:30:41 +0000 2015,Only thing I'm looking forward to today is the playoffs. #Bulls&gtCavs #clips&gtrockets
Tue May 12 18:30:33 +0000 2015,RT @ChicagoBullsSoc: Hey #Bulls fans #MicNice wants your team to win so check out our podcast and retweet for a chance to win free swagâ€¦ hâ€¦
Tue May 12 18:30:20 +0000 2015,Cavs' Irving won't sit despite left knee tendinitis http://t.co/XFvyZbnIO8 #Bulls #NBA
Tue May 12 18:29:49 +0000 2015,#Cavaliers Practially a Lock in #OnlineBetting Tuesday â†’ http://t.co/RThGPGmFeI#CLEvsCHI #Cans #Bulls http://t.co/Z9MpXYFL6w
Tue May 12 18:29:39 +0000 2015,L L #Bulls #Collectible Star player Mint #15 Michael Jordan College Rookie Basketball Card FREE BONUS #MichaelJordan http://t.co/Uy4BWlt3gd
Tue May 12 18:29:39 +0000 2015,TIX http://t.co/SAmhpaDafy L L B 4 #Ticket Round 2 Chicago #Bulls vs CLE Cavaliers Home Game 3 5/14 Unitedâ€¦ http://t.co/nh6b2TgK3p #NBAâ€¦
Tue May 12 18:29:37 +0000 2015,#Sporting #Goods Chicago #Bulls Original Vintage 90s Scottie Pippen #NBA Champion Jersey Size 52 http://t.co/7EzAuO06Ly #Deals #Bargains
Tue May 12 18:29:36 +0000 2015,#NBA #Basketball Derrick Rose #1 Chicago #Bulls Red Size Small S Swingman Men Basketball Jersey http://t.co/pa6xE55L7P #onsale #Discount
