Tue May 12 18:50:41 +0000 2015,RT @EK9mm: –ú–∞—Ä–∫—É—Å –°–º–∞—Ä—Ç –ü–æ–≤–µ–ª–∏—Ç–µ–ª—å –≠–Ω–¥—É–∞–Ω–æ–≤. –ë—Ä—ç–¥ –°—Ç–∏–≤–µ–Ω—Å –ß–ï—Ä—Ç–∏–ª–∞ –ö–æ–º–±–∏–Ω–∞—Ü–∏–π #celtics #nba #execution  https://t.co/7tla1nF7Am
Tue May 12 18:50:41 +0000 2015,#NBA #Boston #Celtics Green White Long Faux Fur Hat Adjustable Celtics Logo Rare HTF http://t.co/EDShXKj051 #BasketBall #Forsale
Tue May 12 18:50:40 +0000 2015,#NBA #Celtics #Arena LN BOYS NBA BOSTON CELTICS INSULATED HOODED TEAM JACKET size 6 http://t.co/C2ISQzr1Gm #BasketBall #Deals
Tue May 12 18:50:40 +0000 2015,L L #Celtics #Jersey Vintage Mens Logo 7 Boston Celtics Sweater Shirt 80s Jersey Size Large Champion #Basketball‚Ä¶ http://t.co/iKdaQWH5Vl
Tue May 12 18:45:08 +0000 2015,Report :Celtics Plan on Targeting DeMarcus Cousins Via Trade http://t.co/0YbBiAF0ab #Celtics #NBA
Tue May 12 18:45:06 +0000 2015,L L #NBA #Celtics #Arena Adidas Boston Celtics Mens T Shirt Adult Large Tee Good Condition #BasketBall #Deals http://t.co/h4g8N0WK9M
Tue May 12 18:44:45 +0000 2015,RT @EK9mm: –ú–∞—Ä–∫—É—Å –°–º–∞—Ä—Ç –ü–æ–≤–µ–ª–∏—Ç–µ–ª—å –≠–Ω–¥—É–∞–Ω–æ–≤. –ë—Ä—ç–¥ –°—Ç–∏–≤–µ–Ω—Å –ß–ï—Ä—Ç–∏–ª–∞ –ö–æ–º–±–∏–Ω–∞—Ü–∏–π #celtics #nba #execution  https://t.co/7tla1nF7Am
Tue May 12 18:43:57 +0000 2015,RT @CelticsViews: #bostonceltics #boston #celtics Rumor: Boston Celtics could target LaMarcus Aldridge Wes Matthews http://t.co/dXtsKnBJ42
Tue May 12 18:41:54 +0000 2015,RT @LuckysPipe: Hey everyone I got an advanced copy of the #Celtics new logo.  It's so fresh. http://t.co/PUiL6YIT15
Tue May 12 18:40:12 +0000 2015,#Healthy #Program Are You Trying to Lose Weight But Struggling to Get Motivated When It Comes to‚Ä¶ http://t.co/93VwzXqvkx #Celtics #GetFit
Tue May 12 18:38:45 +0000 2015,RT @EK9mm: –ú–∞—Ä–∫—É—Å –°–º–∞—Ä—Ç –ü–æ–≤–µ–ª–∏—Ç–µ–ª—å –≠–Ω–¥—É–∞–Ω–æ–≤. –ë—Ä—ç–¥ –°—Ç–∏–≤–µ–Ω—Å –ß–ï—Ä—Ç–∏–ª–∞ –ö–æ–º–±–∏–Ω–∞—Ü–∏–π #celtics #nba #execution  https://t.co/7tla1nF7Am
Tue May 12 18:38:27 +0000 2015,#Celtics #Jersey ADIDAS AUTHENTIC CLIMALITE NBA BOSTON CELTICS PRACTICE JERSEY SIZE XL http://t.co/h9tCyf6sne #Basketball #NBA
Tue May 12 18:36:21 +0000 2015,RT @laNBAhabla: Historias Oscuras de la #NBA | La Muerte de Len Bias &gt&gt http://t.co/rlGG4qTxWE#Celtics #NCAA #Maryland http://t.co/eN4Z2r‚Ä¶
Tue May 12 18:35:11 +0000 2015,L #Celtics #Tshirt VTG 80`s BOSTON CELTICS T Shirt Green NBA STARTER Bird Basketball Fits M/L EUC #NBA #Boston http://t.co/ytX78mS0GF
Tue May 12 18:35:10 +0000 2015,#NBA NBA #Boston #Celtics 16 Oz Plastic tumbler cup http://t.co/CGVKSQHw2a #BasketBall #Forsale
Tue May 12 18:35:10 +0000 2015,#NBA #Celtics #Arena Vtg Mens NBA BOSTON CELTICS Reversible Training GIII Basketball Jersey XL http://t.co/IM3rPHXSAS #BasketBall #Deals
Tue May 12 18:35:03 +0000 2015,#hr #recruiting #Lakers #Celtics #basketball #NBA  https://t.co/2bpIasSwJ2
Tue May 12 18:30:37 +0000 2015,I would completely lose my shit! I know rumours rarely ever happen but shweet Jesus please #Celtics http://t.co/d7VxQjC8Fz
Tue May 12 18:30:19 +0000 2015,RT @dark_axl: @ArenaCdMexico @NBAMEX @celtics @Zignia_Live #Celtics!! Por supuesto! #soyfan http://t.co/bxCphfDl9l
Tue May 12 18:29:39 +0000 2015,L #Celtics #Jersey Vtg Mens NBA BOSTON CELTICS Reversible Training GIII Basketball Jersey XL #Basketball #NBA http://t.co/MHBNReU8vK
Tue May 12 18:27:07 +0000 2015,Sign of Trouble for Lakers? - http://t.co/5jvYxk9bcQ #Celtics
Tue May 12 18:26:37 +0000 2015,RT @EK9mm: –ú–∞—Ä–∫—É—Å –°–º–∞—Ä—Ç –ü–æ–≤–µ–ª–∏—Ç–µ–ª—å –≠–Ω–¥—É–∞–Ω–æ–≤. –ë—Ä—ç–¥ –°—Ç–∏–≤–µ–Ω—Å –ß–ï—Ä—Ç–∏–ª–∞ –ö–æ–º–±–∏–Ω–∞—Ü–∏–π #celtics #nba #execution  https://t.co/7tla1nF7Am
Tue May 12 18:25:32 +0000 2015,RT @BostonCelts4eva: 41 years ago today the #Celtics won their 12th #NBA championship.
Tue May 12 18:25:08 +0000 2015,10 Indelible Moments That Defined the 2014-2015 Boston Celtics http://t.co/Gik2DeE1Is #Celtics #NBA
Tue May 12 18:24:51 +0000 2015,#Healthy #Program Diet Doc Announces Diet Plans That Are Capable of Melting Up to 20 Pounds Per‚Ä¶ http://t.co/SlauX4tQkS #Celtics #GetFit
Tue May 12 18:23:28 +0000 2015,http://t.co/KX6iKUfbTz [SB Nation: Celtics Blog] - Rumor: Boston Celtics could target #Celtics http://t.co/QuXPh9WCwg
Tue May 12 18:22:13 +0000 2015,#Celtics #Jersey NBA All Star Nike Paul Pierce 2004 Jersey Boston Celtics SZ XL http://t.co/DFdIyWbaee #Basketball #NBA
Tue May 12 18:22:12 +0000 2015,L #NBA #Celtics #Arena Vintage 80s Mitchell &ampamp Ness LARRY BIRD No. 33 BOSTON CELTICS Jersey Size 54 #BasketBall‚Ä¶ http://t.co/Fj9HKs77DA
Tue May 12 18:20:41 +0000 2015,RT @EK9mm: –ú–∞—Ä–∫—É—Å –°–º–∞—Ä—Ç –ü–æ–≤–µ–ª–∏—Ç–µ–ª—å –≠–Ω–¥—É–∞–Ω–æ–≤. –ë—Ä—ç–¥ –°—Ç–∏–≤–µ–Ω—Å –ß–ï—Ä—Ç–∏–ª–∞ –ö–æ–º–±–∏–Ω–∞—Ü–∏–π #celtics #nba #execution  https://t.co/7tla1nF7Am
Tue May 12 18:18:07 +0000 2015,#NBA Vtg Mens NBA #Boston #Celtics Reversible Training GIII Basketball Jersey XL http://t.co/wWiekV4YKO #BasketBall #Forsale
Tue May 12 18:18:07 +0000 2015,#NBA #Celtics #Arena #33 BOSTON CELTICS Larry Bird NBA Hoops Action Picture Photo 1990 8x10 NIP‚Ä¶ http://t.co/3uTgODAJ1G #BasketBall #Deals
Tue May 12 18:17:20 +0000 2015,L #Celtics #Jersey Boston Celtics Youth Large Kevin Garnett Jersey #Basketball #NBA http://t.co/cZjRU1G3mL
Tue May 12 18:15:01 +0000 2015,RT @CausewayStreet: Congrats to @thekidet for being voted as the #Celtics' MVP by the team's website! http://t.co/r5wzJVzTd3
Tue May 12 18:14:46 +0000 2015,RT @EK9mm: –ú–∞—Ä–∫—É—Å –°–º–∞—Ä—Ç –ü–æ–≤–µ–ª–∏—Ç–µ–ª—å –≠–Ω–¥—É–∞–Ω–æ–≤. –ë—Ä—ç–¥ –°—Ç–∏–≤–µ–Ω—Å –ß–ï—Ä—Ç–∏–ª–∞ –ö–æ–º–±–∏–Ω–∞—Ü–∏–π #celtics #nba #execution  https://t.co/7tla1nF7Am
Tue May 12 18:11:15 +0000 2015,Congrats to @thekidet for being voted as the #Celtics' MVP by the team's website! http://t.co/r5wzJVzTd3
Tue May 12 18:08:47 +0000 2015,http://t.co/KX6iKUfbTz Vintage Boston Celtics Tshirt 1980s Green Logo 7 XL NBA Basket #Celtics http://t.co/UhaI6n0Y4n
Tue May 12 18:08:29 +0000 2015,#Healthy #Program Diet Doc Announces Diet Plans That Are Capable of Melting Up to 20 Pounds Per‚Ä¶ http://t.co/dtZKcayTdl #Celtics #GetFit
Tue May 12 18:06:09 +0000 2015,L L L #NBA Adidas #Boston #Celtics Mens T Shirt Adult Large Tee Good Condition #BasketBall #Forsale http://t.co/cgp8jX2mT6
Tue May 12 18:06:09 +0000 2015,#Celtics #Jersey Adidas Swingman NBA Jersey Boston Celtics Rajon Rondo Green &amp Black Sz Youth L http://t.co/zCtO0XMNGY #Basketball #NBA
Tue May 12 18:05:07 +0000 2015,Western Notes :Chandler Kings Milutinov http://t.co/zrpxH1JAbL #Celtics #NBA
Tue May 12 18:03:39 +0000 2015,So if the #Celtics can upgrade the starters at SF and PF like they are targeting Wesley Matthews and Lamarcus Aldridge... I support it. #NBA
Tue May 12 18:02:09 +0000 2015,#NBA Vintage Mens Logo 7 #Boston #Celtics Sweater Shirt 80s Jersey Size Large Champion http://t.co/xdru0ONuhR #BasketBall #Forsale
Tue May 12 18:02:08 +0000 2015,#NBA #Celtics #Arena Larry Bird Boston Celtics Close Up Matted 8x10 Photo Poster Print http://t.co/7FfkS9LK87 #BasketBall #Deals
Tue May 12 18:00:16 +0000 2015,I don't expect the #Celtics to get LA... But at least let solid free agent players know like Greg Monroe and soon to be FA Kevin Love.. #NBA
Tue May 12 17:58:28 +0000 2015,Love that the #Celtics are throwing it out there that they want Lamarcus Aldridge..... He'd be a great piece at the 4...... #NBA
Tue May 12 17:56:12 +0000 2015,L #Celtics #Jersey Vintage Mens Logo 7 Boston Celtics Sweater Shirt 80s Jersey Size Large Champion #Basketball #NBA http://t.co/3w4cJWoPxK
Tue May 12 17:56:11 +0000 2015,Rumor: The #Celtics are interested in signing both LaMarcus Aldridge and Wesley Matthews this summer! That would be awesome if we did.
Tue May 12 17:53:39 +0000 2015,RT @BostonCelts4eva: 41 years ago today the #Celtics won their 12th #NBA championship.
Tue May 12 17:53:15 +0000 2015,#Healthy #Program 10 Simple Ways To Help Your Weight Loss http://t.co/zC5iP7E5ul #Celtics #GetFit
Tue May 12 17:50:34 +0000 2015,#CELTICS #SWAG ‚úäüèæ http://t.co/rOsLCXhW9r
Tue May 12 17:50:09 +0000 2015,L #NBA #Celtics #Arena Adidas Boston Celtics Mens T Shirt Adult Large Tee Good Condition #BasketBall #Deals http://t.co/EfeMj2lId1
Tue May 12 17:47:48 +0000 2015,http://t.co/pZNZI3Fprs Here are the 76ers' new logos featuring Dribbling Ben Franklin (B #NBA #CELTICS http://t.co/1aSRIKv2o2
Tue May 12 17:46:16 +0000 2015,Rumor: Boston Celtics could target LaMarcus Aldridge W... #Celtics #BostonCeltics http://t.co/atUSWZaxyP http://t.co/BLY1AWwIRj
Tue May 12 17:45:43 +0000 2015,Who will lead the #Boston #Celtics #NBAPlayoffs push next season? #HeroBall http://t.co/8debBLEI3H
Tue May 12 17:45:36 +0000 2015,#NBA LN BOYS NBA #Boston #Celtics INSULATED HOODED TEAM JACKET size 6 http://t.co/pT5dvGxfZi #BasketBall #Forsale
Tue May 12 17:45:36 +0000 2015,#NBA #Celtics #Arena NBA Team Logo Golf Ball - Boston Celtics - Unused http://t.co/VUQgPv7mgU #BasketBall #Deals
Tue May 12 17:45:30 +0000 2015,@Amanda_Pflugrad @celtics congrats and welcome #Celtics
Tue May 12 17:45:07 +0000 2015,Prospect Profile :Devin Booker http://t.co/RQIEeFktst #Celtics #NBA
Tue May 12 17:43:52 +0000 2015,Rumor: Boston Celtics could target LaMarcus Aldridge Wes Matthews: A package consisting of a couple ... http://t.co/4XfTE79aOt #celtics
Tue May 12 17:43:37 +0000 2015,RT @BostonCelts4eva: 41 years ago today the #Celtics won their 12th #NBA championship.
Tue May 12 17:41:34 +0000 2015,Selfie-CELTICS #NBA #basket #sport #match #celtics https://t.co/HwgAvacBco
Tue May 12 17:40:25 +0000 2015,RT @BostonCelts4eva: 41 years ago today the #Celtics won their 12th #NBA championship.
Tue May 12 17:40:16 +0000 2015,@ArenaCdMexico @NBAMEX @celtics @Zignia_Live #Celtics!! Por supuesto! #soyfan http://t.co/bxCphfDl9l
Tue May 12 17:38:34 +0000 2015,L #Celtics #Jersey Rare Vintage 1990s Official Boston Celtics #35 Reggie Lewis Youth NBA Jersey #Basketball #NBA http://t.co/CGoFl9JAFd
Tue May 12 17:38:08 +0000 2015,#Healthy #Program Why Weight Loss Surgery is the Best Option for Fighting Extreme Obesity http://t.co/5wx6nT3iXl #Celtics #GetFit
Tue May 12 17:37:49 +0000 2015,RT @BostonCelts4eva: 41 years ago today the #Celtics won their 12th #NBA championship.
Tue May 12 17:37:36 +0000 2015,Rumor: Boston Celtics could target LaMarcus Aldridge Wes Matthews http://t.co/WpHIjoF3DM #celtics
Tue May 12 17:37:34 +0000 2015,RT @NBAandNFLInfo: SOURCES: Boston #Celtics Want To Trade For DeMarcus Cousins This Summer ---&gt https://t.co/gPrlhMLbSv via @NBAFantasyInfo
Tue May 12 17:37:26 +0000 2015,RT @CelticsViews: #bostonceltics #boston #celtics Rumor: Boston Celtics could target LaMarcus Aldridge Wes Matthews http://t.co/dXtsKnBJ42
Tue May 12 17:36:10 +0000 2015,#bostonceltics #boston #celtics Rumor: Boston Celtics could target LaMarcus Aldridge Wes Matthews http://t.co/dXtsKnBJ42
Tue May 12 17:34:11 +0000 2015,#Celtics #Tshirt VTG 80`s BOSTON CELTICS T Shirt Green NBA STARTER Bird Basketball Fits M/L EUC http://t.co/c5dXFbkyDx #NBA #Boston
Tue May 12 17:34:10 +0000 2015,#Celtics #Jersey Vtg Mens NBA BOSTON CELTICS Reversible Training GIII Basketball Jersey XL http://t.co/v6PIDja6Gw #Basketball #NBA
Tue May 12 17:34:08 +0000 2015,What is the most important facet for #Boston #Celtics free agent pitch? http://t.co/iEnuTn4uNj #NBAPlayoffs http://t.co/tx62dqY1zQ ..
Tue May 12 17:34:07 +0000 2015,What is the most important facet for #Boston #Celtics free agent pitch? http://t.co/hv79fPs3vr #NBAPlayoffs http://t.co/GShTBfl3kM ..
Tue May 12 17:34:05 +0000 2015,What is the most important facet for #Boston #Celtics free agent pitch? http://t.co/c3CKEo7SGS #NBAPlayoffs http://t.co/Y2GqWA5LIH ..
Tue May 12 17:34:01 +0000 2015,What is the most important facet for #Boston #Celtics free agent pitch? http://t.co/miVv1eskMW #NBAPlayoffs http://t.co/1AzUUW4M4p ..
Tue May 12 17:33:46 +0000 2015,RT @LuckysPipe: Hey everyone I got an advanced copy of the #Celtics new logo.  It's so fresh. http://t.co/PUiL6YIT15
Tue May 12 17:33:43 +0000 2015,RT @RADAmerica_: De Rookies a Sophomores (por @BosCeltics33) http://t.co/aLrUyf9CYs v√≠a @RAD_Spain#Celtics #Rookies #Smart #Young #RAD #NBA
Tue May 12 17:33:39 +0000 2015,RT @RADdeportes: De Rookies a Sophomores (por @BosCeltics33) http://t.co/kemV1sA2jF v√≠a @RAD_Spain#Celtics #Rookies #Smart #Young #RAD #NBA
Tue May 12 17:33:35 +0000 2015,RT @RADBaloncesto: De Rookies a Sophomores (por @BosCeltics33) http://t.co/UNS9FZf7O8 v√≠a @RAD_Spain#Celtics #Rookies #Smart #Young #RAD #‚Ä¶
Tue May 12 17:33:32 +0000 2015,RT @RAD_Spain: De Rookies a Sophomores (por @BosCeltics33) http://t.co/PDPebjc3o9 v√≠a @RAD_Spain#Celtics #Rookies #Smart #Young #RAD #NBA
Tue May 12 17:33:09 +0000 2015,L L #NBA #Celtics #Arena NBA Boston Celtics 16 Oz Plastic tumbler cup #BasketBall #Deals http://t.co/AJMyQ1yIvg
Tue May 12 17:32:26 +0000 2015,De Rookies a Sophomores (por @BosCeltics33) http://t.co/aLrUyf9CYs v√≠a @RAD_Spain#Celtics #Rookies #Smart #Young #RAD #NBA
Tue May 12 17:32:26 +0000 2015,De Rookies a Sophomores (por @BosCeltics33) http://t.co/kemV1sA2jF v√≠a @RAD_Spain#Celtics #Rookies #Smart #Young #RAD #NBA
Tue May 12 17:32:26 +0000 2015,De Rookies a Sophomores (por @BosCeltics33) http://t.co/UNS9FZf7O8 v√≠a @RAD_Spain#Celtics #Rookies #Smart #Young #RAD #NBA
Tue May 12 17:32:26 +0000 2015,De Rookies a Sophomores (por @BosCeltics33) http://t.co/PDPebjc3o9 v√≠a @RAD_Spain#Celtics #Rookies #Smart #Young #RAD #NBA
Tue May 12 17:29:10 +0000 2015,#NBA Larry Bird #Boston #Celtics Close Up Matted 8x10 Photo Poster Print http://t.co/SLuJfMdLfV #BasketBall #Forsale
Tue May 12 17:29:10 +0000 2015,#NBA #Celtics #Arena Vintage 80s Mitchell &amp Ness LARRY BIRD No. 33 BOSTON CELTICS Jersey Size 54 http://t.co/fvCpSBTIe5 #BasketBall #Deals
Tue May 12 17:26:35 +0000 2015,L #Celtics #Jersey Vtg Mens NBA BOSTON CELTICS #34 PAUL PIERCE Nike SEWN ON Basketball Jersey 2XL #Basketball #NBA http://t.co/8iRFORsH6E
Tue May 12 17:25:04 +0000 2015,Atlantic Notes :Love Celtics Nets D-Will http://t.co/WVDZeEzSJS #Celtics #NBA
Tue May 12 17:21:36 +0000 2015,L #NBA #Boston #Celtics Pro Toast NBA Logo 2 Slice Toaster-NIB #BasketBall #Forsale http://t.co/lL0b3hFqhg
Tue May 12 17:18:44 +0000 2015,RT @BostonCelts4eva: 41 years ago today the #Celtics won their 12th #NBA championship.
Tue May 12 17:17:39 +0000 2015,#Celtics #Jersey Boston Celtics Youth Large Kevin Garnett Jersey http://t.co/CB9WoQXuds #Basketball #NBA
Tue May 12 17:17:03 +0000 2015,The Truth will always be a Celtic - http://t.co/KfUCt59SZM #Celtics
Tue May 12 17:16:22 +0000 2015,RT @BostonCelts4eva: 41 years ago today the #Celtics won their 12th #NBA championship.
Tue May 12 17:14:55 +0000 2015,#CelticsNation Here are the 76ers' new logos featuring Dribbling Ben Franklin (Ball Don't Li... http://t.co/PmMXarZnae #boston #Celtics
Tue May 12 17:14:37 +0000 2015,RT @BostonCelts4eva: 41 years ago today the #Celtics won their 12th #NBA championship.
Tue May 12 17:14:09 +0000 2015,#NBA Vintage 80s Mitchell &amp Ness LARRY BIRD No. 33 #Boston #Celtics Jersey Size 54 http://t.co/oFctVqGM7W #BasketBall #Forsale
Tue May 12 17:14:09 +0000 2015,#NBA #Celtics #Arena Vintage Mens Logo 7 Boston Celtics Sweater Shirt 80s Jersey Size Large‚Ä¶ http://t.co/nUANZYpdFT #BasketBall #Deals
Tue May 12 17:11:43 +0000 2015,L L #NBA Adidas #Boston #Celtics Mens T Shirt Adult Large Tee Good Condition #BasketBall #Forsale http://t.co/zJjRGbO5ek
