Tue May 12 18:53:02 +0000 2015,RT @NBASTORE: Will #Clippers advance to the Western Conference Finals or will #Rockets force Game 6? http://t.co/4OtaXj0aKA http://t.co/7U‚Ä¶
Tue May 12 18:52:33 +0000 2015,Canadian Clippers Bros http://t.co/VFhz3eJ1sf #video #canadian #clippers #bros #canada #hotvideo #videos
Tue May 12 18:52:28 +0000 2015,http://t.co/07HnmEAdxo New Orleans Pelicans fire head coach Monty Williams (The Associ #Clippers http://t.co/bfqR8E2UJp
Tue May 12 18:52:07 +0000 2015,TIX http://t.co/uiKMIJY9v3 3 TIX Round 3 Los Angeles #Clippers v TBD HG1 5/19 Staples Center‚Ä¶ http://t.co/7pLNSiOJ2p #Ticket #BasketBall
Tue May 12 18:51:49 +0000 2015,RT @NBASTORE: Will #Clippers advance to the Western Conference Finals or will #Rockets force Game 6? http://t.co/4OtaXj0aKA http://t.co/7U‚Ä¶
Tue May 12 18:50:21 +0000 2015,TIX http://t.co/99Sdr28C3O L L Los Angeles #Clippers vs Houston Rockets Round 2 G6 - 2 Premier ‚Ä¶ http://t.co/TbKml1cdn3 #Tickets #Ticket
Tue May 12 18:50:20 +0000 2015,TIX http://t.co/99Sdr28C3O 3 TIX Round 3 Los Angeles #Clippers v TBD HG1 5/19 Staples Center 118 http://t.co/kA7sd3GB1w #Tickets #Ticket
Tue May 12 18:50:19 +0000 2015,#Collectible #Buzz Authentic Los Angeles #Clippers Elton Brand #Jersey size 52 http://t.co/ZdZQDIgMT2 #Forsale #onsale
Tue May 12 18:50:19 +0000 2015,#NBA #Clippers Los Angeles Clippers Women's Suede Pumps http://t.co/PUvEyCu8od #BasketBall #Bargain
Tue May 12 18:50:18 +0000 2015,#Sports #Goods XL Baron Davis Los Angeles #Clippers Adidas Swingman Red Sewn Mens #Jersey #1 http://t.co/mf4EbUK31t #eBay #Auction
Tue May 12 18:50:18 +0000 2015,L #Collectible #Buzz LOS ANGELES #Clippers 2015 Playoffs WE ARE LA T-Shirt Mens XL PROMOTIONAL Game 4 #Forsale‚Ä¶ http://t.co/E4rfzmqbnK
Tue May 12 18:50:17 +0000 2015,#Solution #FatLoss Losing Weight By Drinking More Water And Less Unhealthy Drinks http://t.co/38OjtDm5fp #Clippers #Diet
Tue May 12 18:48:59 +0000 2015,Since the #Clippers Put my team out I'm Rollin wit My bro matt_barnes9 &amp the Clipps on this Run get‚Ä¶ https://t.co/uoHFxq84VZ
Tue May 12 18:48:55 +0000 2015,@blakegriffin32 u know the rockets will come at u with desperation lead the team with that killer instinct don't let them breathe #Clippers
Tue May 12 18:48:08 +0000 2015,RT @NBASTORE: Will #Clippers advance to the Western Conference Finals or will #Rockets force Game 6? http://t.co/4OtaXj0aKA http://t.co/7U‚Ä¶
Tue May 12 18:47:34 +0000 2015,Will #Clippers advance to the Western Conference Finals or will #Rockets force Game 6? http://t.co/4OtaXj0aKA http://t.co/7U6tAx2obU
Tue May 12 18:46:37 +0000 2015,RT @TheBuzzerOnFOX: The #Clippers watching their kids play basketball makes our hearts melt! @KristenBalboni explains!https://t.co/d6bJCjJ‚Ä¶
Tue May 12 18:45:17 +0000 2015,L #NBA #Clippers $36 NBA 4 Her LA Los Angeles Clippers Slouchy Fashion T Shirt WMNs XL Fitted NWT #BasketBall‚Ä¶ http://t.co/j7qlVJoygm
Tue May 12 18:44:37 +0000 2015,RT @TheBuzzerOnFOX: The #Clippers watching their kids play basketball makes our hearts melt! @KristenBalboni explains!https://t.co/d6bJCjJ‚Ä¶
Tue May 12 18:43:56 +0000 2015,Broadcasting the #clippers game tonight w the volume up and offering our #classicBurger #fries and a‚Ä¶ https://t.co/S8cP1lsIUc
Tue May 12 18:40:43 +0000 2015,@FandingsNow #Warriors #Clippers and #LeBron üëç
Tue May 12 18:40:28 +0000 2015,Broadcasting the #clippers #nba #playoff game tonight LIVE offering our #classicBurger #Fries and a #beer for $15 and #tequilaShots at $5!!
Tue May 12 18:40:15 +0000 2015,RT @TheBuzzerOnFOX: The #Clippers watching their kids play basketball makes our hearts melt! @KristenBalboni explains!https://t.co/d6bJCjJ‚Ä¶
Tue May 12 18:40:03 +0000 2015,http://t.co/bEeCbx3hgN #Clippers ¬¶ Philip Rivers has an L A moment Philip Rivers has an L A moment http://t.co/zF3zfXfmTU
Tue May 12 18:38:27 +0000 2015,It's Game 5 for the @houstonrockets tonight against the #Clippers. Can we pull through tonight?‚Ä¶ https://t.co/eIXdvQpymM
Tue May 12 18:38:16 +0000 2015,The #Clippers are playing some great basketball ‚Ä¶ and so are their kids. VIDEO: http://t.co/SErPrzuDuE via @Matt_Barnes22
Tue May 12 18:37:07 +0000 2015,#laclippers #clippers #lac LeBron doesn't test sore ankle at shootaround says 'I'll be ready to go' for Game 5 http://t.co/LmD1753Q18
Tue May 12 18:36:20 +0000 2015,RT @TheBuzzerOnFOX: The #Clippers watching their kids play basketball makes our hearts melt! @KristenBalboni explains!https://t.co/d6bJCjJ‚Ä¶
Tue May 12 18:35:41 +0000 2015,RT @FOXSportsSD: #Clippers are one win away from their 1st trip to the Western Conference Finals: http://t.co/S2nKSyRSuB #NBAPlayoffs http:‚Ä¶
Tue May 12 18:35:25 +0000 2015,RT @SidelineBuzz: #hackajordan makes watching #nba painful http://t.co/TaKpbtewmg #CLIPPERSvsROCKETS #NBAPlayoffs #Clippers #rockets http:/‚Ä¶
Tue May 12 18:35:12 +0000 2015,L #NBA #Clippers NWT LA Clippers Chris Paul Swingman Jersey Mens XL Stitched!! Orig $110 + 2 #BasketBall #Bargain http://t.co/k1yZIjEjCi
Tue May 12 18:35:11 +0000 2015,TIX http://t.co/99Sdr28C3O L B 2 Round 2 Los Angeles #Clippers vs HOU Rockets HG3 5/14 Staples‚Ä¶ http://t.co/yWKvjFYrzG #Tickets #Ticket
Tue May 12 18:35:11 +0000 2015,TIX http://t.co/99Sdr28C3O 1-10 TIX Los Angeles #Clippers STE C 22 5/14 STAPLES Center http://t.co/YgO7GtRZhk #Tickets #Ticket
Tue May 12 18:35:10 +0000 2015,#Solution #FatLoss Is It OK to Not Wear a Sports Bra During a Workout? http://t.co/Nd1F6aG0xt #Clippers #Diet
Tue May 12 18:35:10 +0000 2015,#Collectible #Buzz Los Angeles #Clippers Women's Suede Pumps http://t.co/4EcgKk3ROX #Forsale #onsale
Tue May 12 18:35:09 +0000 2015,#NBA #Clippers XL Baron Davis Los Angeles Clippers Adidas Swingman Red Sewn Mens Jersey #1 http://t.co/0aWQCTpDib #BasketBall #Bargain
Tue May 12 18:35:09 +0000 2015,#Sports #Goods Chris Paul Los Angeles #Clippers Kobe Matted 8x10 Photo #Poster Print http://t.co/wUgqitoSaT #eBay #Auction
Tue May 12 18:34:48 +0000 2015,RT FOXSports RT TheBuzzerOnFOX: The #Clippers watching their kids play basketball makes our hearts melt! KristenB‚Ä¶ https://t.co/3x11HPdLER
Tue May 12 18:34:43 +0000 2015,RT @SidelineBuzz: #hackajordan makes watching #nba painful http://t.co/TaKpbtewmg #CLIPPERSvsROCKETS #NBAPlayoffs #Clippers #rockets http:/‚Ä¶
Tue May 12 18:34:43 +0000 2015,#CLIPPERS @U__MESH
Tue May 12 18:34:39 +0000 2015,#hackajordan makes watching #nba painful http://t.co/TaKpbtewmg #CLIPPERSvsROCKETS #NBAPlayoffs #Clippers #rockets http://t.co/oU3BHXtOm0
Tue May 12 18:34:08 +0000 2015,#hackajordan makes watching #nba painful http://t.co/xoFks0swBR #CLIPPERSvsROCKETS #NBAPlayoffs #Clippers #rockets http://t.co/WCvRFvPNnB
Tue May 12 18:32:16 +0000 2015,¬ª  Clippers #Clippers Clippers Path to Winning NBA Title May Not Be Only a Fairy Tale for Much Longer ¬ª UPDATE ¬ª C‚Ä¶ http://t.co/MwuWwToqaI
Tue May 12 18:31:56 +0000 2015,RT @TheBuzzerOnFOX: The #Clippers watching their kids play basketball makes our hearts melt! @KristenBalboni explains!https://t.co/d6bJCjJ‚Ä¶
Tue May 12 18:31:26 +0000 2015,RT @TheBuzzerOnFOX: The #Clippers watching their kids play basketball makes our hearts melt! @KristenBalboni explains!https://t.co/d6bJCjJ‚Ä¶
Tue May 12 18:31:00 +0000 2015,RT @NBAMemes: Blake Griffin's HAIR-CUT. #Clippers http://t.co/Bmz1306bc5
Tue May 12 18:30:53 +0000 2015,Join us tonight for the #Clippers vs #Rockets game at 6:30 PM &amp best of all it's during our new happy hour! http://t.co/bnLzAGyxWF
Tue May 12 18:29:50 +0000 2015,L #Sports #Goods NWT ADIDAS SWINGMAN Los Angeles #Clippers Blake Griffin #Jersey Men's 2XL #eBay #Auction http://t.co/0jj8wQjRdW
Tue May 12 18:29:35 +0000 2015,TIX http://t.co/uiKMIJY9v3 A A 2 #Tickets Round 3 Los Angeles #Clippers vs TBD HG2 5/21 Staples‚Ä¶ http://t.co/JKo7t6Hhuo #Ticket‚Ä¶
Tue May 12 18:29:25 +0000 2015,RT @ClippersCentral: The #Clippers are chasing their first NBA ring could this be their year? | http://t.co/TsUmsREgZW
Tue May 12 18:29:11 +0000 2015,RT @NBAMemes: DeAndre Jordan SHOT 28 FTs in the first half. #Clippers Yes 28! http://t.co/pMzia7wOeI
Tue May 12 18:28:54 +0000 2015,RT @TheBuzzerOnFOX: The #Clippers watching their kids play basketball makes our hearts melt! @KristenBalboni explains!https://t.co/d6bJCjJ‚Ä¶
Tue May 12 18:28:53 +0000 2015,RT @DylanTheMan37: The #Clippers just beat the #Rockets 128-95. üò≥ Now lead the series 3-1. #CLIPPERSvsROCKETS
Tue May 12 18:28:27 +0000 2015,RT @NBAMemes: Dwight Howard's LA-PROBLEMS.#Lakers #Clippers #Rockets http://t.co/PNDxUxRqMU
Tue May 12 18:28:17 +0000 2015,RT @TheBuzzerOnFOX: The #Clippers watching their kids play basketball makes our hearts melt! @KristenBalboni explains!https://t.co/d6bJCjJ‚Ä¶
Tue May 12 18:27:35 +0000 2015,RT @TheBuzzerOnFOX: The #Clippers watching their kids play basketball makes our hearts melt! @KristenBalboni explains!https://t.co/d6bJCjJ‚Ä¶
Tue May 12 18:27:34 +0000 2015,RT @NBAMemes: Blake Griffin's HAIR-CUT. #Clippers http://t.co/Bmz1306bc5
Tue May 12 18:27:17 +0000 2015,RT @TheBuzzerOnFOX: The #Clippers watching their kids play basketball makes our hearts melt! @KristenBalboni explains!https://t.co/d6bJCjJ‚Ä¶
Tue May 12 18:27:13 +0000 2015,Dirk Nowitzki Won't Retire Before 2018| http://t.co/DpGq2C5E0X #NBA #Clippers
Tue May 12 18:26:48 +0000 2015,RT @TheBuzzerOnFOX: The #Clippers watching their kids play basketball makes our hearts melt! @KristenBalboni explains!https://t.co/d6bJCjJ‚Ä¶
Tue May 12 18:26:22 +0000 2015,#Houston searching for pride on defense against #Clippers - LA Times http://t.co/caI03fu5y6 #eyebalz #buzz @latimes
Tue May 12 18:26:12 +0000 2015,#Houston searchin 4 pride on #defense against Clipprs  http://t.co/CvRhvgLYiu #Clippers #Conference
Tue May 12 18:25:47 +0000 2015,RT @ArashMarkazi: Seems like an appropriate song today. #Clippers http://t.co/7rlRCsNYzm
Tue May 12 18:25:04 +0000 2015,RT @jillpainter: ICYMI @laclippers w/ chance to make history tonight in Houston. 1 more win &amp #clippers in conf finals for 1st time. http:/‚Ä¶
Tue May 12 18:24:57 +0000 2015,RT @TheBuzzerOnFOX: The #Clippers watching their kids play basketball makes our hearts melt! @KristenBalboni explains!https://t.co/d6bJCjJ‚Ä¶
Tue May 12 18:24:42 +0000 2015,#WeLoveLA #Clippers #LAC Houston searching for pride on defense against Clippers http://t.co/Q6xJYzeXXP #SportsRoadhouse
Tue May 12 18:24:37 +0000 2015,#Clippers #LAC Houston searching for pride on defense against Clippers http://t.co/0TVDvyyp22 #SportsRoadhouse
Tue May 12 18:23:35 +0000 2015,RT @brownjenjen: ¬ª http://t.co/fFWnnYnTlG Clippers #Clippers Clippers Path to Winning NBA Title May Not Be Only a Fairy Tale for Much Longe‚Ä¶
Tue May 12 18:23:34 +0000 2015,RT @brownjenjen: ¬ª http://t.co/fFWnnYnTlG Clippers #Clippers Clippers Path to Winning NBA Title May Not Be Only a Fairy Tale for Much Longe‚Ä¶
Tue May 12 18:23:34 +0000 2015,RT @brownjenjen: ¬ª http://t.co/fFWnnYnTlG Clippers #Clippers Clippers Path to Winning NBA Title May Not Be Only a Fairy Tale for Much Longe‚Ä¶
Tue May 12 18:23:25 +0000 2015,RT @brownjenjen: ¬ª http://t.co/fFWnnYnTlG Clippers #Clippers Clippers Path to Winning NBA Title May Not Be Only a Fairy Tale for Much Longe‚Ä¶
Tue May 12 18:23:19 +0000 2015,RT @brownjenjen: ¬ª http://t.co/fFWnnYnTlG Clippers #Clippers Clippers Path to Winning NBA Title May Not Be Only a Fairy Tale for Much Longe‚Ä¶
Tue May 12 18:23:14 +0000 2015,RT @brownjenjen: ¬ª http://t.co/fFWnnYnTlG Clippers #Clippers Clippers Path to Winning NBA Title May Not Be Only a Fairy Tale for Much Longe‚Ä¶
Tue May 12 18:23:14 +0000 2015,RT @brownjenjen: ¬ª http://t.co/fFWnnYnTlG Clippers #Clippers Clippers Path to Winning NBA Title May Not Be Only a Fairy Tale for Much Longe‚Ä¶
Tue May 12 18:23:14 +0000 2015,RT @brownjenjen: ¬ª http://t.co/fFWnnYnTlG Clippers #Clippers Clippers Path to Winning NBA Title May Not Be Only a Fairy Tale for Much Longe‚Ä¶
Tue May 12 18:23:13 +0000 2015,RT @brownjenjen: ¬ª http://t.co/fFWnnYnTlG Clippers #Clippers Clippers Path to Winning NBA Title May Not Be Only a Fairy Tale for Much Longe‚Ä¶
Tue May 12 18:23:13 +0000 2015,RT @brownjenjen: ¬ª http://t.co/fFWnnYnTlG Clippers #Clippers Clippers Path to Winning NBA Title May Not Be Only a Fairy Tale for Much Longe‚Ä¶
Tue May 12 18:23:11 +0000 2015,RT @brownjenjen: ¬ª http://t.co/fFWnnYnTlG Clippers #Clippers Clippers Path to Winning NBA Title May Not Be Only a Fairy Tale for Much Longe‚Ä¶
Tue May 12 18:23:11 +0000 2015,RT @brownjenjen: ¬ª http://t.co/fFWnnYnTlG Clippers #Clippers Clippers Path to Winning NBA Title May Not Be Only a Fairy Tale for Much Longe‚Ä¶
Tue May 12 18:23:09 +0000 2015,RT @brownjenjen: ¬ª http://t.co/fFWnnYnTlG Clippers #Clippers Clippers Path to Winning NBA Title May Not Be Only a Fairy Tale for Much Longe‚Ä¶
Tue May 12 18:23:09 +0000 2015,RT @brownjenjen: ¬ª http://t.co/fFWnnYnTlG Clippers #Clippers Clippers Path to Winning NBA Title May Not Be Only a Fairy Tale for Much Longe‚Ä¶
Tue May 12 18:23:09 +0000 2015,RT @brownjenjen: ¬ª http://t.co/fFWnnYnTlG Clippers #Clippers Clippers Path to Winning NBA Title May Not Be Only a Fairy Tale for Much Longe‚Ä¶
Tue May 12 18:23:09 +0000 2015,RT @brownjenjen: ¬ª http://t.co/fFWnnYnTlG Clippers #Clippers Clippers Path to Winning NBA Title May Not Be Only a Fairy Tale for Much Longe‚Ä¶
Tue May 12 18:23:08 +0000 2015,RT @brownjenjen: ¬ª http://t.co/fFWnnYnTlG Clippers #Clippers Clippers Path to Winning NBA Title May Not Be Only a Fairy Tale for Much Longe‚Ä¶
Tue May 12 18:23:08 +0000 2015,RT @brownjenjen: ¬ª http://t.co/fFWnnYnTlG Clippers #Clippers Clippers Path to Winning NBA Title May Not Be Only a Fairy Tale for Much Longe‚Ä¶
Tue May 12 18:23:07 +0000 2015,RT @brownjenjen: ¬ª http://t.co/fFWnnYnTlG Clippers #Clippers Clippers Path to Winning NBA Title May Not Be Only a Fairy Tale for Much Longe‚Ä¶
Tue May 12 18:23:07 +0000 2015,RT @brownjenjen: ¬ª http://t.co/fFWnnYnTlG Clippers #Clippers Clippers Path to Winning NBA Title May Not Be Only a Fairy Tale for Much Longe‚Ä¶
Tue May 12 18:23:07 +0000 2015,RT @brownjenjen: ¬ª http://t.co/fFWnnYnTlG Clippers #Clippers Clippers Path to Winning NBA Title May Not Be Only a Fairy Tale for Much Longe‚Ä¶
Tue May 12 18:23:07 +0000 2015,RT @brownjenjen: ¬ª http://t.co/fFWnnYnTlG Clippers #Clippers Clippers Path to Winning NBA Title May Not Be Only a Fairy Tale for Much Longe‚Ä¶
Tue May 12 18:23:06 +0000 2015,RT @brownjenjen: ¬ª http://t.co/fFWnnYnTlG Clippers #Clippers Clippers Path to Winning NBA Title May Not Be Only a Fairy Tale for Much Longe‚Ä¶
Tue May 12 18:23:06 +0000 2015,RT @brownjenjen: ¬ª http://t.co/fFWnnYnTlG Clippers #Clippers Clippers Path to Winning NBA Title May Not Be Only a Fairy Tale for Much Longe‚Ä¶
Tue May 12 18:23:06 +0000 2015,RT @brownjenjen: ¬ª http://t.co/fFWnnYnTlG Clippers #Clippers Clippers Path to Winning NBA Title May Not Be Only a Fairy Tale for Much Longe‚Ä¶
Tue May 12 18:23:05 +0000 2015,RT @brownjenjen: ¬ª http://t.co/fFWnnYnTlG Clippers #Clippers Clippers Path to Winning NBA Title May Not Be Only a Fairy Tale for Much Longe‚Ä¶
Tue May 12 18:23:05 +0000 2015,RT @brownjenjen: ¬ª http://t.co/fFWnnYnTlG Clippers #Clippers Clippers Path to Winning NBA Title May Not Be Only a Fairy Tale for Much Longe‚Ä¶
Tue May 12 18:23:04 +0000 2015,RT @brownjenjen: ¬ª http://t.co/fFWnnYnTlG Clippers #Clippers Clippers Path to Winning NBA Title May Not Be Only a Fairy Tale for Much Longe‚Ä¶
Tue May 12 18:23:04 +0000 2015,RT @brownjenjen: ¬ª http://t.co/fFWnnYnTlG Clippers #Clippers Clippers Path to Winning NBA Title May Not Be Only a Fairy Tale for Much Longe‚Ä¶
Tue May 12 18:23:04 +0000 2015,RT @brownjenjen: ¬ª http://t.co/fFWnnYnTlG Clippers #Clippers Clippers Path to Winning NBA Title May Not Be Only a Fairy Tale for Much Longe‚Ä¶
Tue May 12 18:23:04 +0000 2015,RT @brownjenjen: ¬ª http://t.co/fFWnnYnTlG Clippers #Clippers Clippers Path to Winning NBA Title May Not Be Only a Fairy Tale for Much Longe‚Ä¶
Tue May 12 18:23:03 +0000 2015,RT @brownjenjen: ¬ª http://t.co/fFWnnYnTlG Clippers #Clippers Clippers Path to Winning NBA Title May Not Be Only a Fairy Tale for Much Longe‚Ä¶
Tue May 12 18:23:03 +0000 2015,RT @brownjenjen: ¬ª http://t.co/fFWnnYnTlG Clippers #Clippers Clippers Path to Winning NBA Title May Not Be Only a Fairy Tale for Much Longe‚Ä¶
