Tue May 12 18:49:13 +0000 2015,The Grizzlies are grinding away at Draymond Green&amp#039s confi  http://t.co/iwziWJ6AHi  #ball #grizzlies #warriors
Tue May 12 18:48:14 +0000 2015,RT @LuckysPipe: Coming to a #grindhouse near you (next season tho)... #Grizzlies http://t.co/urU2uRfrac
Tue May 12 18:46:30 +0000 2015,RT @dkurtenbach: #Grizzlies shot 35 percent at the rim Monday. When Andrew Bogut was defending at the rim they shot 11.1 percent. #Warriors
Tue May 12 18:42:37 +0000 2015,RT @asportsscribe: .@r_trinity Vs. @theversuspod: Can The #Grizzlies Find More Grit And Grind To Beat The #Warriors? http://t.co/so7kVp3gTb…
Tue May 12 18:41:02 +0000 2015,5/13/15 NBA Playoffs: #Memphis #Grizzlies vs #GoldenState #Warriors (Take: Warriors-9.5Under… https://t.co/gYTwCkpUr0
Tue May 12 18:40:09 +0000 2015,http://t.co/NvAB9WpvYy NBA Memphis Grizzlies Official Hat Adidas Flexfit Flat Brim  #Grizzlies http://t.co/lPAEpI1EVs
Tue May 12 18:38:06 +0000 2015,.@r_trinity Vs. @theversuspod: Can The #Grizzlies Find More Grit And Grind To Beat The #Warriors? http://t.co/so7kVp3gTb @theSFjournal
Tue May 12 18:30:14 +0000 2015,Grizzlies GM Chris Wallace - Memphian to the core http://t.co/leKAGKE2s3 #Grizzlies #NBA
Tue May 12 18:27:16 +0000 2015,Davis powers Pelicans to 117-98 win over Rockets - http://t.co/UCakGnCQkd #Grizzlies
Tue May 12 18:23:22 +0000 2015,Where is your heart and energy level after the #Warriors game 4 win vs the #Grizzlies last night? 888-957-9570 or 95795.
Tue May 12 18:20:22 +0000 2015,Coming to a #grindhouse near you (next season tho)... #Grizzlies http://t.co/urU2uRfrac
Tue May 12 18:16:52 +0000 2015,Photo: We came We saw We conquered. #RecRoom @TRDON #Results #Grizzlies #GNG #Memphisvserrybody... http://t.co/QpwGAZuNMP
Tue May 12 18:16:52 +0000 2015,We came We saw We conquered. #RecRoom @trdonlovesyou #Results #Grizzlies #GNG #Memphisvserrybody… https://t.co/rEgPXPHdlP
Tue May 12 18:15:46 +0000 2015,RT @NBA_Sneakers: #Grizzlies #Memphis How the Warriors' defensive matchups disrupted the Grizzlies: After two games... http://t.co/A6NcaBXk…
Tue May 12 18:13:57 +0000 2015,#NBA #Grizzlies- Memphis Grizzlies NBA Baby's First Slippers (New):  $9.99 (0 Bids)En... http://t.co/UjN0i5kSPx http://t.co/lQmogZfBKD
Tue May 12 18:13:14 +0000 2015,RT @topGrizzlies: Quick Recap :Memphis Grizzlies Fall to the Golden State Warriors 101-84 :Three Things We Learned http://t.co/dhjBcTZGGN #…
Tue May 12 18:13:08 +0000 2015,The Warriors won 101 - 84 over the Grizzlies. #warriors #grizzlies
Tue May 12 18:10:57 +0000 2015,#NBA time. Cant believe its took 32 years to find this sport! Gonna catch up on #Warriors vs #Grizzlies heard it was amazing!
Tue May 12 18:10:14 +0000 2015,Quick Recap :Memphis Grizzlies Fall to the Golden State Warriors 101-84 :Three Things We Learned http://t.co/dhjBcTZGGN #Grizzlies #NBA
Tue May 12 18:09:20 +0000 2015,#Grizzlies #Memphis How the Warriors' defensive matchups disrupted the Grizzlies: After two games... http://t.co/A6NcaBXkNE #GrizzNation
Tue May 12 18:07:52 +0000 2015,@gkketch @cbtaylor27 yesterday at the #Grizzlies game https://t.co/izX4k5EAwP
Tue May 12 18:07:31 +0000 2015,http://t.co/NvAB9WpvYy 2 Lower Bowl Aisle Golden State Warriors vs Memphis Grizzlie #Grizzlies http://t.co/JpUYatxtpO
Tue May 12 18:06:17 +0000 2015,. @kschmann and I look around the #NBAPlayoffs #Cavs #Bulls #Warroirs #Clippers #Rockets #Hawks #Wizards #Grizzlieshttps://t.co/1E00KNWxnZ
Tue May 12 18:06:15 +0000 2015,#Grizzlies Tweets: Tix on-sale for Rd 2 Gm 6 vs #Warriors @FedExForum tmrw at 12pm/ct.… http://t.co/dYmjRbztXQ #NBA http://t.co/tTkRzWlPbY
Tue May 12 18:01:27 +0000 2015,VÍDEO | Stpehen Curry nos aniquiló con 33 puntos: http://t.co/dSVx7LDck9 #Grizzlies #BelieveMemphis http://t.co/pILwXH8sQc
Tue May 12 17:58:45 +0000 2015,RT @Hooligan_nba: Stephen Curry vs. Mike Conley #Warriors #Grizzlies #PlayOffs http://t.co/h6jEejNcnw
Tue May 12 17:56:43 +0000 2015,RT @Hooligan_nba: Mike Conley #Grizzlies #PlayOffs http://t.co/7XCaAbjIxm
Tue May 12 17:55:53 +0000 2015,RT @Hooligan_nba: Marc Gasol #Grizzlies #PlayOffs http://t.co/jYVGtnASbs
Tue May 12 17:54:56 +0000 2015,RT @Hooligan_nba: Stephen Curry vs. Mike Conley #Warriors #Grizzlies #PlayOffs http://t.co/h6jEejNcnw
Tue May 12 17:53:17 +0000 2015,RT @Hooligan_nba: Mike Conley #Grizzlies #PlayOffs http://t.co/7XCaAbjIxm
Tue May 12 17:52:14 +0000 2015,Nash probably will be held in reserve for Lakers - http://t.co/ol3l5K3UwO #Grizzlies
Tue May 12 17:47:08 +0000 2015,Marc Gasol #Grizzlies #PlayOffs http://t.co/jYVGtnASbs
Tue May 12 17:46:22 +0000 2015,Mike Conley #Grizzlies #PlayOffs http://t.co/7XCaAbjIxm
Tue May 12 17:44:43 +0000 2015,Stephen Curry vs. Mike Conley #Warriors #Grizzlies #PlayOffs http://t.co/h6jEejNcnw
Tue May 12 17:44:28 +0000 2015,RT @dyonba: #NBA| Un Curry estelar empata la serie y devuelve la sonrisa a los ... http://t.co/4sFLhlwV8M #Warriors #Grizzlies http://t.co/…
Tue May 12 17:42:13 +0000 2015,The Grizzlies are grinding away at Draymond Green&amp#039s confi  http://t.co/iwziWJ6AHi  #ball #grizzlies #warriors
Tue May 12 17:41:06 +0000 2015,RT @COASTtoCASCADES: Hoping for a packed house for #grizzlies again tonight: http://t.co/QTw7QbDVZk http://t.co/tQwtee7Brp
Tue May 12 17:40:21 +0000 2015,RT @Ovaciondigital: #NBA | Las series #Wizards - #Hawks y #Warriors - #Grizzlies quedaron 2-2.VIDEO►http://t.co/UcxG2oo16W◄ http://t.co/N…
Tue May 12 17:40:20 +0000 2015,RT @dyonba: #NBA| Un Curry estelar empata la serie y devuelve la sonrisa a los ... http://t.co/4sFLhlwV8M #Warriors #Grizzlies http://t.co/…
Tue May 12 17:40:06 +0000 2015,RT @dyonba: #NBA| Un Curry estelar empata la serie y devuelve la sonrisa a los ... http://t.co/4sFLhlwV8M #Warriors #Grizzlies http://t.co/…
Tue May 12 17:35:16 +0000 2015,RT @dyonba: #NBA| Un Curry estelar empata la serie y devuelve la sonrisa a los ... http://t.co/4sFLhlwV8M #Warriors #Grizzlies http://t.co/…
Tue May 12 17:33:38 +0000 2015,#NBA| Un Curry estelar empata la serie y devuelve la sonrisa a los ... http://t.co/4sFLhlwV8M #Warriors #Grizzlies http://t.co/uSNN9YJvC0
Tue May 12 17:30:34 +0000 2015,RT @COASTtoCASCADES: Hoping for a packed house for #grizzlies again tonight: http://t.co/QTw7QbDVZk http://t.co/tQwtee7Brp
Tue May 12 17:24:39 +0000 2015,@NBA  * #Hawks 106 101 #Wizards * #Warriors 101 87 #Grizzlies EMPATAN SUS RESPECTIVAS SERIES A 2 *
Tue May 12 17:20:28 +0000 2015,Heading home from #Memphis. Looking forward to game 5 between #Dubs and #Grizzlies at Oracle. #dubson7 @abc7newsBayArea
Tue May 12 17:17:34 +0000 2015,TIX http://t.co/tebk7rKDq8 2 Lower Bowl Aisle Golden State Warriors vs Memphis #Grizzlies… http://t.co/HpoReafkuW #Ticket #BasketBall
Tue May 12 17:17:17 +0000 2015,RT @memgrizz: #Grizzlies fall to the #Warriors 84-101. The Series is now tied at 2 apiece. #Grizzlies shoot 38% from the field. http://t.c…
Tue May 12 17:17:12 +0000 2015,Recap :Oklahoma City vs. Memphis - http://t.co/SXcvzXvH6b #Grizzlies
Tue May 12 17:15:05 +0000 2015,#NBA | Las series #Wizards - #Hawks y #Warriors - #Grizzlies quedaron 2-2.VIDEO►http://t.co/UcxG2oo16W◄ http://t.co/NBwExraOat
Tue May 12 17:14:24 +0000 2015,Steph Curry is so good even #Grizzlies fans are high-fiving him! WATCH: https://t.co/wI4hFLRW9Y @FrankDangelo23
Tue May 12 17:13:41 +0000 2015,RT @957thegame: What was last night about for the #Warriors vs the #Grizzlies? 888-957-9750 or 95795.
Tue May 12 17:13:17 +0000 2015,RT @canalspace: MAÑANA 10:30PM ET en VIVO por la #NBAenSPACE: #GRIZZLIES vs #WARRIORS https://t.co/lwH5KpQSeL Más videos #NBA en http://t…
Tue May 12 17:12:58 +0000 2015,@NBCSports are they serious I mean he gets the team to the playoffs and they fire him! Why so quick to fire the black coach #Grizzlies did
Tue May 12 17:12:55 +0000 2015,http://t.co/EEkB0NdMH9: Evan Fournier Spins &ampamp Hits... http://t.co/Eq5aTeAVcI #evan #fournier #grizzlies #hits #january #nuggets #spins
Tue May 12 17:09:26 +0000 2015,What was last night about for the #Warriors vs the #Grizzlies? 888-957-9750 or 95795.
Tue May 12 17:08:11 +0000 2015,#memphisgrizzlies #memphis #grizzlies Report Card: Grizzlies vs. Warriors Game 4 http://t.co/RyYOKfIm1E
Tue May 12 17:04:25 +0000 2015,http://t.co/NvAB9WpvYy [SB Nation: Grizzly Bear Blues] - Report Card: Grizzlies vs. #Grizzlies http://t.co/G8pD48HT85
Tue May 12 17:02:07 +0000 2015,TIX http://t.co/tebk7rKDq8 1-6 TIX NBA Western Conference Semifinals : Memphis #Grizzlies vs… http://t.co/skh47E2sM8 #Ticket #BasketBall
Tue May 12 17:01:11 +0000 2015,Warriors se reabilitam no Tennessee e empatam série com Grizzlies http://t.co/zq4Tkew98K #Vooz #NBA #Warriors #Grizzlies
Tue May 12 16:59:03 +0000 2015,#Haberkauff 10a-12 as they recap the #Warriors 101-84 win over the #Grizzlies at 10:30 with Amin Elhassan. Tune in!
Tue May 12 16:56:28 +0000 2015,Report Card: Grizzlies vs. Warriors Game 4 #Grizzlies #MemphisGrizzlies http://t.co/BRlkxxa2bo http://t.co/RovZJnuel0
Tue May 12 16:51:52 +0000 2015,#NBA #Grizzlies- Memphis Grizzlies Navy XL Mitchell &amp Ness Hustle Play Henley Shirt:  $... http://t.co/zMS2b9jcIv http://t.co/lQmogZfBKD
Tue May 12 16:51:52 +0000 2015,#NBA #Grizzlies - Memphis Grizzlies Navy XL Mitchell &amp Ness Hustle Play Henley Shirt:  ... http://t.co/AWq4WI5rSL http://t.co/k33Sm3HFUt
Tue May 12 16:50:10 +0000 2015,Prospect Profile :Devin Booker http://t.co/6bXIfa1GPQ #Grizzlies #NBA
Tue May 12 16:49:54 +0000 2015,RT @BryanFenley: #Vols football coach Butch Jones sitting in the first row of tonight's #Grizzlies game http://t.co/fz3guPZcFn
Tue May 12 16:49:42 +0000 2015,RT @BryanFenley: #NBA great Penny Hardaway chatting with #Vols basketball coach Rick Barnes before tonight's #Grizzlies game http://t.co/5h…
Tue May 12 16:49:23 +0000 2015,RT @BryanFenley: #NBA great Penny Hardaway chatting with #Vols basketball coach Rick Barnes before tonight's #Grizzlies game http://t.co/5h…
Tue May 12 16:49:20 +0000 2015,Golden State ties their series at 2-2 rout Grizzlies 101-  http://t.co/ncuXyB8Ad6  #coach #goldenstate #grizzlies
Tue May 12 16:49:20 +0000 2015,How the #Warriors' #defensive matchups disrupted the #Grizzlies - http://t.co/gypmDj3kbd via http://t.co/ilSy2VddxQ
Tue May 12 16:47:10 +0000 2015,Curry si fue MVP y Warriors arrollan a #Grizzlies igualando la serie. #NBAPlayoffs http://t.co/C0yN4kni6u http://t.co/4b9RquYkkr
Tue May 12 16:46:54 +0000 2015,Los @warriors consiguen igualar la serie frente a los #Grizzlies con la guía del #MVP Stephen Curry 101-84. http://t.co/zvGdvY4Z7N
Tue May 12 16:46:12 +0000 2015,Curry si fue MVP y Warriors arrollan a #Grizzlies igualando la serie. #NBAPlayoffs http://t.co/C0yN4kni6u
Tue May 12 16:45:36 +0000 2015,TIX http://t.co/tebk7rKDq8 1-4 TIX NBA Western Conference Semifinals : Memphis #Grizzlies vs… http://t.co/hBspgKvXI0 #Ticket #BasketBall
Tue May 12 16:44:55 +0000 2015,Grizzlies-Warriors series tied 2-2. I wonder if Memphis blew its chance for monumental upset. #Grizzlies
Tue May 12 16:44:02 +0000 2015,Game day tonight at 6 make sure you come and support your #Grizzlies at GGC.
Tue May 12 16:42:32 +0000 2015,Watch a #Memphis fan do a million backflips during the #Grizzlies-Warriors game | For The Win http://t.co/3iEsCZLE1V
Tue May 12 16:42:09 +0000 2015,Lakers / Heat Stoke NBA '12-13 - http://t.co/PV6tIx2Uk2 #Grizzlies
Tue May 12 16:39:02 +0000 2015,RT @canalspace: MAÑANA 10:30PM ET en VIVO por la #NBAenSPACE: #GRIZZLIES vs #WARRIORS https://t.co/lwH5KpQSeL Más videos #NBA en http://t…
Tue May 12 16:37:08 +0000 2015,#grizzlies #memphisgrizzlies 5 Free Agents the Memphis Grizzlies Should Target In 2015 Offseason http://t.co/8mjQwQfLyc
Tue May 12 16:37:07 +0000 2015,#memphis #grizzlies Morning Buzz: Warriors 'defend' Allen perfectly http://t.co/sMRgnfxPNW
Tue May 12 16:35:18 +0000 2015,The Grizzlies are grinding away at Draymond Green&amp#039s confi  http://t.co/iwziWJ6AHi  #ball #grizzlies #warriors
Tue May 12 16:32:11 +0000 2015,#Grizzlies First time in Memphis - where to stay? http://t.co/EN0mQMHRuW
Tue May 12 16:31:50 +0000 2015,#StephenCurry back to MVP form as #Warriors blast #Grizzlies to tie series http://t.co/juR2Jy3tad via @usatoday #NBAPlayoffs
Tue May 12 16:30:09 +0000 2015,RT @GNGrind: CRÓNICA | Stephen Curry volvió a ser MVP @SomosRunandDub: http://t.co/MOEQr9g1yl #Grizzlies #BelieveMemphis http://t.co/4yn6QU…
Tue May 12 16:30:09 +0000 2015,Atlantic Notes :Love Celtics Nets D-Will http://t.co/HIHAR3dQKc #Grizzlies #NBA
Tue May 12 16:30:06 +0000 2015,Defensive #change #rattles #Grizzlies #in #Warriors #10184 #win #Golden #State #Warriors… http://t.co/CMGRiMzyo4… http://t.co/v5aG4Tw2ny
Tue May 12 16:30:06 +0000 2015,TIX http://t.co/tebk7rKDq8 2 TIX NBA Western Conference Semifinals : Memphis #Grizzlies vs GS… http://t.co/pWZemVFlmv #Ticket #BasketBall
Tue May 12 16:29:16 +0000 2015,#Grizzlies Tweets: . @aa000G9 and @MarcGasol Board #AirGrizz to head to California for Game 5 vs the #Warriors… #NBA http://t.co/tTkRzWlPbY
Tue May 12 16:28:55 +0000 2015,#NBA Shootaround: Reports of My Death Are Greatly Exaggerated http://t.co/IWTXbkNCBU #Warriors #Hawks #Grizzlies #Wizards #NBAPlayoffs
Tue May 12 16:27:08 +0000 2015,RT @COASTtoCASCADES: #FirstNations to protect #grizzlies of SW BC: http://t.co/U9HyRDq5GH @VanObserver @VancouverSun @CKNW http://t.co/rknG…
Tue May 12 16:26:35 +0000 2015,RT @COASTtoCASCADES: Hoping for a packed house for #grizzlies again tonight: http://t.co/QTw7QbDVZk http://t.co/tQwtee7Brp
Tue May 12 16:26:04 +0000 2015,RT @COASTtoCASCADES: #FirstNations to protect #grizzlies of SW BC: http://t.co/U9HyRDq5GH @VanObserver @VancouverSun @CKNW http://t.co/rknG…
Tue May 12 16:23:16 +0000 2015,RT @NationofJake: Nice product placement for @stricklandmayor. #Grizzlies cc: @kyleveazey @ryanpoe @FlinnShady http://t.co/oBQDHvBM0c
Tue May 12 16:22:00 +0000 2015,RT @canalspace: MAÑANA 10:30PM ET en VIVO por la #NBAenSPACE: #GRIZZLIES vs #WARRIORS https://t.co/lwH5KpQSeL Más videos #NBA en http://t…
Tue May 12 16:21:17 +0000 2015,Warriors tie their semifinal at 2-2 rout Grizzlies 101-84   http://t.co/dTwmA6LTSc  #goldenstate #grizzlies
Tue May 12 16:20:52 +0000 2015,Hoping for a packed house for #grizzlies again tonight: http://t.co/QTw7QbDVZk http://t.co/tQwtee7Brp
Tue May 12 16:19:22 +0000 2015,#Grizzlies Tweets: Guarantee your playoff seats w/ 2015-2016 Season Tix w/ just 30%… http://t.co/keB3v5UeMP #NBA http://t.co/tTkRzWlPbY
Tue May 12 16:18:42 +0000 2015,RT @canalspace: MAÑANA 10:30PM ET en VIVO por la #NBAenSPACE: #GRIZZLIES vs #WARRIORS https://t.co/lwH5KpQSeL Más videos #NBA en http://t…
Tue May 12 16:18:24 +0000 2015,Stephen #Curry Is So Good He Got A High-Five From A #Grizzlies Fan Last Night: When you’re… http://t.co/zJVdnAdeQ9
Tue May 12 16:15:59 +0000 2015,Chealsea on Twitter: Defensive #change #rattles #Grizzlies #in #Warriors #10184 #win… http://t.co/nOwdLA5fRT
