Tue May 12 18:09:56 +0000 2015,RT @warriorsviews: #gswarriors #goldenstate #wearewarriors Defensive woes plaguing Hawks Warriors http://t.co/AwEKxWmuzk
Tue May 12 18:02:46 +0000 2015,#GSWarriors Big Man Andrew Bogut had X-rays taken on his ribs following last night's win apparently okay but probably sore. @24_7_News.
Tue May 12 17:59:46 +0000 2015,Pacific Gas and Electric Company is on a tear like the #gswarriors! Check out our Supervisor Pub...http://t.co/DsBtBZnxHc #job
Tue May 12 17:56:01 +0000 2015,Artikkel om NBAs MVP @StephenCurry30 http://t.co/yfKbDwQ1YL@warriors @NRK_Sport @TV2Sport #2nba #NBANOR #GSWarriors spre gjerne budskapet
Tue May 12 17:41:11 +0000 2015,#gswarriors #goldenstate #wearewarriors Defensive woes plaguing Hawks Warriors http://t.co/AwEKxWmuzk
Tue May 12 17:38:03 +0000 2015,RT @warriorsviews: #gswarriors #goldenstate #warriors Playoff Barnes &amp Steph Curry Shine in Crucial Game 4 Win http://t.co/UT9agxxtKT
Tue May 12 17:37:21 +0000 2015,#gswarriors #goldenstate #warriors Playoff Barnes &amp Steph Curry Shine in Crucial Game 4 Win http://t.co/UT9agxxtKT
Tue May 12 17:34:21 +0000 2015,#GSWarriors swag? Tony's is now Charley's 400 block #SanBruno Ave at Easton (2 bl east of ECR) #StrengthInNumbers
Tue May 12 17:31:39 +0000 2015,#MVP #gswarriors #StephCurry http://t.co/NaCi3irUa2
Tue May 12 17:25:49 +0000 2015,@Money23Green is a monster! Love watching him play. #SpartansWill #NBAPlayoffs #GSWarriors
Tue May 12 17:08:11 +0000 2015,#gswarriors #goldenstate #wearewarriors Pelicans fire coach Williams after 5 seasons http://t.co/ZqjRJH5CAW
Tue May 12 17:08:11 +0000 2015,#goldenstatewarriors #gswarriors Here are the 76ers' new logos featuring Dribbling Ben Franklin (Ball Don't L.. http://t.co/r4OcafA4x2
Tue May 12 16:37:07 +0000 2015,#gswarriors #goldenstate #wearewarriors Warriors matchups disrupt Grizzlies http://t.co/Qrbw5e8dA4
Tue May 12 16:08:10 +0000 2015,#gswarriors #goldenstate #warriors Warriors vs. Grizzlies Game 4: Steve Kerr's success in coaching Stephen Curry http://t.co/LCBoWjpEQw
Tue May 12 15:56:48 +0000 2015,Warriors Perform Like Champs Against Grizzlies #GSWarriors #WarriorsNation http://t.co/KBlffms6Fz http://t.co/5Qec0616Pg
Tue May 12 15:37:04 +0000 2015,#gswarriors #goldenstate #warriors Bulls Interested In Alvin Gentry http://t.co/eEEtTS8c47
Tue May 12 15:21:36 +0000 2015,Decidedly different emotion coming off court tonight. #gswarriors #KTVU http://t.co/75MPQBbGJ5 http://t.co/R32948sbBu
Tue May 12 14:58:54 +0000 2015,I love the Splash Brothers #DubNation #gswarriors
Tue May 12 14:57:43 +0000 2015,Nice to see you back on TV talking @warriors @SteinmetzNBA #morningson2 #gswarriors
Tue May 12 14:55:29 +0000 2015,Let's go üåâ !! #GSWarriors #NBAPlayoffs
Tue May 12 14:35:09 +0000 2015,RT @StanfordVoice: Decidedly different emotion coming off court tonight. #gswarriors #KTVU http://t.co/2QKgSTRWhr
Tue May 12 14:30:12 +0000 2015,RT @StanfordVoice: Decidedly different emotion coming off court tonight. #gswarriors #KTVU http://t.co/2QKgSTRWhr
Tue May 12 14:02:11 +0000 2015,RT @StanfordVoice: Decidedly different emotion coming off court tonight. #gswarriors #KTVU http://t.co/2QKgSTRWhr
Tue May 12 13:29:51 +0000 2015,RT @warriorsviews: #goldenstatewarriors #gswarriors Watch Stephen Curry look like MVP drop 33 on Grizzlies in win http://t.co/9He5aXuaES
Tue May 12 12:17:08 +0000 2015,@StephenCurry30 I see you!!! What a MVP PERFORMANCE last night. Home court advantage back with #GSWarriors #GSWvsMEM
Tue May 12 12:08:06 +0000 2015,#goldenstatewarriors #gswarriors Watch Stephen Curry look like MVP drop 33 on Grizzlies in win http://t.co/9He5aXuaES
Tue May 12 10:34:19 +0000 2015,RT @WarriorsSocial: Great win Dubs. #DubNation #GSWarriors #GSWHoops #NBAPlayoffs http://t.co/uzVwRyoGBc http://t.co/qc3jcPG6ju
Tue May 12 10:33:04 +0000 2015,Great win Dubs. #DubNation #GSWarriors #GSWHoops #NBAPlayoffs http://t.co/uzVwRyoGBc http://t.co/qc3jcPG6ju
Tue May 12 09:07:04 +0000 2015,#goldenstatewarriors #gswarriors Steve Kerr delivered Steph Curry a message before Game 4: Stop trying to do i.. http://t.co/AKpfYUOmQS
Tue May 12 07:36:05 +0000 2015,#gswarriors #goldenstate #wearewarriors Defensive adjustment tenacity spark Warriors' return to form http://t.co/S6fM47RKAa
Tue May 12 07:07:26 +0000 2015,#gswarriors #goldenstate #wearewarriors Reality setting in for Grizzlies and Warriors http://t.co/ziOK563l4e
Tue May 12 06:39:05 +0000 2015,RT @lakeju1: #SplashBrothers #GSWarriors http://t.co/Q2PMqS8Au5
Tue May 12 06:08:04 +0000 2015,#goldenstatewarriors #gswarriors Golden State Warriors Have Found Their Groove Again Tie Series With Memphis .. http://t.co/jhb8ztkBOS
Tue May 12 06:07:11 +0000 2015,#goldenstatewarriors #gswarriors Warriors return to elite form in Game 4 blowout tie Grizzlies at 2-2 (Ball D.. http://t.co/SArI6KuH4Z
Tue May 12 05:59:46 +0000 2015,Pacific Gas and Electric Company is on a tear like the #gswarriors! Check out our Supervisor Pub...http://t.co/eDkWWPN10E #job
Tue May 12 05:56:18 +0000 2015,Stephen Curry's MVP Performance Gets Warriors Back... #GSWarriors #WarriorsNation http://t.co/52Akz73DGS http://t.co/JIA5Kxp8vc
Tue May 12 05:39:02 +0000 2015,We lucked out with Bogut. Never held my breath reading a tweet before I read Woj's tweet. #gswarriors
Tue May 12 05:37:04 +0000 2015,#gswarriors #goldenstate #wearewarriors Warriors Curry get things righted on offense and defense http://t.co/xGx4l0KkuV
Tue May 12 05:26:15 +0000 2015,Warriors Curry get things righted on offense and... #GSWarriors #WarriorsNation http://t.co/meM7aquBVz http://t.co/sjgRFRU7Rg
Tue May 12 05:12:33 +0000 2015,#gswarriors #goldenstate #warriors Game Links #R2G4: Golden State Warriors 101 @ Memphis Grizzlies 84 - Warrio.. http://t.co/a3dymF63Q3
Tue May 12 05:09:44 +0000 2015,RT @warriorsviews: #gswarriors #goldenstate #warriors Warriors play like themselves win Game 4 101-84 http://t.co/82kSTieiez
Tue May 12 05:08:03 +0000 2015,#goldenstatewarriors #gswarriors Warriors Rout the Grizzlies to Tie Their Series http://t.co/dGawg6T87r
Tue May 12 05:08:03 +0000 2015,#gswarriors #goldenstate #warriors Warriors play like themselves win Game 4 101-84 http://t.co/82kSTieiez
Tue May 12 05:04:31 +0000 2015,Game 1: GSW 13 threes MEM 3 Game 4: GSW 14 threes MEM 4.  Make threes win games.  #gswarriors
Tue May 12 04:51:16 +0000 2015,Warriors Even Series With Game 4 Victory #GSWarriors #WarriorsNation http://t.co/08fmDqpiX2 http://t.co/gL9s1PztyB
Tue May 12 04:45:31 +0000 2015,Draymond: Getting booed in an NBA arena it's like ooh I've arrived now.  It's fun.  #gswarriors #KTVU
Tue May 12 04:41:32 +0000 2015,Curry: we set the tone the first quarter and didn't take our foot off the gas the rest of the way. #gswarriors #KTVU
Tue May 12 04:41:06 +0000 2015,–≠–Ω—ç –∂–∏–ª –¥–æ–≤—Ç–æ–ª–≥–æ–æ–Ω–∏–π –±–∞–≥ —é—É —Ö–∏–π–∂ —á–∞–¥–¥–∞–≥—ã–≥ —Ö–∞—Ä—É—É–ª–∞–∞–¥ –µ–≥–µ–µ—Å–µ–π #GSWarriors #SteveKerr #NBAPlayoffs
Tue May 12 04:37:49 +0000 2015,Grizzlies winter is coming... #GSWarriors #StrengthInNumbers http://t.co/g0gXV3ruDH
Tue May 12 04:37:08 +0000 2015,#gswarriors #goldenstate #warriors Post game swarm: Defending the paint like a swarm of bees http://t.co/3lhll3dqg3
Tue May 12 04:37:08 +0000 2015,#goldenstatewarriors #gswarriors Warriors answer critics with Game 4 win over Grizzlies http://t.co/d1WsJ3yBn7
Tue May 12 04:37:08 +0000 2015,#goldenstatewarriors #gswarriors Golden State ties their series at 2-2 rout Grizzlies 101-84 (The Associated .. http://t.co/QS0QXSO7tF
Tue May 12 04:31:55 +0000 2015,We got our legs back... BALL!! #GSWARRIORS #DubUpOrShutUp https://t.co/Dq05cXDWnm
Tue May 12 04:31:31 +0000 2015,Warriors vs. Grizzlies Game 4 NBA Playoffs 2... #GoldenStateWarriors #GSWarriors http://t.co/ZRz8UcX0dd http://t.co/DhQIq2Iijq
Tue May 12 04:30:20 +0000 2015,This post for all the haters!!#DubNation #GSWarriors http://t.co/n4EKE8IZFR
Tue May 12 04:30:07 +0000 2015,Dear @warriors please play like this every night. #DubNation #GSWarriors #NBAPlayoffs
Tue May 12 04:28:08 +0000 2015,RT @OaklandtoAZ: Big win in #Memphis tonite.. #gswarriors #dubnation back to #warriorsground #oraclearena https://t.co/WXW8pARPdW
Tue May 12 04:28:06 +0000 2015,#GSWarriors finally looking like the top seed!!!! Good job Dubs!!!! #DubNation #GSW #WarriorNation
Tue May 12 04:25:54 +0000 2015,Big win in #Memphis tonite.. #gswarriors #dubnation back to #warriorsground #oraclearena https://t.co/WXW8pARPdW
Tue May 12 04:25:54 +0000 2015,Why is Charles Barkley hating the #GSWarriors so much???!!!
Tue May 12 04:22:37 +0000 2015,#Repost @warriors„Éª„Éª„ÉªDubs take Game 4 series tied 2-2. #StrengthInNumbers#gdubsallday #gswarriors‚Ä¶ https://t.co/z55XU0DFnd
Tue May 12 04:20:35 +0000 2015,@StephenCurry30 leads #GSWarriors to win at The Grindhouse. Details at :15 and :45 on @kcbsnews. #nbaplayoffs http://t.co/wSdyBpx5uX
Tue May 12 04:19:10 +0000 2015,#DubNation #gswarriors #Warriorstalk #nbaontnt #nbaespn #nba knbrmurph @KNBR @katetscott‚Ä¶ https://t.co/Lma9BKBRXa
Tue May 12 04:17:33 +0000 2015,Thank you @warriors for the great gift for my 30th Birthday! #GSWarriors #DubsUp #WeAreWarriors‚Ä¶ https://t.co/s4vovHIZLc
Tue May 12 04:17:24 +0000 2015,#SplashBrothers #GSWarriors http://t.co/Q2PMqS8Au5
Tue May 12 04:17:12 +0000 2015,If i was forced to watch that Game 3 performance from #GSWarriors you better believe i'm ready to go for Game 4.
Tue May 12 04:16:54 +0000 2015,so nice to see steph smile after this win #GSWarriors http://t.co/etgBYlgj2c
Tue May 12 04:16:00 +0000 2015,RT @JimmyJavier: Great win Dubs. #DubNation #GSWarriors #GSWHoops #NBAPlayoffs http://t.co/E9TUUsM9pw
Tue May 12 04:15:50 +0000 2015,Curry need a bathroom break because he was MVPEEING ALL OVER THE COURT ‚ÄºÔ∏èüòÜüëèüëèüí™ #GSWarriors #StephCurry http://t.co/TTk27qY34p
Tue May 12 04:15:23 +0000 2015,Nice adjustments by @SteveKerr rebound game by @StephenCurry30 &amp @SFWarriorNation 2nite! Way to fight #GSWarriors. #StephCurry had the üéØ!
Tue May 12 04:13:59 +0000 2015,Panalo Golden State! Go for Game 5 üòÄüëåüòâ #GSWarriors
Tue May 12 04:12:20 +0000 2015,Well glad Curry the MVP is back! HUGE win for the #DubNation! 10 more to get!!!! #GSWarriors #NBAPlayoffs http://t.co/75Ov4S4D9V
Tue May 12 04:11:33 +0000 2015,Golden State Warriors Beat Grizzlies Decisivel... #GoldenStateWarriors #GSWarriors http://t.co/ye3sPjcU5H http://t.co/W2syo9pOYB
Tue May 12 04:11:25 +0000 2015,Stephen Curry gets rim-checked finishes dunk anywa... #GSWarriors #WarriorsNation http://t.co/reIOw62ZCh http://t.co/oL20wW2rcs
Tue May 12 04:11:07 +0000 2015,Back to #Roaracle #GSWarriors #StrengthInNumbers #SplashAway
Tue May 12 04:11:03 +0000 2015,Whoohoo! #goldenstatewarriors! game 5 is on!  Let go #warriors! #greatGame #GSWarriors https://t.co/RqH0JzKtqT
Tue May 12 04:10:49 +0000 2015,#Warriors win in Memphis now tied 2-2 now coming back home! Great series! #DubNation #gsw #GSWarriors #StephCurry http://t.co/qPeIWye3Uy
Tue May 12 04:10:23 +0000 2015,Nice work #GSWarriors Now let's keep it going at home!!
Tue May 12 04:09:59 +0000 2015,RT @StanfordVoice: Decidedly different emotion coming off court tonight. #gswarriors #KTVU http://t.co/2QKgSTRWhr
Tue May 12 04:09:28 +0000 2015,RT @JimmyJavier: Great win Dubs. #DubNation #GSWarriors #GSWHoops #NBAPlayoffs http://t.co/E9TUUsM9pw
Tue May 12 04:08:06 +0000 2015,#gswarriors #goldenstate #warriors Instant Recap: Warriors Dominate Grizzlies in 101-84 Win http://t.co/C5jbEA0KMq
Tue May 12 04:08:06 +0000 2015,#goldenstatewarriors #gswarriors Stephen Curry gets rim-checked finishes dunk anyway (VIDEO) http://t.co/Bgb5I45lmW
Tue May 12 04:07:28 +0000 2015,RT @JimmyJavier: Great win Dubs. #DubNation #GSWarriors #GSWHoops #NBAPlayoffs http://t.co/E9TUUsM9pw
Tue May 12 04:07:01 +0000 2015,Curry got us to 2-2 and heading back home to Roaracle.  That's HELLA cool.  Haha yeah I said it.  #yayarea #GSWarriors
Tue May 12 04:06:23 +0000 2015,#gswarriors won.  And I don‚Äôt think they actually played especially well.  That‚Äôs a good sign. #nbaplayoffs
Tue May 12 04:06:19 +0000 2015,RT @StanfordVoice: Decidedly different emotion coming off court tonight. #gswarriors #KTVU http://t.co/2QKgSTRWhr
Tue May 12 04:06:09 +0000 2015,WARRIORS!!!!!! #DubNation #StrengthInNumbers #GSW #GSWarriors @warriors
Tue May 12 04:06:06 +0000 2015,RT @StanfordVoice: Decidedly different emotion coming off court tonight. #gswarriors #KTVU http://t.co/2QKgSTRWhr
Tue May 12 04:05:59 +0000 2015,WOOOO!! Breaking the losing streak! Steph with 33 points! Keep it up boys üòä #GSWarriors #GoWarriors
Tue May 12 04:05:42 +0000 2015,Series tied 2-2üí™ #ChefCurry #GSWarriors
Tue May 12 04:05:32 +0000 2015,Way better game! It's a 3 game series now. Get it done! #GSWarriors #NBAPlayoffs #NBA  https://t.co/bDgoD3A6ye
Tue May 12 04:05:23 +0000 2015,Huge win. Home court advantage back to Golden state #GSWarriors
Tue May 12 04:05:18 +0000 2015,Decidedly different emotion coming off court tonight. #gswarriors #KTVU http://t.co/2QKgSTRWhr
Tue May 12 04:05:15 +0000 2015,Finally! #GSWarriors
Tue May 12 04:05:11 +0000 2015,Great win Dubs. #DubNation #GSWarriors #GSWHoops #NBAPlayoffs http://t.co/E9TUUsM9pw
Tue May 12 04:04:50 +0000 2015,Thats a wrap #GSWarriors series tied at 2-2
Tue May 12 04:04:42 +0000 2015,Blah blah blah blah blah blah blah blah #GSWarriors ya bitch!
Tue May 12 04:04:38 +0000 2015,And just like that...the series is tied #noharmnofowl #thefowlteam #gsw #goldenstatewarriors #gswarriors... http://t.co/dpSyou1RhM
Tue May 12 04:04:37 +0000 2015,GSW !!!!!#GSWarriors #GSWNation
Tue May 12 04:04:16 +0000 2015,GSW WIN ! #GSWarriors #NBAPlayOffs
