Tue May 12 18:52:40 +0000 2015,#Hawks have 8 players on their current Roster with their name on the Stanley Cup TWICE they have 14 players at least once. #Experience
Tue May 12 18:52:37 +0000 2015,RT @lakesidehawks: congatulations to @_leahstevens named the 2015 Rudy J Ellis Kentucky HS athlete of the year!  We're so proud!  #hawks #b‚Ä¶
Tue May 12 18:50:43 +0000 2015,RT @thegoldenmuzzy: Pretty stoked to announce that @CMPunk will guest on Face Off tomorrow night at 710 PM EST with myself and @tylermadara‚Ä¶
Tue May 12 18:50:37 +0000 2015,#Sports #Basketball VINTAGE NBA ACTION PHOTO'S ATLANTA #Hawks #21 DOMONIQUE WILKINS 8X10 http://t.co/qWUir33K13 #Bestseller #Buy
Tue May 12 18:50:10 +0000 2015,#NBA #AtlantaHawks VINTAGE NBA ACTION PHOTO'S ATLANTA HAWKS #21 DOMONIQUE WILKINS 8X10 http://t.co/r6sm8eRqtF #Hawks #Sports
Tue May 12 18:50:09 +0000 2015,L NBA #AtlantaHawks ATLANTA HAWKS~BUDWEISER~BUD LIGHT BEER~BANNER hanging sign NBA BASKETBALL rare #Hawks #Sports http://t.co/FR4Ro440f1
Tue May 12 18:45:45 +0000 2015,@RealMattlanta @FrontOfficeLos Im pretty sure I just heard these guys on ESPN 980 in DC call Coach Bud a clown. No respect 4 the #Hawks.
Tue May 12 18:45:07 +0000 2015,L B #Sports #Basketball NIKE SEWN ATLANTA #Hawks 1974 THROWBACK NBA SHOOT AROUND WARMUP JACKET MEN'S‚Ä¶ #Bestseller‚Ä¶ http://t.co/Hh6fnOeckQ
Tue May 12 18:44:19 +0000 2015,Found these on TSN. D4? #ducks #Hawks http://t.co/PKPtqLMLWX
Tue May 12 18:43:42 +0000 2015,5/13/15 NBA Playoffs: #Washington #Wizards vs #Atlanta #Hawks (Take: Hawks -8.5Over 200)(THIS IS‚Ä¶ https://t.co/szxjrrrCeg
Tue May 12 18:43:34 +0000 2015,@Teco_Raww That was my reaction when Pierce hit that bank shot.  Go #Hawks
Tue May 12 18:40:20 +0000 2015,#Health #Solution Simple Weight Loss Techniques http://t.co/pg5glFjoWH #Hawks #Fitness
Tue May 12 18:40:06 +0000 2015,http://t.co/b0Od0fW8od Atlanta Hawks Retro Snapback vintage bulls raiders knicks lak #Hawks http://t.co/Fw3RhXLvaV
Tue May 12 18:35:10 +0000 2015,#Sports #Basketball RUSSELL ATHLETIC ATLANTA #Hawks #23 L STITCHED JERSEY NEW WITH TAGS http://t.co/KkCmWkNgfy #Bestseller #Buy
Tue May 12 18:33:30 +0000 2015,If you can't react You are Fake.#hawks #picnicriders #midlifecrisis
Tue May 12 18:30:49 +0000 2015,RT @SleepytheJoker: I love my #HAWKS but this @Sixers new logo is so fresh http://t.co/TwCAJ6EHFs
Tue May 12 18:30:29 +0000 2015,Jeff Teague orchestrated #Hawks to a big win last night over #Wizards. The best recap in the world can be read here: http://t.co/rUrUvlUOik
Tue May 12 18:29:35 +0000 2015,TIX http://t.co/MY3Vif2208 L D Atlanta #Hawks Vs Washington Wizards: Eastern Conf: *LOWER LEVEL:Game 5:‚Ä¶ http://t.co/iDzfhlOMo4 NBA‚Ä¶
Tue May 12 18:27:33 +0000 2015,Red Shouldered Hawk in flight at HoleyLand Wildlife .. http://t.co/mQOyIyw3d6 #birds #hawks #raptors #red #shouldered #hawk
Tue May 12 18:24:39 +0000 2015,#Health #Solution Bouncing Back Into a Healthy Routine After Christmas http://t.co/KkqwGL2Ej0 #Hawks #Fitness
Tue May 12 18:21:45 +0000 2015,RT @ChatHawks: Atlanta Hawks' Success Is About So Much More Than Their Offense http://t.co/Ap38A4TAyb @chatsports #Hawks #NBA
Tue May 12 18:20:03 +0000 2015,#Hawks DeMarre Carroll (hip) is expected to play in Game 5 against the Wizards on Wednesday.  http://t.co/ojOABVyels
Tue May 12 18:18:33 +0000 2015,#atlantahawks #ATLHawks #Hawks #atlanta The Fooled Monty http://t.co/rc9GMaxkAN
Tue May 12 18:17:16 +0000 2015,#Sports #Basketball Atlanta #Hawks Multi-Color Pennant NBA Basketball Old School Eastern Conference http://t.co/aTJ9OvwvVc #Bestseller #Buy
Tue May 12 18:17:14 +0000 2015,#NBA #AtlantaHawks Atlanta Hawks Joe Johnson Adidas Home Jersey NBA Authentic Stitched Size 44 http://t.co/BPrAYZd0cS #Hawks #Sports
Tue May 12 18:17:13 +0000 2015,L NBA #AtlantaHawks Pero Antic  2013-14 National Treasures Printing Plate 1/1  Atlanta Hawks #Hawks #Sports http://t.co/bwhoJPk2ql
Tue May 12 18:15:53 +0000 2015,Atlanta Hawks' Success Is About So Much More Than Their Offense http://t.co/Ap38A4TAyb @chatsports #Hawks #NBA
Tue May 12 18:15:53 +0000 2015,RT @All_SportNews: Best of Phantom: #Warriors #Hawks Tie Series with Big Road Wins!! #NBAPlayoffs http://t.co/lNqLC6ACoG
Tue May 12 18:15:22 +0000 2015,RT @SleepytheJoker: I love my #HAWKS but this @Sixers new logo is so fresh http://t.co/TwCAJ6EHFs
Tue May 12 18:15:04 +0000 2015,Best of Phantom: #Warriors #Hawks Tie Series with Big Road Wins!! #NBAPlayoffs http://t.co/lNqLC6ACoG
Tue May 12 18:13:56 +0000 2015,http://t.co/b0Od0fW8od [Bleacher Report] - Atlanta Hawks' Success Is About So Much M #Hawks http://t.co/kfFdLApB5I
Tue May 12 18:13:04 +0000 2015,RT @lakesidehawks: congatulations to @_leahstevens named the 2015 Rudy J Ellis Kentucky HS athlete of the year!  We're so proud!  #hawks #b‚Ä¶
Tue May 12 18:13:02 +0000 2015,I love my #HAWKS but this @Sixers new logo is so fresh http://t.co/TwCAJ6EHFs
Tue May 12 18:12:59 +0000 2015,Two playoff tickets available for tomorrow‚Äôs Hawks-Wizards game in sect. 111 $80/each. Please DM/inbox me if interested. #hawks #wizards
Tue May 12 18:12:47 +0000 2015,The Hawks won 106 - 101 over the Wizards. #hawks #wizards
Tue May 12 18:12:37 +0000 2015,TIX http://t.co/MY3Vif2208 L L D 1 Ticket NBA Eastern Conference Semifinals: Atlanta #Hawks Necessary) 5/18‚Ä¶ http://t.co/2682CclpeJ NBA‚Ä¶
Tue May 12 18:09:53 +0000 2015,RT @coinduraisin: Les #Ducks affronteront les #Hawks en s√©ries pour la 1i√®re fois depuis 1992... #adambanks #coachbombay #tripledeke http:/‚Ä¶
Tue May 12 18:08:24 +0000 2015,#Health #Solution Free Weight Loss Surgery Seminar in Montreal Canada Hosted by Mexico Bariatric‚Ä¶ http://t.co/nXTzYzvy4K #Hawks #Fitness
Tue May 12 18:06:17 +0000 2015,. @kschmann and I look around the #NBAPlayoffs #Cavs #Bulls #Warroirs #Clippers #Rockets #Hawks #Wizards #Grizzlieshttps://t.co/1E00KNWxnZ
Tue May 12 18:06:07 +0000 2015,L #Sports #Basketball Vtg Throwback 86-87 NBA ATLANTA #Hawks #21 WILKINS Mitchell &ampamp Ness SEWN Jersey‚Ä¶‚Ä¶ http://t.co/WxZpYfoNmr
Tue May 12 18:04:16 +0000 2015,#Hawks Tweets: Postgame photo galleries are always more fun to browse through after a‚Ä¶ http://t.co/hCIHQPme1L #NBA http://t.co/WOWHUPGuaq
Tue May 12 18:02:34 +0000 2015,RT @hispanosnba: #Hawks Al Horford juega y rinde a gran nivel dejando atr√°s sus problemas f√≠sicos http://t.co/5mMyJiatvy #nba
Tue May 12 18:02:13 +0000 2015,#Sports #Basketball ATLANTA #Hawks~BUDWEISER~BUD LIGHT BEER~BANNER hanging sign NBA BASKETBALL rare http://t.co/nJUCvlb40s #Bestseller #Buy
Tue May 12 18:02:12 +0000 2015,#NBA #AtlantaHawks ATLANTA HAWKS~BUDWEISER~BUD LIGHT BEER~BANNER hanging sign NBA BASKETBALL rare http://t.co/3L4VQl0ZSZ #Hawks #Sports
Tue May 12 18:02:11 +0000 2015,Never forget https://t.co/dS1b0XsMiC #Hawks #BYFAR
Tue May 12 18:00:56 +0000 2015,RT @DominionPostWV: BASEBALL: #Hawks take sectional series lead vs. #Preston #universityhigh #uhs #knights #prestonhigh #phshttp://t.co/mq‚Ä¶
Tue May 12 18:00:45 +0000 2015,@DougMaclean thanks 4 kind words re: #hawks &amp character. why fans adore team &amp bandwagon grows. grateful that lean yrs yielded 19 &amp 88.
Tue May 12 17:57:38 +0000 2015,TIX http://t.co/MY3Vif2208 L L C Atlanta #Hawks Vs Washington Wizards: Eastern Conf: *LOWER LEVEL:Game 5:‚Ä¶ http://t.co/iDzfhlOMo4 NBA‚Ä¶
Tue May 12 17:56:12 +0000 2015,L L L #Sports #Basketball NIKE SEWN ATLANTA #Hawks 1974 THROWBACK NBA SHOOT AROUND WARMUP JACKET MEN'S‚Ä¶ #Bestseller‚Ä¶ http://t.co/L43WbcwfET
Tue May 12 17:54:38 +0000 2015,http://t.co/b0Od0fW8od [True Hoop: Hardwood Paroxysm] - NBA Playoffs Playbook: Break #Hawks http://t.co/rW3FZk8e4P
Tue May 12 17:53:27 +0000 2015,@FCEHawks: Team day &amp night out has been confirmed! 23rd MayDaytime: Bubble FootballEvening: Dog Racing#Hawks üêùüêùüêùüêùüêùüêù
Tue May 12 17:53:05 +0000 2015,RT @AtlantaHawks11: #Health #Solution The Best Exercises To Lose Belly Fat Quickly http://t.co/qjTNrxXXHq #Hawks #Fitness
Tue May 12 17:53:04 +0000 2015,#Health #Solution The Best Exercises To Lose Belly Fat Quickly http://t.co/qjTNrxXXHq #Hawks #Fitness
Tue May 12 17:53:01 +0000 2015,RT @FCEHawks: Team day &amp night out has been confirmed! 23rd MayDaytime: Bubble FootballEvening: Dog Racing#Hawks
Tue May 12 17:52:57 +0000 2015,RT @ZachKleinWSB: #Hawks HC Mike Budenholzer says DeMarre is doing good and we expect him to play tomorrow in Game 5
Tue May 12 17:52:34 +0000 2015,RT @ESPNChicago: Facin' Facts: The #Hawks know playoff W's vs. Getzlaf &amp #Ducks won't be easy. http://t.co/5EcRFutO5m @ESPNChiPowers http:/‚Ä¶
Tue May 12 17:51:42 +0000 2015,RT @ZachKleinWSB: #Hawks HC Mike Budenholzer says DeMarre is doing good and we expect him to play tomorrow in Game 5
Tue May 12 17:51:32 +0000 2015,Schroder uno de los motivos por los que funcionan los #Hawks #NBAPlayoffs #Atlanta  https://t.co/rZaFrNIzWv
Tue May 12 17:51:12 +0000 2015,RT @ZachKleinWSB: #Hawks HC Mike Budenholzer says DeMarre is doing good and we expect him to play tomorrow in Game 5
Tue May 12 17:50:43 +0000 2015,RT @ZachKleinWSB: #Hawks HC Mike Budenholzer says DeMarre is doing good and we expect him to play tomorrow in Game 5
Tue May 12 17:50:35 +0000 2015,#Hawks HC Mike Budenholzer says DeMarre is doing good and we expect him to play tomorrow in Game 5 http://t.co/caX4qpRN8I
Tue May 12 17:50:11 +0000 2015,L #Sports #Basketball (12) Atlanta #Hawks Official NBA Mini Pennants #Bestseller #Buy http://t.co/Uik2CG9LVc
Tue May 12 17:48:48 +0000 2015,#Wizards vs #Hawks http://t.co/dIqji3rfai
Tue May 12 17:47:07 +0000 2015,Company profile HAWKS NEST HOLDINGS LLC - http://t.co/uYnmkmwfTK  #HAWKS #NEST #HOLDINGS #LLC
Tue May 12 17:47:04 +0000 2015,RT @ZachKleinWSB: #Hawks HC Mike Budenholzer says DeMarre is doing good and we expect him to play tomorrow in Game 5
Tue May 12 17:46:47 +0000 2015,Paul #Millsap with the up &amp under rim attack last night against the #Wizards. #NBAPlayoffs #Atlanta #Hawks http://t.co/fM3fA61DRj
Tue May 12 17:45:36 +0000 2015,#Sports #Basketball Atlanta #Hawks Joe Johnson Adidas Home Jersey NBA Authentic Stitched Size 44 http://t.co/XdyD3ahFnE #Bestseller #Buy
Tue May 12 17:45:36 +0000 2015,#NBA #AtlantaHawks RUSSELL ATHLETIC ATLANTA HAWKS #23 L STITCHED JERSEY NEW WITH TAGS http://t.co/ac9NWUntVf #Hawks #Sports
Tue May 12 17:44:24 +0000 2015,RT @Bob_E10: @CarmenDeFalco @Jurko64 @bestof1000 This time the Ducks are evil! #Quack #Hawks #CakeEater http://t.co/rnzt08WqRn
Tue May 12 17:44:09 +0000 2015,RT @ZachKleinWSB: #Hawks HC Mike Budenholzer says DeMarre is doing good and we expect him to play tomorrow in Game 5
Tue May 12 17:43:53 +0000 2015,RT @ZachKleinWSB: #Hawks HC Mike Budenholzer says DeMarre is doing good and we expect him to play tomorrow in Game 5
Tue May 12 17:43:33 +0000 2015,@PAOnTheMic Why didn't you prop those up when doing the #voxinthebox when the #hawks were on the ice! #Scary
Tue May 12 17:43:32 +0000 2015,#NBA #HawksDeMarre Carroll (hip) is probable for Wednesday's Game 5 vs Washington.@DeMarreCarroll1
Tue May 12 17:42:47 +0000 2015,Brush up on the remaining teams! #Hawks #HawksTalk http://t.co/WIg9UrHoaB
Tue May 12 17:42:24 +0000 2015,[ÂÆöÊúü] Á¶èÂ≤° „É§„Éï„Ç™„ÇØ!„Éâ„Éº„É†„ÅÆ„Éö„Éº„Ç∏„ÇíÂÖ¨Èñã„Åó„Åæ„Åó„Åü„ÄÇhttp://t.co/853ZwHaOjm ‚Ä¶ „Åß„Åô„ÄÇ#sbhawks #fukuoka #Á¶èÂ≤° #yahoo #yahuoku #hawks
Tue May 12 17:41:37 +0000 2015,At http://t.co/guDFemjXQV -- #russellwilson #ciara #seattleseahawks #hawks #seattle #seahawks #nfl #football #spo‚Ä¶ http://t.co/YkaCTnLhfw
Tue May 12 17:41:31 +0000 2015,At http://t.co/guDFemjXQV -- #russellwilson #ciara #seattleseahawks #hawks #seattle #seahawks #nfl #football #spo‚Ä¶ http://t.co/Y05QC72gxz
Tue May 12 17:40:46 +0000 2015,RT @ZachKleinWSB: #Hawks HC Mike Budenholzer says DeMarre is doing good and we expect him to play tomorrow in Game 5
Tue May 12 17:40:23 +0000 2015,South African govt &amp the @MyANC_. Land of the golden handshake. #SABC #SARS #SAA #NPA #Hawks #ALooterContinua #CadreDeployment
Tue May 12 17:40:21 +0000 2015,RT @Ovaciondigital: #NBA | Las series #Wizards - #Hawks y #Warriors - #Grizzlies quedaron 2-2.VIDEO‚ñ∫http://t.co/UcxG2oo16W‚óÑ http://t.co/N‚Ä¶
Tue May 12 17:38:55 +0000 2015,#Hawks Al Horford juega y rinde a gran nivel dejando atr√°s sus problemas f√≠sicos http://t.co/5mMyJiatvy #nba
Tue May 12 17:38:54 +0000 2015,RT @ZachKleinWSB: #Hawks HC Mike Budenholzer says DeMarre is doing good and we expect him to play tomorrow in Game 5
Tue May 12 17:38:37 +0000 2015,RT @ZachKleinWSB: #Hawks HC Mike Budenholzer says DeMarre is doing good and we expect him to play tomorrow in Game 5
Tue May 12 17:38:07 +0000 2015,#Health #Solution Weight Loss With Time-Restricted Diets http://t.co/0c8inHniv8 #Hawks #Fitness
Tue May 12 17:37:17 +0000 2015,RT @ZachKleinWSB: #Hawks HC Mike Budenholzer says DeMarre is doing good and we expect him to play tomorrow in Game 5
Tue May 12 17:36:23 +0000 2015,RT @ZachKleinWSB: #Hawks HC Mike Budenholzer says DeMarre is doing good and we expect him to play tomorrow in Game 5
Tue May 12 17:35:03 +0000 2015,#Hawks HC Mike Budenholzer says DeMarre is doing good and we expect him to play tomorrow in Game 5
Tue May 12 17:29:33 +0000 2015,The #Ducks will now face the #Hawks in the Western Conf Final. Meanwhile the Eastern Conf Final match up continues TBD. #StanleyCup
Tue May 12 17:29:18 +0000 2015,#Sports #Basketball Pero Antic  2013-14 National Treasures Printing Plate 1/1  Atlanta #Hawks http://t.co/A0hr3ixDjp #Bestseller #Buy
Tue May 12 17:29:17 +0000 2015,#NBA #AtlantaHawks Pero Antic  2013-14 National Treasures Printing Plate 1/1  Atlanta Hawks http://t.co/5oqLDWkSbp #Hawks #Sports
Tue May 12 17:27:07 +0000 2015,TIX http://t.co/MY3Vif2208 L D 1 Ticket NBA Eastern Conference Semifinals: Atlanta #Hawks Necessary) 5/18‚Ä¶ http://t.co/2682CclpeJ NBA‚Ä¶
Tue May 12 17:25:41 +0000 2015,RT @Hooligan_nba: Jeff Teague #Hawks #PlayOffs http://t.co/XCXMmrXp3u
Tue May 12 17:25:07 +0000 2015,RT @Hooligan_nba: Dennis Schroder #Hawks #PlayOffs http://t.co/h76z7Ja7rK
Tue May 12 17:25:03 +0000 2015,RT @Hooligan_nba: Kyle Korver #Hawks #PlayOffs http://t.co/YkjKUYSeFD
Tue May 12 17:25:03 +0000 2015,Even Brad Beal's career playoff-high couldn't get the John Wall-less #Wizards past the #Hawks. http://t.co/J5N8kQ1jEo http://t.co/Tg9Z6mmc5M
Tue May 12 17:24:39 +0000 2015,@NBA  * #Hawks 106 101 #Wizards * #Warriors 101 87 #Grizzlies EMPATAN SUS RESPECTIVAS SERIES A 2 *
Tue May 12 17:19:27 +0000 2015,#NBA #HAWKS - RUSSELL ATHLETIC ATLANTA HAWKS #23 L STITCHED JERSEY NEW WITH TAGS:  $15.... http://t.co/klQ3Stdofh http://t.co/k33Sm3HFUt
Tue May 12 17:19:27 +0000 2015,#NBA #HAWKS - Vtg Throwback 86-87 NBA ATLANTA HAWKS #21 WILKINS Mitchell &amp Ness SEWN Je... http://t.co/NeeWbiXcCw http://t.co/k33Sm3HFUt
Tue May 12 17:19:27 +0000 2015,#NBA #HAWKS - Jason Terry Champion Authentic Throwback Atlanta Hawks NBA Mens Jersey si... http://t.co/eIcLHqEUSd http://t.co/k33Sm3HFUt
Tue May 12 17:18:42 +0000 2015,Les #Ducks affronteront les #Hawks en s√©ries pour la 1i√®re fois depuis 1992... #adambanks #coachbombay #tripledeke http://t.co/SpB7elVsFt
