Tue May 12 18:52:36 +0000 2015,@imadriannny 1Tweet4 @HornetsX2 Fans Follow Team/Player Tweets UTubes Stats Pics &amp MORE! Visit http://t.co/qaOE6otQR0 RT! #Hornets
Tue May 12 18:50:13 +0000 2015,Prospect Profile :Devin Booker http://t.co/AUQN3kOGfE #Hornets #NBA
Tue May 12 18:41:46 +0000 2015,RT @frayla_24: even though I get whiney about nursing school sometimes we really do have awesome instructors! #blessed #14inthenation #hor…
Tue May 12 18:37:32 +0000 2015,even though I get whiney about nursing school sometimes we really do have awesome instructors! #blessed #14inthenation #hornets #ESUNursing
Tue May 12 18:25:13 +0000 2015,Atlantic Notes :Love Celtics Nets D-Will http://t.co/cd0KajQeyz #Hornets #NBA
Tue May 12 18:23:36 +0000 2015,#Hornets #ajhieid Git Merge 2015: Session Videos Now Available: On April 8-9 Git Merge ... http://t.co/AV7A0L5PJm #mensionforfollback
Tue May 12 18:23:36 +0000 2015,#Hornets #ajhieid New Octicons Shirt in the Shop: We love all the awesome little Octicons.... http://t.co/ieqODNwmmR #mensionforfollback
Tue May 12 18:15:04 +0000 2015,@NathanMurphy20 @HornetsX2 Fans get FREE AmazonPrime! Get 40000+ Movies/TV Shows &amp 500K+ Ebooks. http://t.co/HNN9nfgk7G RT! #Hornets
Tue May 12 18:00:12 +0000 2015,Q&ampA With Draft Prospect Chris Walker http://t.co/IQBVxOdhT5 #Hornets #NBA
Tue May 12 17:36:44 +0000 2015,@chb201314 1Tweet4 @HornetsX2 Fans Follow Team/Player Tweets UTubes Stats Pics &amp MORE! Visit http://t.co/qaOE6otQR0 RT! #Hornets
Tue May 12 17:36:19 +0000 2015,#NBA #Hornets - Charlotte Hornets 1997 Hallmark Keepsake Christmas Ornament:  $11.99End... http://t.co/wbzcglWu3H http://t.co/lQmogZfBKD
Tue May 12 17:30:18 +0000 2015,New Charlotte Hornets Rumors. Sunday May 10 2015 http://t.co/YZ100KHabv #Hornets #NBA
Tue May 12 17:24:04 +0000 2015,Not in agreement with the #Hornets firing Monty Williams but the #Magic better go ahead and make a hire if they could steal Scott Brooks.
Tue May 12 17:22:54 +0000 2015,SOLD OUT!#NBA #basketball #Jersey #Vintage #Champion #Los  #Angeles #Lakers #Adidas #New #Orleans #Hornets #NBAbas… http://t.co/wGddyUNmKi
Tue May 12 17:21:08 +0000 2015,Charlotte Hornets: Being Content With 2015 Season: Ever have one of those feelings where yo... http://t.co/KLJgphZqQq #hornets #fansided
Tue May 12 17:18:13 +0000 2015,RT @HolmdelBaseball: Come on out for our last Home game vs. @KeyportBaseball #hornets #finish http://t.co/TF8czdVBul
Tue May 12 17:17:59 +0000 2015,@hornets @StephensonLance he could do better next season #hornets #BuzzCity
Tue May 12 17:16:51 +0000 2015,See Anthony Davis&ampampamp#x2019 rookie season for &ampamp#03643? Yes if Bobcats get him - http://t.co/Gbyp5ywFrf #Hornets
Tue May 12 17:02:08 +0000 2015,New Charlotte Hornets Rumors. Monday May 11 2015 http://t.co/xyJmFQVSbV #Hornets #NBA http://t.co/XPqUEByg8A
Tue May 12 16:56:54 +0000 2015,@regina_lindsay @HornetsX2 Fans get FREE AmazonPrime! Get 40000+ Movies/TV Shows &amp 500K+ Ebooks. http://t.co/HNN9nfgk7G RT! #Hornets
Tue May 12 16:43:59 +0000 2015,#NBA #Hornets - Muggys Bogues NBA Charlotte Hornets Throwback Jersey Size Large:  $65.0... http://t.co/GA3lA2D30h http://t.co/k33Sm3HFUt
Tue May 12 16:43:58 +0000 2015,#NBA #Hornets - Charlotte Hornets XXL Mitchell and Ness  Role Player Fleece Throwback  ... http://t.co/2xfoEMxKaj http://t.co/k33Sm3HFUt
Tue May 12 16:43:58 +0000 2015,#NBA #Hornets - Muggys Bogues NBA Charlotte Hornets Throwback Jersey Size Large:  $65.0... http://t.co/88eNCTzoVI http://t.co/lQmogZfBKD
Tue May 12 16:43:58 +0000 2015,#NBA #Hornets - Charlotte Hornets Large Mitchell &amp Ness Drop Step Mesh Tank Top Jersey ... http://t.co/NBBn4tlv4O http://t.co/k33Sm3HFUt
Tue May 12 16:43:58 +0000 2015,#NBA #Hornets - Charlotte Hornets MEDIUM Mitchell &amp Ness Drop Step Mesh Tank Top Jersey... http://t.co/PEgexVyNP2 http://t.co/k33Sm3HFUt
Tue May 12 16:43:58 +0000 2015,#NBA #Hornets - Charlotte Hornets Small Mitchell &amp Ness Drop Step Mesh Tank Top Jersey ... http://t.co/DnNhkJXNPf http://t.co/k33Sm3HFUt
Tue May 12 16:42:43 +0000 2015,Come on out for our last Home game vs. @KeyportBaseball #hornets #finish http://t.co/TF8czdVBul
Tue May 12 16:41:49 +0000 2015,2014-15 Season in Review | Lance Stephenson - http://t.co/EfMCqdUM2G #Hornets
Tue May 12 16:40:17 +0000 2015,New Charlotte Hornets Rumors. Monday May 11 2015 http://t.co/YZ100KHabv #Hornets #NBA
Tue May 12 16:26:17 +0000 2015,@eblue0826 @HornetsX2 Fans get FREE AmazonPrime! Get 40000+ Movies/TV Shows &amp 500K+ Ebooks. http://t.co/HNN9nfgk7G RT! #Hornets
Tue May 12 16:21:43 +0000 2015,Weeeeeeeee #baseball #calripken #littleleague #hornets #Metcalfe https://t.co/aufW2lK1bh
Tue May 12 16:19:09 +0000 2015,Triple time! #baseball #calripken #calripkenjr #batter #Metcalfe #hornets #littleleague https://t.co/0YZQUsMusT
Tue May 12 16:15:16 +0000 2015,Top five Charlotte Hornets links of the week (May 8) http://t.co/DvOsEePEMD #Hornets #NBA
Tue May 12 16:14:06 +0000 2015,#NBA #Hornets - Charlotte Hornets XXL Mitchell and Ness  Role Player Fleece Throwback  ... http://t.co/oXXlllZrL9 http://t.co/lQmogZfBKD
Tue May 12 16:14:06 +0000 2015,#NBA #Hornets - Charlotte Hornets Large Mitchell &amp Ness Drop Step Mesh Tank Top Jersey ... http://t.co/tvm6r5ai93 http://t.co/lQmogZfBKD
Tue May 12 16:14:06 +0000 2015,#NBA #Hornets - Charlotte Hornets MEDIUM Mitchell &amp Ness Drop Step Mesh Tank Top Jersey... http://t.co/wQ4wGFV7Zs http://t.co/lQmogZfBKD
Tue May 12 16:14:06 +0000 2015,#NBA #Hornets - Charlotte Hornets Small Mitchell &amp Ness Drop Step Mesh Tank Top Jersey ... http://t.co/60zQtFWXYo http://t.co/lQmogZfBKD
Tue May 12 16:14:05 +0000 2015,#NBA #Hornets - Charlotte Hornets XS Mitchell &amp Ness Drop Step Mesh Tank Top Jersey Rar... http://t.co/BCM1uP7Ska http://t.co/lQmogZfBKD
Tue May 12 16:10:36 +0000 2015,I tend to agree that the combination of Walker and Jefferson is not something to be to thrilled about. #Hornets
Tue May 12 16:06:47 +0000 2015,Top 10 Plays and Moments from Charlotte Hornets' 2014-15 Season - http://t.co/XjvvfURMkT #Hornets
Tue May 12 16:01:56 +0000 2015,Are Giant #Hornets Coming To The UK? http://t.co/eceCGOTpP3
Tue May 12 15:50:15 +0000 2015,Noah Vonleh makes a strong case for Son of the Year http://t.co/4v0SX0FWmf #Hornets #NBA
Tue May 12 15:47:53 +0000 2015,@lea_evrard17 1Tweet4 @HornetsX2 Fans Follow Team/Player Tweets UTubes Stats Pics &amp MORE! Visit http://t.co/qaOE6otQR0 RT! #Hornets
Tue May 12 15:39:36 +0000 2015,I just read an article that said the #Hornets had cornerstones at PG and C. Do you agree? #cltsports
Tue May 12 15:26:15 +0000 2015,Michael Kidd-Gilchrist to represent Charlotte Hornets at NBA Draft lottery show http://t.co/ufIogrJm4h #Hornets… http://t.co/MN5bxvkPoL
Tue May 12 15:25:14 +0000 2015,Steve Clifford talks playoffs roster with SiriusXM http://t.co/3KrFKsmZEE #Hornets #NBA
Tue May 12 15:24:28 +0000 2015,#Hornets How Minecraft will Shake Up the Future of Social Networking: Experts Weigh In: Wh... http://t.co/VdP1OHHroW #mensionforfollback
Tue May 12 15:21:43 +0000 2015,#NBA #Hornets - Vintage Alonzo MOURNING Charlotte HORNETS Champion Teal Jersey #33 - Me... http://t.co/IS8sCteNeV http://t.co/k33Sm3HFUt
Tue May 12 15:12:01 +0000 2015,Charlotte Hornets at Chicago Bulls preview 02.25.15 - http://t.co/KtiR5R7MIN #Hornets
Tue May 12 15:02:59 +0000 2015,@austincomstock2 1Tweet4 @HornetsX2 Fans Follow Team/Player Tweets UTubes Stats Pics &amp MORE! Visit http://t.co/qaOE6otQR0 RT! #Hornets
Tue May 12 15:00:14 +0000 2015,Michael Kidd-Gilchrist to represent Charlotte Hornets at NBA Draft lottery show http://t.co/r1NQ7tlOoV #Hornets #NBA
Tue May 12 14:46:38 +0000 2015,#NBA #Hornets - Charlotte Hornets NBA Heavy Duty Car Truck Floor Mats Free Shipping:  $... http://t.co/hGL69v4nnJ http://t.co/lQmogZfBKD
Tue May 12 14:38:13 +0000 2015,Paredes named in preliminary Ecuador squad for Copa America http://t.co/H1blvTg7wK #watfordfc #hornets
Tue May 12 14:37:04 +0000 2015,#CharlotteHornets #Hornets '14-15 Season Report Card: Marvin Williams http://t.co/bSdY9mqDDR
Tue May 12 14:35:13 +0000 2015,NBA Playoffs Open Thread (May 11) :WE DEMAND MORE BUZZER BEATERS http://t.co/KRTLwJiDVg #Hornets #NBA
Tue May 12 14:30:57 +0000 2015,For some reason I used to hate on the #hornets so bad #timehop https://t.co/jCCXEGKigh
Tue May 12 14:28:38 +0000 2015,@conradgolovac 1Tweet4 @HornetsX2 Fans Follow Team/Player Tweets UTubes Stats Pics &amp MORE! Visit http://t.co/qaOE6otQR0 RT! #Hornets
Tue May 12 14:23:07 +0000 2015,Chandler Kings Milutinov http://t.co/XeV71gVqvQ #Hornets #NBA http://t.co/gqOOIXRn07
Tue May 12 14:17:38 +0000 2015,RT @NBAPassion_com: #Hornets #Stephenson: Posso avere successo qui. (Basketball Insiders) #NBAPassion
Tue May 12 14:10:12 +0000 2015,Top 10 Plays and Moments from Charlotte Hornets' 2014-15 Season http://t.co/6y2XAPBr05 #Hornets #NBA
Tue May 12 14:10:01 +0000 2015,#Hornets #Stephenson: Posso avere successo qui. (Basketball Insiders) #NBAPassion
Tue May 12 14:08:19 +0000 2015,#NBA #Hornets - Vintage NBA Charlotte Hornets Starter Jacket L:  $49.98End Date: Thursd... http://t.co/ETfhkYGRMZ http://t.co/lQmogZfBKD
Tue May 12 14:08:18 +0000 2015,#NBA #Hornets - Vintage Larry JOHNSON Charlotte HORNETS Champion Teal Jersey #2 - Men's... http://t.co/Ju8QMFvK2S http://t.co/lQmogZfBKD
Tue May 12 14:08:18 +0000 2015,#NBA #Hornets - Muggsy Bogues Charlotte Hornets Vintage Champion Jersey NBA Sz 48 Mens ... http://t.co/bT0su11AWo http://t.co/lQmogZfBKD
Tue May 12 14:08:18 +0000 2015,#NBA #Hornets - Vintage 90's Official Champion Charlotte Hornets Larry Johnson #2 Jerse... http://t.co/9ZRfu17J6d http://t.co/lQmogZfBKD
Tue May 12 14:08:17 +0000 2015,#NBA #Hornets - Vintage NBA Charlotte Hornets Starter Jacket L:  $49.98End Date: Thursd... http://t.co/1a7oMGxupu http://t.co/k33Sm3HFUt
Tue May 12 14:08:17 +0000 2015,#NBA #Hornets - Vintage Larry JOHNSON Charlotte HORNETS Champion Teal Jersey #2 - Men's... http://t.co/89ci2G3kLi http://t.co/k33Sm3HFUt
Tue May 12 14:08:17 +0000 2015,#NBA #Hornets - Muggsy Bogues Charlotte Hornets Vintage Champion Jersey NBA Sz 48 Mens ... http://t.co/vNualFnwMQ http://t.co/k33Sm3HFUt
Tue May 12 14:08:16 +0000 2015,#NBA #Hornets - Vintage 90's Official Champion Charlotte Hornets Larry Johnson #2 Jerse... http://t.co/Yi4vYZKno0 http://t.co/k33Sm3HFUt
Tue May 12 14:08:16 +0000 2015,#NBA #Hornets - VTG NBA Charlotte HORNETS Snapback Hardwood Classics Hat Cap 47 BRAND N... http://t.co/GBwbpvSSyd http://t.co/k33Sm3HFUt
Tue May 12 14:06:51 +0000 2015,RT @MidnightKeys: Dr. Warmack Represented Our School Very Well On Fox 2 News #HSSU #Hornets
Tue May 12 13:57:44 +0000 2015,@friedia08 1Tweet4 @HornetsX2 Fans Follow Team/Player Tweets UTubes Stats Pics &amp MORE! Visit http://t.co/qaOE6otQR0 RT! #Hornets
Tue May 12 13:45:12 +0000 2015,Western Notes :Chandler Kings Milutinov http://t.co/7di62yCS8N #Hornets #NBA
Tue May 12 13:39:39 +0000 2015,#NBA #Hornets - VTG NBA Charlotte HORNETS Snapback Hardwood Classics Hat Cap 47 BRAND N... http://t.co/8aH20PCnnI http://t.co/lQmogZfBKD
Tue May 12 13:39:39 +0000 2015,#NBA #Hornets - Vintage 90s Champion CHARLOTTE HORNETS Muggsy Bogues NBA Basketball Jer... http://t.co/muCHgLj3cs http://t.co/lQmogZfBKD
Tue May 12 13:34:06 +0000 2015,Love Celtics Nets D-Will http://t.co/FGuGml951w #Hornets #NBA http://t.co/gCPiQ0iFyM
Tue May 12 13:28:26 +0000 2015,Anyone know what this is. About 2 inches long. #bees #wasps #hornets http://t.co/gA8oFYCaX9
Tue May 12 13:26:55 +0000 2015,Charlotte Hornets center Al Jefferson limited by constant double-teams - http://t.co/PkFHLRwBsn #Hornets
Tue May 12 13:22:39 +0000 2015,Anyone know what this is. About 2 inches long a lil bit darker as it came down chimney  #bees #wasps #hornets http://t.co/5SHMhi3sfT
Tue May 12 13:20:11 +0000 2015,Prospect Profile :Devin Booker http://t.co/AUQN3kOGfE #Hornets #NBA
Tue May 12 13:13:52 +0000 2015,@aiden_da_beast @HornetsX2 Fans get FREE AmazonPrime! Get 40000+ Movies/TV Shows &amp 500K+ Ebooks. http://t.co/HNN9nfgk7G RT! #Hornets
Tue May 12 13:00:49 +0000 2015,Dr. Warmack Represented Our School Very Well On Fox 2 News #HSSU #Hornets
Tue May 12 12:55:11 +0000 2015,Atlantic Notes :Love Celtics Nets D-Will http://t.co/cd0KajQeyz #Hornets #NBA
Tue May 12 12:51:53 +0000 2015,Kyrie Irving Has Left Knee Tendinitis - http://t.co/5VKeHo1Rio #Hornets
Tue May 12 12:50:48 +0000 2015,Check out Vintage Nike Kentucky Wildcats Rex Chapman Jersey - Sx XXL - All Sewn Authentic http://t.co/0bV0aeLLDT @eBay #Hornets #Suns #UK
Tue May 12 12:40:44 +0000 2015,@polfrouz 1Tweet4 @HornetsX2 Fans Follow Team/Player Tweets UTubes Stats Pics &amp MORE! Visit http://t.co/qaOE6otQR0 RT! #Hornets
Tue May 12 12:32:09 +0000 2015,New Charlotte Hornets Rumors. Sunday May 10 2015 http://t.co/xyJmFQVSbV #Hornets #NBA http://t.co/R42NCJOvyM
Tue May 12 12:31:05 +0000 2015,#Watford  occhi su Jem #Karacan #Reading #Hornets http://t.co/ovbLMNHxry
Tue May 12 12:30:58 +0000 2015,#Watford  occhi su Jem #Karacan #Reading #Hornets http://t.co/j8osARCp1M
Tue May 12 12:30:10 +0000 2015,Q&ampA With Draft Prospect Chris Walker http://t.co/IQBVxOdhT5 #Hornets #NBA
Tue May 12 12:12:44 +0000 2015,RT HBCUEvent: ASUHornetNation STUDENTS &amp ALUM - http://t.co/7zIg4wrvuZ #ASU #BAMASTATE #HBCU #HBCUALUM #HBCUEVENTSAPP #HORNETS
Tue May 12 12:12:02 +0000 2015,@ASUHornetNation STUDENTS &amp ALUM - http://t.co/2FnELPtYdX  #ASU #BAMASTATE #HBCU #HBCUALUM #HBCUEVENTSAPP #HORNETS
Tue May 12 12:09:18 +0000 2015,@DThompson_55 1Tweet4 @HornetsX2 Fans Follow Team/Player Tweets UTubes Stats Pics &amp MORE! Visit http://t.co/qaOE6otQR0 RT! #Hornets
Tue May 12 12:08:33 +0000 2015,The Charlotte Hornets D-League should be1) RALEIGH 2) GREENSBORO ONLY !!!!!!!!!!!!!!!!!!!!!!!!!!!!!!!!!!!!!!!!!!!!!!!!!!!!!!!#HORNETS
Tue May 12 12:00:18 +0000 2015,New Charlotte Hornets Rumors. Sunday May 10 2015 http://t.co/YZ100KHabv #Hornets #NBA
Tue May 12 11:59:59 +0000 2015,GOSSIP: Hornets and Cherries interested in Reading captain http://t.co/h0jqhlBh5f #watfordfc #hornets
Tue May 12 11:29:17 +0000 2015,@AbjfernandezAf @HornetsX2 Fans get FREE AmazonPrime! Get 40000+ Movies/TV Shows &amp 500K+ Ebooks. http://t.co/HNN9nfgk7G RT! #Hornets
Tue May 12 11:10:17 +0000 2015,New Charlotte Hornets Rumors. Monday May 11 2015 http://t.co/YZ100KHabv #Hornets #NBA
Tue May 12 11:06:47 +0000 2015,Who knew Hornets&amp#x92 Mo Williams still had big shots in him? - http://t.co/h36WidVrdW #Hornets
Tue May 12 10:56:34 +0000 2015,Noah Vonleh makes a strong case for Son of the Year http://t.co/gvWov6joxf #Hornets #NBA http://t.co/05t9YBeWjF
