Tue May 12 18:52:47 +0000 2015,RT @nyknicks: On This Date in 1985‚Ä¶#Knicks win first ever @NBA Draft lottery.READ MORE: http://t.co/LrIsyEOUny http://t.co/gIPRwDAcak
Tue May 12 18:52:07 +0000 2015,#Knicks #Cards 1987-88 Fleer #50 Gerald Henderson Nrmt Knicks http://t.co/hRUHuCwf59 #Card #Deals
Tue May 12 18:50:07 +0000 2015,L #Knicks #Cards 1992-93 Fleer #277 Kenny Walker SD #Card #Deals http://t.co/wY8Vva46Y0
Tue May 12 18:49:36 +0000 2015,RT @_GDPhil_: Lord PLEASE BLESS US WITH KARL TOWNS. #Knicks
Tue May 12 18:46:52 +0000 2015,@carmeloanthony @Ronnie2K @LD2K can we get another shot at #PinkDiamondMelo I need him for the All-Time #Knicks squad http://t.co/OipLeKpZG6
Tue May 12 18:46:51 +0000 2015,I swear if the #Rangers win the #StanleyCup MSG will officially be THEIR home &amp the #Knicks will be more or less homeless üòÖüôà‚úå
Tue May 12 18:46:19 +0000 2015,RT @IanBegley: Phil Jackson hints #Knicks won't rely on the 3. Phil's championship teams ranged from 7th to 22nd in 3-point rate -- http://‚Ä¶
Tue May 12 18:46:07 +0000 2015,RT @IanBegley: Phil Jackson hints #Knicks won't rely on the 3. Phil's championship teams ranged from 7th to 22nd in 3-point rate -- http://‚Ä¶
Tue May 12 18:45:43 +0000 2015,RT @DAlarcon_NBA: Hoy Karl-Anthony Towns objetivo de #Knicks en draft firma con CAA y lleva d√≠as hablando de NY. Muy clara intenci√≥n. htt‚Ä¶
Tue May 12 18:45:38 +0000 2015,#NBA #Knicks - NWT Youth Medium NY KNICKS ANTONIO MCDYESS #34 Reebok Jersey:  $14.99End... http://t.co/w85EiXvfhQ http://t.co/lQmogZfBKD
Tue May 12 18:45:37 +0000 2015,#NBA #Knicks - Adidas Swingman NBA Jersey Knicks Amare Stoudemire  Black Groove sz M:  ... http://t.co/S02VKTroIS http://t.co/lQmogZfBKD
Tue May 12 18:45:37 +0000 2015,#NBA #Knicks - Adidas Swingman NBA Jersey Knicks Amare Stoudemire  Black Rhythm OgLt sz... http://t.co/c6wbFqlsKH http://t.co/lQmogZxd9d
Tue May 12 18:45:37 +0000 2015,#NBA #Knicks - Adidas Swingman NBA Jersey Knicks Amare Stoudemire  Black Vibe sz L:  $9... http://t.co/8awUFO81bM http://t.co/lQmogZfBKD
Tue May 12 18:45:37 +0000 2015,#NBA #Knicks - Adidas Swingman NBA Jersey Knicks Amare Stoudemire  Black Vibe sz M:  $9... http://t.co/3xwEkOeu6O http://t.co/lQmogZfBKD
Tue May 12 18:45:22 +0000 2015,RT @IanBegley: Phil Jackson hints #Knicks won't rely on the 3. Phil's championship teams ranged from 7th to 22nd in 3-point rate -- http://‚Ä¶
Tue May 12 18:45:22 +0000 2015,I gotta get to this store #PatrickEwing #Knicks #onceaknickalwaysaknick https://t.co/49bLBXSaLX
Tue May 12 18:45:05 +0000 2015,L #Knicks #Clothing New York Knicks New Era 9Fifty Snapback Hat Nwt #eBay #Auction http://t.co/EOWB3I4Qgh
Tue May 12 18:44:36 +0000 2015,#WeightLoss #Fit 3 Awesome Tips To Lose Weight Slim Down Your Waist And Enjoy Better Health http://t.co/UxTJzTzUkh #Knicks #Sports
Tue May 12 18:41:58 +0000 2015,Need more #Knicks in MyTeam @2Kstauff @LD2K
Tue May 12 18:41:35 +0000 2015,#Apparel #Souvenirs #Adidas Swingman NBA #Jersey #Knicks Metta World Peace Blue sz S http://t.co/s9mJ9xVWi8 #NBA #Auction
Tue May 12 18:39:46 +0000 2015,RT @IanBegley: Phil Jackson hints #Knicks won't rely on the 3. Phil's championship teams ranged from 7th to 22nd in 3-point rate -- http://‚Ä¶
Tue May 12 18:39:46 +0000 2015,RT @IanBegley: Phil Jackson hints #Knicks won't rely on the 3. Phil's championship teams ranged from 7th to 22nd in 3-point rate -- http://‚Ä¶
Tue May 12 18:39:32 +0000 2015,RT @IanBegley: Phil Jackson hints #Knicks won't rely on the 3. Phil's championship teams ranged from 7th to 22nd in 3-point rate -- http://‚Ä¶
Tue May 12 18:39:29 +0000 2015,RT @IanBegley: Phil Jackson hints #Knicks won't rely on the 3. Phil's championship teams ranged from 7th to 22nd in 3-point rate -- http://‚Ä¶
Tue May 12 18:39:17 +0000 2015,Phil Jackson hints #Knicks won't rely on the 3. Phil's championship teams ranged from 7th to 22nd in 3-point rate -- http://t.co/t5WfjdhmXz
Tue May 12 18:39:02 +0000 2015,RT @nyknicks: On This Date in 1985‚Ä¶#Knicks win first ever @NBA Draft lottery.READ MORE: http://t.co/LrIsyEOUny http://t.co/gIPRwDAcak
Tue May 12 18:38:09 +0000 2015,#Baseball #NBA Jordan Melo 1.5 #Knicks size 12 http://t.co/HLkwcMT6fU #onsale #Discount
Tue May 12 18:38:08 +0000 2015,#NBA #Knicks nike foam posites orange and blue (knicks) size 7Y http://t.co/FKSfysJXIR #Offers #Deals
Tue May 12 18:38:07 +0000 2015,#Knicks #Autographs Vintage Bill Bradley Autographed / Signed #Photograph~New York Knicks‚Ä¶ http://t.co/yNV6JMKgRr #Autograph #Sale
Tue May 12 18:37:01 +0000 2015,RT @nyknicks: On This Date in 1985‚Ä¶#Knicks win first ever @NBA Draft lottery.READ MORE: http://t.co/LrIsyEOUny http://t.co/gIPRwDAcak
Tue May 12 18:37:00 +0000 2015,RT @nyknicks: On This Date in 1985‚Ä¶#Knicks win first ever @NBA Draft lottery.READ MORE: http://t.co/LrIsyEOUny http://t.co/gIPRwDAcak
Tue May 12 18:36:38 +0000 2015,#Knicks #Cards Patrick Ewing 1992-93 Star Company Blank Back New York Knicks Promo Card http://t.co/8IfhMYIE8c #Card #Deals
Tue May 12 18:36:11 +0000 2015,RT @nyknicks: On This Date in 1985‚Ä¶#Knicks win first ever @NBA Draft lottery.READ MORE: http://t.co/LrIsyEOUny http://t.co/gIPRwDAcak
Tue May 12 18:35:51 +0000 2015,#NBADraft just around the corner! Please let the ping pong balls be good to my #Knicks ! üèÄüëåüèª
Tue May 12 18:35:10 +0000 2015,RT @nyknicks: On This Date in 1985‚Ä¶#Knicks win first ever @NBA Draft lottery.READ MORE: http://t.co/LrIsyEOUny http://t.co/gIPRwDAcak
Tue May 12 18:35:09 +0000 2015,L #Knicks #Autographs AUTOGRAPHED BERNARD KING PORTRAIT WITH COA KING OF NEW YORK knicks NYC MSG #Autograph #Sale http://t.co/Jj2BZ0gS0R
Tue May 12 18:32:58 +0000 2015,RT @nyknicks: On This Date in 1985‚Ä¶#Knicks win first ever @NBA Draft lottery.READ MORE: http://t.co/LrIsyEOUny http://t.co/gIPRwDAcak
Tue May 12 18:31:26 +0000 2015,Emmanuel Mudiay &gt D'Angelo Russell #NBADraft #NBADraftCombine #Knicks
Tue May 12 18:30:29 +0000 2015,RT @nyknicks: On This Date in 1985‚Ä¶#Knicks win first ever @NBA Draft lottery.READ MORE: http://t.co/LrIsyEOUny http://t.co/gIPRwDAcak
Tue May 12 18:30:23 +0000 2015,RT @AnthonyMSG: #Knicks fans please come join me a week from tonight at @TheRoyalNYC on 13th st and 4th ave for the NBA draft lottery!
Tue May 12 18:30:19 +0000 2015,James Dolan Gives an Executive Another Shot Deserved or Not http://t.co/YzO3s2nrjF #knicks #NBA
Tue May 12 18:30:17 +0000 2015,RT @AnthonyMSG: I'm going to have tons of free #Knicks prizes prizes also from @StarterBlkLabel FREE @CoorsLight from 7-8PM and so much m‚Ä¶
Tue May 12 18:29:47 +0000 2015,RT @nyknicks: On This Date in 1985‚Ä¶#Knicks win first ever @NBA Draft lottery.READ MORE: http://t.co/LrIsyEOUny http://t.co/gIPRwDAcak
Tue May 12 18:29:36 +0000 2015,L L #Knicks #Cards Bob McADoo 1978-79 #Topps #5 #Card #Deals http://t.co/8H09BBOqFL
Tue May 12 18:29:35 +0000 2015,#WeightLoss #Fit Diet Doc Announces Diet Plans That Are Capable of Melting Up to 20 Pounds Per Month http://t.co/W60R3ev822 #Knicks #Sports
Tue May 12 18:28:18 +0000 2015,I'm going to have tons of free #Knicks prizes prizes also from @StarterBlkLabel FREE @CoorsLight from 7-8PM and so much more!!
Tue May 12 18:27:54 +0000 2015,RT @AnthonyMSG: #Knicks fans please come join me a week from tonight at @TheRoyalNYC on 13th st and 4th ave for the NBA draft lottery!
Tue May 12 18:27:02 +0000 2015,RT @MikeVacc: ICYMI: The eerie link between '95 Ewing &amp '15 Lundqvist and Henrik getting Patrick's mulligan. http://t.co/viVJjibMld #Knick‚Ä¶
Tue May 12 18:26:49 +0000 2015,#Knicks fans please come join me a week from tonight at @TheRoyalNYC on 13th st and 4th ave for the NBA draft lottery!
Tue May 12 18:26:40 +0000 2015,#Apparel #Souvenirs #Adidas Swingman NBA #Jersey #Knicks Amare Stoudemire Black Vibe sz M http://t.co/ty909Io2dS #NBA #Auction
Tue May 12 18:24:07 +0000 2015,NBA RUMORS: Yeah...the fake Antetokounmpo! SMLH #NBA #Knicks #Basketball #Gossip http://t.co/qnpz2OGg37
Tue May 12 18:22:10 +0000 2015,L L #NBA #Knicks #CarmeloAnthony #NewYork Knicks Signed Mounted Photo Display #Offers #Deals http://t.co/Qd8RkL1skr
Tue May 12 18:21:10 +0000 2015,#Knicks #Cards 1987-88 Fleer #119 Gerald Wilkins Nrmt Knicks http://t.co/kvCsVda1fU #Card #Deals
Tue May 12 18:19:50 +0000 2015,RT @iball4evauh: I want Okafor for the #Knicks
Tue May 12 18:18:47 +0000 2015,RT @nyknicks: On This Date in 1985‚Ä¶#Knicks win first ever @NBA Draft lottery.READ MORE: http://t.co/LrIsyEOUny http://t.co/gIPRwDAcak
Tue May 12 18:17:33 +0000 2015,RT @nyknicks: On This Date in 1985‚Ä¶#Knicks win first ever @NBA Draft lottery.READ MORE: http://t.co/LrIsyEOUny http://t.co/gIPRwDAcak
Tue May 12 18:17:09 +0000 2015,L #Knicks #Autographs New York Knicks Dick Barnett autographed 8x10 action #Photo MAB Cert Hologram #Autograph #Sale http://t.co/u2xx1fa820
Tue May 12 18:17:07 +0000 2015,RT @nyknicks: On This Date in 1985‚Ä¶#Knicks win first ever @NBA Draft lottery.READ MORE: http://t.co/LrIsyEOUny http://t.co/gIPRwDAcak
Tue May 12 18:14:01 +0000 2015,Can John Wall turn into Willis Reed? #wizards #knicks
Tue May 12 18:13:54 +0000 2015,RT @nyknicks: On This Date in 1985‚Ä¶#Knicks win first ever @NBA Draft lottery.READ MORE: http://t.co/LrIsyEOUny http://t.co/gIPRwDAcak
Tue May 12 18:09:36 +0000 2015,#Apparel #Souvenirs #Carmelo #Anthony #NewYork #Knicks White Matted 8x10 Photo Poster Print http://t.co/OP34zNBBTW #NBA #Auction
Tue May 12 18:06:32 +0000 2015,RT @BearDaBarber: No band wagon over here I'll rep for my team whenever #teamknicks #knicks #knickstape #bbw‚Ä¶ https://t.co/UTVgUjG82Y
Tue May 12 18:06:08 +0000 2015,#Baseball #NBA AUTOGRAPHED BERNARD KING PORTRAIT WITH COA KING OF #NewYork #Knicks NYC MSG http://t.co/wwObVhW1l7 #onsale #Discount
Tue May 12 18:06:07 +0000 2015,#NBA #Knicks AUTOGRAPHED BERNARD KING PORTRAIT WITH COA KING OF #NewYork knicks NYC MSG http://t.co/CsNXIWXGrA #Offers #Deals
Tue May 12 18:06:07 +0000 2015,L #Baseball #NBA #CarmeloAnthony RC Fleer Ultra 2003 ROOKIE CARD Basketball Nuggets #Knicks #onsale #Discount http://t.co/C8IHG4FL8a
Tue May 12 18:05:18 +0000 2015,Seattle Storm Express Concern After Libertys Hiring of Isiah Thomas http://t.co/D5zmrRRhBM #knicks #NBA
Tue May 12 18:05:09 +0000 2015,RT @nyknicks: On This Date in 1985‚Ä¶#Knicks win first ever @NBA Draft lottery.READ MORE: http://t.co/LrIsyEOUny http://t.co/gIPRwDAcak
Tue May 12 18:05:06 +0000 2015,#Knicks #Cards 1992-93 Fleer #277 Kenny Walker SD http://t.co/1OPv0UcEM7 #Card #Deals
Tue May 12 18:04:52 +0000 2015,No band wagon over here I'll rep for my team whenever #teamknicks #knicks #knickstape #bbw‚Ä¶ https://t.co/UTVgUjG82Y
Tue May 12 18:04:06 +0000 2015,RT @nyknicks: Find out who is participating in this week‚Äôs @NBA Draft Combine as the #Knicks front office heads to Chicago.http://t.co/WT‚Ä¶
Tue May 12 18:02:52 +0000 2015,RT @_GDPhil_: Lord PLEASE BLESS US WITH KARL TOWNS. #Knicks
Tue May 12 18:02:29 +0000 2015,RT @marciaherold: Who wants to go? RT @WFAN660: Barclays Center to host #NBADraft  for third consecutive year. Read http://t.co/jArYjCx7Uj ‚Ä¶
Tue May 12 18:01:58 +0000 2015,RT @IanBegley: #Knicks have told Thanasis Antetokounmpo's representatives that they project him on the 15-man roster next year -- http://t.‚Ä¶
Tue May 12 18:01:58 +0000 2015,#ThanasisAntetokounmpo could play with #Knicks . #NBA http://t.co/zr9MQ1bIzQ
Tue May 12 18:00:39 +0000 2015,RT @NYPost_Berman: Grateful Dead honored at Garden Walk of Fame hails fan Phil Jackson #Knicks http://t.co/gWaIZVB9L9
Tue May 12 17:59:42 +0000 2015,RT @nyknicks: On This Date in 1985‚Ä¶#Knicks win first ever @NBA Draft lottery.READ MORE: http://t.co/LrIsyEOUny http://t.co/gIPRwDAcak
Tue May 12 17:58:07 +0000 2015,#Knicks #Clothing New York Knicks New Era 9Fifty Snapback Hat Nwt http://t.co/BPhFuBMwxv #eBay #Auction
Tue May 12 17:57:54 +0000 2015,#WeightLoss #Fit What You Need To Do To Lose Weight http://t.co/JBKPPDTPVE #Knicks #Sports ‚Ä¶ http://t.co/wy4G34gsLO
Tue May 12 17:57:30 +0000 2015,Who wants to go? RT @WFAN660: Barclays Center to host #NBADraft  for third consecutive year. Read http://t.co/jArYjCx7Uj #Nets #Knicks #NBA
Tue May 12 17:57:07 +0000 2015,RT @SdotBallTalk: üôè RT @_GDPhil_: Lord PLEASE BLESS US WITH KARL TOWNS. #Knicks
Tue May 12 17:57:06 +0000 2015,#WeightLoss #Fit What You Need To Do To Lose Weight http://t.co/86QgvaJT5X #Knicks #Sports
Tue May 12 17:56:06 +0000 2015,L #Knicks #Autographs 1985-86 STAR COMPANY TRENT TUCKER NEW YORK KNICKS SPURS BULLS MINNESOTA # 171 #Autograph #Sale http://t.co/TUgjF4dqpw
Tue May 12 17:56:06 +0000 2015,RT @nyknicks: On This Date in 1985‚Ä¶#Knicks win first ever @NBA Draft lottery.READ MORE: http://t.co/LrIsyEOUny http://t.co/gIPRwDAcak
Tue May 12 17:55:25 +0000 2015,@BRappy55 and they could play The Lumberjack Song in warm ups #ministryofsillywalks #Knicks
Tue May 12 17:55:18 +0000 2015,I want Okafor for the #Knicks
Tue May 12 17:54:05 +0000 2015,#Apparel #Souvenirs #Adidas Swingman NBA #Jersey #Knicks Metta World Peace Blue sz M http://t.co/ROFwgreuMb #NBA #Auction
Tue May 12 17:54:05 +0000 2015,RT @MikeVacc: Column: The eerie link between '95 Ewing &amp '15 Lundqvist and Henrik getting Patrick's mulligan. http://t.co/viVJjibMld #Knic‚Ä¶
Tue May 12 17:51:50 +0000 2015,This Date in #Knicks History: May 12. NY win lottery to draft Patrick Ewing http://t.co/SLiUNHFyLn
Tue May 12 17:50:51 +0000 2015,#Baseball #NBA 55pk NBA Dog Pet Clothes#Jersey Bandanas PistonsCavaliersCeltics#KnicksSixers http://t.co/Ou8oLHrfbK #onsale #Discount
Tue May 12 17:50:51 +0000 2015,The #Pelicans are idiots.  I'd love to have Monty Williams coach the #Knicks -hell I'd have Monty Python coach the NYK as long as no Fisher
Tue May 12 17:50:51 +0000 2015,#NBA #Knicks 55pk NBA Dog Pet Clothes#Jersey Bandanas PistonsCavaliersCelticsKnicksSixers http://t.co/wV9Qn9gTn9 #Offers #Deals
Tue May 12 17:50:06 +0000 2015,L #Apparel #Souvenirs #NewYork #Knicks LARGE Mitchell &ampamp Ness Drop Step Mesh Tank Top #Jersey Rare #NBA #Auction http://t.co/KM3egVmx1w
Tue May 12 17:49:23 +0000 2015,RT @nyknicks: .@traviswear 2014-15 season highlights! #Knickshttps://t.co/2cylD3zHwN
Tue May 12 17:49:08 +0000 2015,#Knicks #Cards 1993-94 Stadium Club #116 John Starks -New York Knicks- http://t.co/0pkmhSCdaZ #Card #Deals
Tue May 12 17:49:07 +0000 2015,#Knicks #Autographs AUTOGRAPHED BERNARD KING PORTRAIT WITH COA KING OF NEW YORK knicks NYC MSG http://t.co/b1qnSjC08S #Autograph #Sale
Tue May 12 17:48:10 +0000 2015,RT @nyknicks: On This Date in 1973‚Ä¶ @WaltFrazier and the #Knicks top LA for 2nd @NBA title.READ MORE: http://t.co/HLvH7c48ze http://t.co/‚Ä¶
Tue May 12 17:48:07 +0000 2015,Check out this item in my Etsy shop https://t.co/BwyvACa5LE #bottlecap #earrings #NBA #Lakers #mavericks #nets #THUNDER #Knicks #MiamiHeat
Tue May 12 17:45:50 +0000 2015,RT @WFAN660: Barclays Center to host #NBADraft  for third consecutive year. Read http://t.co/bETpIdI88O #Nets #Knicks #NBA
Tue May 12 17:45:16 +0000 2015,RT @nyknicks: On This Date in 1985‚Ä¶#Knicks win first ever @NBA Draft lottery.READ MORE: http://t.co/LrIsyEOUny http://t.co/gIPRwDAcak
Tue May 12 17:45:08 +0000 2015,Barclays Center to host #NBADraft  for third consecutive year. Read http://t.co/bETpIdI88O #Nets #Knicks #NBA
