Tue May 12 18:53:06 +0000 2015,RT @NBAMemes: Kobe Bryant to Dwight Howard. #Lakers #Rockets http://t.co/LWddf0t9mh
Tue May 12 18:52:22 +0000 2015,#Apparel #Souvenirs MITCHELL &amp NESS #LosAngeles #Lakers SNAPBACK HAT RETRO PURPLE LOGO CAP #NBA LA http://t.co/1tmBYkwIde #Forsale #onsale
Tue May 12 18:52:22 +0000 2015,#Lakers #NBA #Kobe #Bryant / MICHAEL JORDAN 2009-10 SP GAME USED DUAL #Jersey CARD #D 210/499 http://t.co/X2K1xxpFyp #Collectibles #Offer
Tue May 12 18:52:21 +0000 2015,#Lakers #Deals Shaquille O'Neal 2013-14 Immaculate Collection on card auto/patch..72/75 Rare!! http://t.co/ZWBBkm93L7 #Collection #Sale
Tue May 12 18:52:04 +0000 2015,RT @NBAMemes: Kobe Bryant to Dwight Howard. #Lakers #Rockets http://t.co/LWddf0t9mh
Tue May 12 18:50:45 +0000 2015,RT @NBAMemes: Kobe Bryant to Dwight Howard. #Lakers #Rockets http://t.co/LWddf0t9mh
Tue May 12 18:50:36 +0000 2015,#Lakers #Cards 2014-15 Panini Select Julius Randle RC Courtside Silver Prizm SP LAKERS http://t.co/QS8rWDzQAz #Card #Bargains
Tue May 12 18:50:35 +0000 2015,L #Lakers #Autographs 2013-14 PANINI INTRIGUE WINNING INK GOLD SPENCER HAYWOOD 3/10 - BGS 8.5‚Ä¶ #Autograph #Auction http://t.co/G7vGk9CPvP
Tue May 12 18:49:53 +0000 2015,RT @NBAMemes: Kobe Bryant to Dwight Howard. #Lakers #Rockets http://t.co/LWddf0t9mh
Tue May 12 18:49:47 +0000 2015,RT @NBAMemes: Kobe Bryant to Dwight Howard. #Lakers #Rockets http://t.co/LWddf0t9mh
Tue May 12 18:49:07 +0000 2015,#Sports #Memorabilia Sports Illustrated MAGAZINE March 5 1984- MAGIC JOHNSON (#Lakers) -VINTAGE http://t.co/ltKNoTTBdT #eBay #Bestseller
Tue May 12 18:49:07 +0000 2015,RT @NBAMemes: Kobe Bryant to Dwight Howard. #Lakers #Rockets http://t.co/LWddf0t9mh
Tue May 12 18:48:16 +0000 2015,RT @NBAMemes: Kobe Bryant to Dwight Howard. #Lakers #Rockets http://t.co/LWddf0t9mh
Tue May 12 18:45:07 +0000 2015,L L #JeremyLin #Lakers NIKE ZOOM HYPERDUNK 2011 LOW PE SON OF THE DRAGON JEREMY LIN SIZE 12 #Deals #Online http://t.co/8kzpkrfRb9
Tue May 12 18:45:06 +0000 2015,L #Lakers #NBA 2000/01 Black Diamond Diamond Might #Kobe #Bryant Insert #Collectibles #Offer http://t.co/a2Ugu0LZzq
Tue May 12 18:44:56 +0000 2015,RT @NBAMemes: Kobe Bryant to Dwight Howard. #Lakers #Rockets http://t.co/LWddf0t9mh
Tue May 12 18:44:35 +0000 2015,#Health #Fatloss Are You Trying to Lose Weight But Struggling to Get Motivated When It Comes to‚Ä¶ http://t.co/CgfMeRPsIT #Deals #Lakers
Tue May 12 18:42:07 +0000 2015,#Lakers #Autographs KEITH ERICKSON SIGNED 3X5 INDEX card LOS ANGELES LAKERS WARRIORS BULLS SUNS‚Ä¶ http://t.co/iWgGkjIW5s #Autograph #Auction
Tue May 12 18:36:40 +0000 2015,#Lakers #NBA #Adidas #Kobe #Bryant #TShirt #Jersey Men's Los Angeles Lakers Large *Free‚Ä¶ http://t.co/58yS3sXuGp #Collectibles #Offer
Tue May 12 18:36:39 +0000 2015,#Lakers #Deals New #NBA #24 #Kobe #Bryant Los Angeles Lakers Champion twill cotton jacket mens 3XL http://t.co/TPq3djc4j5 #Collection #Sale
Tue May 12 18:36:39 +0000 2015,#Apparel #Souvenirs #Lakers 2002 Home Shooting Shirt with the original tags attached!!! L http://t.co/qAoTvh8TR8 #Forsale #onsale
Tue May 12 18:35:23 +0000 2015,RT @NBAMemes: Kobe Bryant to Dwight Howard. #Lakers #Rockets http://t.co/LWddf0t9mh
Tue May 12 18:35:13 +0000 2015,New Los Angeles Lakers Rumors. Monday May 11 2015 http://t.co/hIQizF828I #Lakers #NBA
Tue May 12 18:35:08 +0000 2015,L #Lakers #Autographs 2012-13 PANINI FLAWLESS INSCRIPTIONS GOLD RICK FOX 5/10 - BGS 8 + AUTO 10 #Autograph #Auction http://t.co/dAuskB1ZDT
Tue May 12 18:35:08 +0000 2015,#Lakers #Cards 2013-14 Flawless Pau Gasol SICK 3 Color Game Used Patch /25 Lakers/Bulls http://t.co/IvSYvKpJZo #Card #Bargains
Tue May 12 18:35:07 +0000 2015,L L L #JeremyLin #Lakers Authentic New York Knicks Jeremy Lin Adidas Size 52 XXL Swingman Sewn Jersey #Deals #Online http://t.co/w8vBe93v4g
Tue May 12 18:35:03 +0000 2015,#hr #recruiting #Lakers #Celtics #basketball #NBA  https://t.co/2bpIasSwJ2
Tue May 12 18:32:54 +0000 2015,RT @NBAMemes: Kobe Bryant to Dwight Howard. #Lakers #Rockets http://t.co/LWddf0t9mh
Tue May 12 18:32:32 +0000 2015,#Lakers Join us in wishing @lagalaxy defender @robbierogers a Happy Birthday! ‚öΩÔ∏èüéâ by twcsportsnet http://t.co/arAVwtSVPO
Tue May 12 18:32:04 +0000 2015,#NBA Comienza el Draft Combine 2015 http://t.co/w7dFmuydp1 #LAKERS #VENEZUELA
Tue May 12 18:31:19 +0000 2015,RT @NBAMemes: Kobe Bryant to Dwight Howard. #Lakers #Rockets http://t.co/LWddf0t9mh
Tue May 12 18:30:46 +0000 2015,RT @NBAMemes: Kobe Bryant to Dwight Howard. #Lakers #Rockets http://t.co/LWddf0t9mh
Tue May 12 18:29:39 +0000 2015,L B #NBA #Lakers hot Custom NBA LAKERS #JeremyLin 1/6 figure HEAD ONLY toys enterbay michael #eBay #Auction http://t.co/o4t1nwwQqm
Tue May 12 18:29:38 +0000 2015,RT @NBAMemes: Kobe Bryant to Dwight Howard. #Lakers #Rockets http://t.co/LWddf0t9mh
Tue May 12 18:29:35 +0000 2015,L L #Lakers #Cards Pau Gasol 2009-10 Certified Jersey Auto Card SP /25 LAKERS BULLS #Card #Bargains http://t.co/DkzJPyoGTm
Tue May 12 18:29:06 +0000 2015,#Health #Fatloss Diet Doc Announces Diet Plans That Are Capable of Melting Up to 20 Pounds Per Month http://t.co/apVBINw5xD #Deals #Lakers
Tue May 12 18:28:27 +0000 2015,RT @NBAMemes: Dwight Howard's LA-PROBLEMS.#Lakers #Clippers #Rockets http://t.co/PNDxUxRqMU
Tue May 12 18:28:01 +0000 2015,RT @NBAMemes: Kobe Bryant to Dwight Howard. #Lakers #Rockets http://t.co/LWddf0t9mh
Tue May 12 18:27:47 +0000 2015,RT @NBAMemes: Kobe Bryant to Dwight Howard. #Lakers #Rockets http://t.co/LWddf0t9mh
Tue May 12 18:26:40 +0000 2015,#Lakers #Autographs Kareem Abdul Jabbar Framed Autographed Los Angeles Lakers Basketball Jersey http://t.co/0vdqVnJnqa #Autograph #Auction
Tue May 12 18:26:28 +0000 2015,RT @NBAMemes: Kobe Bryant to Dwight Howard. #Lakers #Rockets http://t.co/LWddf0t9mh
Tue May 12 18:26:05 +0000 2015,#NBA #Lakers 2014/15 SELECT KOBE BRYANT/#JeremyLin DOUBLE TEAM DUAL GAME JERSEY#86/149 LAKERS http://t.co/WrdtCwfy86 #eBay #Auction
Tue May 12 18:26:04 +0000 2015,#JeremyLin #Lakers 2014/15 SELECT KOBE BRYANT/JEREMY LIN DOUBLE TEAM DUAL GAME JERSEY#86/149 LAKERS http://t.co/a0Ec4a3dg8 #Deals #Online
Tue May 12 18:23:50 +0000 2015,RT @NBAMemes: Kobe Bryant to Dwight Howard. #Lakers #Rockets http://t.co/LWddf0t9mh
Tue May 12 18:23:31 +0000 2015,Are the #Lakers playing tonight??   LOL
Tue May 12 18:22:54 +0000 2015,RT @laker_fan_: NBA Draft 2015: D'Angelo Russell studied Manu Ginobili says he's a combo guard http://t.co/k1SKbjubOz #Lakers
Tue May 12 18:22:44 +0000 2015,RT @NBAMemes: Kobe Bryant to Dwight Howard. #Lakers #Rockets http://t.co/LWddf0t9mh
Tue May 12 18:22:14 +0000 2015,L #Lakers #Deals Los Angeles LA Lakers Stainless Steel Water Bottle #Collection #Sale http://t.co/ALfjHjH2xi
Tue May 12 18:21:25 +0000 2015,#Lakers #NBA 1986-87 FLEER #53 MAGIC JOHNSON - NO RESERVE http://t.co/ClMT4pp9yg #Collectibles #Offer
Tue May 12 18:21:24 +0000 2015,#Lakers #Deals #Adidas #Kobe #Bryant #TShirt #Jersey Men's Los Angeles Lakers Large *Free‚Ä¶ http://t.co/9XVE0Ar95b #Collection #Sale
Tue May 12 18:21:24 +0000 2015,#Apparel #Souvenirs Vintage Russell Athletic #LosAngeles #Lakers Reversible #NBA Practice #Jersey‚Ä¶ http://t.co/AKC1psZKhl #Forsale #onsale
Tue May 12 18:20:27 +0000 2015,NBA Draft 2015: D'Angelo Russell studied Manu Ginobili says he's a combo guard http://t.co/k1SKbjubOz #Lakers
Tue May 12 18:20:20 +0000 2015,RT @NBAMemes: Kobe Bryant to Dwight Howard. #Lakers #Rockets http://t.co/LWddf0t9mh
Tue May 12 18:20:03 +0000 2015,#Lakers Olimpia Milano of the Italian League wants to keep MarShon Brooks according to Sportando.  http://t.co/ojOABVyels
Tue May 12 18:19:26 +0000 2015,RT @NBAMemes: Kobe Bryant to Dwight Howard. #Lakers #Rockets http://t.co/LWddf0t9mh
Tue May 12 18:19:02 +0000 2015,RT @NBAMemes: Kobe Bryant to Dwight Howard. #Lakers #Rockets http://t.co/LWddf0t9mh
Tue May 12 18:17:59 +0000 2015,RT @NBAMemes: Kobe Bryant to Dwight Howard. #Lakers #Rockets http://t.co/LWddf0t9mh
Tue May 12 18:17:26 +0000 2015,RT @NBAMemes: Kobe Bryant to Dwight Howard. #Lakers #Rockets http://t.co/LWddf0t9mh
Tue May 12 18:17:23 +0000 2015,RT @NBAMemes: Kobe Bryant to Dwight Howard. #Lakers #Rockets http://t.co/LWddf0t9mh
Tue May 12 18:17:19 +0000 2015,#Lakers #Cards Steve Nash 2014/15 Panini Court Kings retail Rookie Royalty insert #19 Suns http://t.co/13NrCaFeeZ #Card #Bargains
Tue May 12 18:17:19 +0000 2015,L L L #Lakers #Autographs Autographed Magic Johnson Lakers 8x10 Photo Fanatics Authentic COA‚Ä¶ #Autograph #Auction http://t.co/BbU7YzDzvW
Tue May 12 18:17:04 +0000 2015,RT @NBAMemes: Kobe Bryant to Dwight Howard. #Lakers #Rockets http://t.co/LWddf0t9mh
Tue May 12 18:17:00 +0000 2015,RT @NBAMemes: Kobe Bryant to Dwight Howard. #Lakers #Rockets http://t.co/LWddf0t9mh
Tue May 12 18:16:15 +0000 2015,L L #NBA #Lakers #JeremyLin 2012-2013 Select In Flight Selections Insert Card ROCKETS LAKERS +++ #eBay #Auction http://t.co/754ZqS5H4R
Tue May 12 18:16:07 +0000 2015,RT @NBAMemes: Kobe Bryant to Dwight Howard. #Lakers #Rockets http://t.co/LWddf0t9mh
Tue May 12 18:15:50 +0000 2015,One week away #Lakers fans. http://t.co/1EQo4rHUGs
Tue May 12 18:15:12 +0000 2015,New Los Angeles Lakers Rumors. Tuesday May 12 2015 http://t.co/hIQizF828I #Lakers #NBA
Tue May 12 18:11:33 +0000 2015,#Health #Fatloss Why Weight Loss Surgery is the Best Option for Fighting Extreme Obesity http://t.co/6cD2sKgJGY #Deals #Lakers
Tue May 12 18:10:08 +0000 2015,#NBA #Lakers millhouse #JeremyLin rookie card mint rare http://t.co/cbq5ZzYrIi #eBay #Auction
Tue May 12 18:10:08 +0000 2015,#JeremyLin #Lakers JEREMY LIN 23 Card Lot with 6 Inserts NBA WARRIORS KNICKS ROCKETS LAKERS http://t.co/EbJFYPu5m9 #Deals #Online
Tue May 12 18:09:38 +0000 2015,#Lakers #Autographs 2013-14 PANINI INTRIGUE WINNING INK GOLD SPENCER HAYWOOD 3/10 - BGS 8.5‚Ä¶ http://t.co/DvNlStogzS #Autograph #Auction
Tue May 12 18:09:31 +0000 2015,RT @NBAMemes: Kobe Bryant to Dwight Howard. #Lakers #Rockets http://t.co/LWddf0t9mh
Tue May 12 18:09:07 +0000 2015,#Lakers Tweets: The @NBADraft Lottery is a week away! @LakersReporter with everything‚Ä¶ http://t.co/8FBiRlfu4G #NBA http://t.co/hbwvjVFe26
Tue May 12 18:09:05 +0000 2015,#WeLoveLA RT #Lakers  The NBADraft Lottery is a week away! LakersReporter with everything you‚Ä¶ http://t.co/cpPLPbUrmq  #SportsRoadhouse
Tue May 12 18:09:05 +0000 2015,#Lakers  RT The @NBADraft Lottery is a week away! @LakersReporter with everything you need to‚Ä¶ http://t.co/5oYUQWc5XG #SportsRoadhouse
Tue May 12 18:09:05 +0000 2015,#Lakers #LosAngelesLakers #LA NBA Draft 2015: D'Angelo Russell studied Manu Ginobili says he's a combo guard http://t.co/2FOfdf0FKF
Tue May 12 18:07:15 +0000 2015,Kobe Bryant to Dwight Howard. #Lakers #Rockets - http://t.co/gSJsgSF73V http://t.co/eECCLFgCL5
Tue May 12 18:07:13 +0000 2015,Kobe Bryant to Dwight Howard. #Lakers #Rockets - http://t.co/7wIs5B3w3q http://t.co/JK8xw5K2rN
Tue May 12 18:07:10 +0000 2015,Kobe Bryant to Dwight Howard. #Lakers #Rockets - http://t.co/yykbMHuHs5 http://t.co/poSJRFvFZa
Tue May 12 18:06:50 +0000 2015,RT @NBAMemes: Kobe Bryant to Dwight Howard. #Lakers #Rockets http://t.co/LWddf0t9mh
Tue May 12 18:06:09 +0000 2015,L #JeremyLin #Lakers New York Knick Women's Blue Jeremy Lin #17 Large NBA Basketball Jersey New #Deals #Online http://t.co/IJVOnYMoKg
Tue May 12 18:06:06 +0000 2015,L #Lakers #Deals #Kobe #Bryant LOS ANGELES LAKERS 8X10 SLAM DUNK PHOTO WOW! #Collection #Sale http://t.co/vwynHlI4oj
Tue May 12 18:05:12 +0000 2015,#Lakers #NBA 2000/01 Black Diamond Diamond Might #Kobe #Bryant Insert http://t.co/hUdrqSNn8L #Collectibles #Offer
Tue May 12 18:05:11 +0000 2015,#Lakers #Deals #Kobe #Bryant 2008-09 SPX die cut # 24 http://t.co/pgPc9EQN4V #Collection #Sale
Tue May 12 18:05:11 +0000 2015,#Apparel #Souvenirs NWT #Kobe #Bryant #24 #LosAngeles LA #Lakers Yellow Gold Size S Swingman Men‚Ä¶ http://t.co/zPLpSSDa4L #Forsale #onsale
Tue May 12 18:04:09 +0000 2015,Kobe Bryant to Dwight Howard. #Lakers #Rockets - http://t.co/PeBiB3fGed http://t.co/CbbFvUjewv
Tue May 12 18:03:28 +0000 2015,RT @NBAMemes: Kobe Bryant to Dwight Howard. #Lakers #Rockets http://t.co/LWddf0t9mh
Tue May 12 18:03:26 +0000 2015,Kobe Bryant to Dwight Howard. #Lakers #Rockets - http://t.co/9A7YeWkngi http://t.co/984eMDlBMJ
Tue May 12 18:02:46 +0000 2015,RT @NBAMemes: Kobe Bryant to Dwight Howard. #Lakers #Rockets http://t.co/LWddf0t9mh
Tue May 12 18:02:08 +0000 2015,#Lakers #Cards BYRON SCOTT 2014-15 PANINI GOLD STANDARD ETCHED IN GOLD AUTOGRAPH AUTO 99 LAKERS http://t.co/qFAGsRboLU #Card #Bargains
Tue May 12 18:01:31 +0000 2015,RT @NBAMemes: Kobe Bryant to Dwight Howard. #Lakers #Rockets http://t.co/LWddf0t9mh
Tue May 12 18:01:26 +0000 2015,RT @NBAMemes: Kobe Bryant to Dwight Howard. #Lakers #Rockets http://t.co/LWddf0t9mh
Tue May 12 18:01:25 +0000 2015,RT @NBAMemes: Kobe Bryant to Dwight Howard. #Lakers #Rockets http://t.co/LWddf0t9mh
Tue May 12 18:00:36 +0000 2015,#Sports #Memorabilia #LosAngeles #Lakers 2010 #NBA Championship Parade LA Times Newspaper #Kobe‚Ä¶ http://t.co/iOsrlocxj6 #eBay #Bestseller
Tue May 12 18:00:30 +0000 2015,RT @NBAMemes: Kobe Bryant to Dwight Howard. #Lakers #Rockets http://t.co/LWddf0t9mh
Tue May 12 18:00:24 +0000 2015,RT @NBAMemes: Kobe Bryant to Dwight Howard. #Lakers #Rockets http://t.co/LWddf0t9mh
Tue May 12 17:59:48 +0000 2015,RT @NBAMemes: Kobe Bryant to Dwight Howard. #Lakers #Rockets http://t.co/LWddf0t9mh
Tue May 12 17:58:51 +0000 2015,RT @NBAMemes: Kobe Bryant to Dwight Howard. #Lakers #Rockets http://t.co/LWddf0t9mh
Tue May 12 17:58:15 +0000 2015,RT @NBAMemes: Kobe Bryant to Dwight Howard. #Lakers #Rockets http://t.co/LWddf0t9mh
Tue May 12 17:56:20 +0000 2015,L L B #JeremyLin #Lakers DS Nike Zoom Hyperdunk 2011 Low PE: Jeremy Lin YOTD sz.10 Basketball Shoes #Deals #Online http://t.co/cbjgpYU4MO
