Tue May 12 18:52:07 +0000 2015,#DwyaneWade #Deals 2012 Panini Limited Performers Dwyane Wade Jersey Patch Card #13 http://t.co/7f9JEQiAAk #NBA #MiamiHeat
Tue May 12 18:52:07 +0000 2015,#DwyaneWade #NBA DWYANE WADE 2014-15 PANINI IMMACULATE DUAL JERSEY 38/99 http://t.co/AZEKyZhmDs #MiamiHeat #HEATwin
Tue May 12 18:50:36 +0000 2015,#Autographs #onsale Malik Allen Autographed 2003 Fleer #MiamiHeat Autographed 2003 Fleer http://t.co/isqR0Of0NU #Autograph #Forsale
Tue May 12 18:50:09 +0000 2015,L L L #DwyaneWade #NBA 2003-04 UD Triple Dimensions Reflections Dwyane Wade #41 Rookie Graded 9 Mint #MiamiHeat… http://t.co/u04lWAJqeh
Tue May 12 18:45:06 +0000 2015,L L #Apparel #Souvenirs #MiamiHeat #Adidas Originals Long Sleeve Thermal Ivory Shirt Men's SZ (S-2XL) #eBay #Auction http://t.co/oPZkLD47BZ
Tue May 12 18:45:05 +0000 2015,L L #DwyaneWade #Deals 2005-06 Bowman Draft Picks &ampampamp Prospects Dwyane Wade Miami Heat NM-MT #NBA #MiamiHeat http://t.co/OUzuPA4wfo
Tue May 12 18:38:05 +0000 2015,#Cards #Card 96-97 St. Club Matrix Parallel Kurt Thomas #MiamiHeat http://t.co/juRTc9i74b #Bargain #Deal
Tue May 12 18:36:38 +0000 2015,#DwyaneWade #Deals 2013-14 Panini Spectra Dwyane Wade Card-#/199! http://t.co/KpqusvlJGw #NBA #MiamiHeat
Tue May 12 18:36:38 +0000 2015,#DwyaneWade #NBA DWYANE WADE 2003/04 TOPPS CHROME CHROMOGRAPHS ROOKIE SIGNATURE REFRACTOR 05/25 http://t.co/EYaXg9xsTZ #MiamiHeat #HEATwin
Tue May 12 18:35:47 +0000 2015,#NBA #MiamiHeat - Miami Heat Adidas Basketball James Kids Children Sz S:  $14.99End Dat... http://t.co/W6kIoaV1ca http://t.co/lQmogZfBKD
Tue May 12 18:29:37 +0000 2015,L L #DwyaneWade #Deals DWYANE WADE MIAMI HEAT LOT OF 68 CARDS (WJ315) #NBA #MiamiHeat http://t.co/SjKpwtElQM
Tue May 12 18:29:36 +0000 2015,#Apparel #Souvenirs #MiamiHeat #Adidas #Basketball James Kids Children Sz S http://t.co/Sv3HvNCdyo #eBay #Auction
Tue May 12 18:29:36 +0000 2015,L #Cards #Card #MiamiHeat Burnie the mascot photo Team issue postcard facsimile auto ODDBALL #Bargain #Deal http://t.co/SfJ1bLTWpe
Tue May 12 18:24:17 +0000 2015,#miamiheat is a #haschtag
Tue May 12 18:22:14 +0000 2015,#Cards #Card ■1/1 GORAN DRAGIC Crown Royale Dir-Cut AUTO #'d 7/10 ▪JERSEY NUMBER▪ #MiamiHeat http://t.co/emSeET05Xu #Bargain #Deal
Tue May 12 18:21:09 +0000 2015,#DwyaneWade #Deals 02-03 Topps Finest RC XRC Dwyane Wade #182 Miami Heat http://t.co/sjvDAqsdbU #NBA #MiamiHeat
Tue May 12 18:21:07 +0000 2015,#DwyaneWade #NBA 2008-09 Dwyane Wade Topps Finest AUTO REFRACTOR Autograph SP Miami Heat http://t.co/CPXBWOaEsM #MiamiHeat #HEATwin
Tue May 12 18:17:16 +0000 2015,L L #DwyaneWade #NBA 2005-06 Bowman Draft Picks &ampampamp Prospects Dwyane Wade Miami Heat NM-MT #MiamiHeat #HEATwin http://t.co/muXB1s2ANa
Tue May 12 18:09:07 +0000 2015,#miamiheat #miami TrueHoop TV Live http://t.co/ik9pOIfL2o
Tue May 12 18:06:08 +0000 2015,L #Cards #Card 2008-09 Dwyane Wade #Topps Finest AUTO REFRACTOR #Autograph SP #MiamiHeat #Bargain #Deal http://t.co/MmqPoDYHSx
Tue May 12 18:06:07 +0000 2015,#Cards #Card 2014-15 Immaculate NBA CHAMPIONS Ray Allen Silver AUTO 65/75 #MiamiHeat http://t.co/ZKecHobAbb #Bargain #Deal
Tue May 12 18:06:07 +0000 2015,L #DwyaneWade #Deals 2005-06 Topps Big Game Dwyane Wade #94 Heat 087/179 *A2ED #NBA #MiamiHeat http://t.co/5mwz40unId
Tue May 12 18:05:08 +0000 2015,#DwyaneWade #Deals DWYANE WADE 2003/04 TOPPS CHROME CHROMOGRAPHS ROOKIE SIGNATURE REFRACTOR 05/25 http://t.co/cKC8YMovCu #NBA #MiamiHeat
Tue May 12 18:05:07 +0000 2015,#DwyaneWade #NBA 2003 TOPPS ROOKIE MATRIX - LEBRON JAMES/CARMELO ANTHONY/DWYANE WADE- BGS 9 MINT http://t.co/w0myOzPjJK #MiamiHeat #HEATwin
Tue May 12 17:56:17 +0000 2015,L L #DwyaneWade #NBA 2003-04 UD Triple Dimensions Reflections Dwyane Wade #41 Rookie Graded 9 Mint #MiamiHeat… http://t.co/zscXKcJXTx
Tue May 12 17:51:43 +0000 2015,Feeling the love with this gift #Miami #Heat #MiamiHeat #heatnation #snapback https://t.co/evDqbJBeNs
Tue May 12 17:50:13 +0000 2015,L #Apparel #Souvenirs #MiamiHeat #Adidas Originals Long Sleeve Thermal Ivory Shirt Men's SZ (S-2XL) #eBay #Auction http://t.co/CYoMOwtPz5
Tue May 12 17:50:13 +0000 2015,L #DwyaneWade #Deals 2005-06 Bowman Draft Picks &ampamp Prospects Dwyane Wade Miami Heat NM-MT #NBA #MiamiHeat http://t.co/1IpZu1ODNW
Tue May 12 17:49:43 +0000 2015,Heat lament Rose's injury - http://t.co/A37D8aynYI #MiamiHEAT
Tue May 12 17:49:08 +0000 2015,#DwyaneWade #Deals DWYANE WADE 2014-15 PANINI IMMACULATE DUAL JERSEY 38/99 http://t.co/Woubl0bn2W #NBA #MiamiHeat
Tue May 12 17:49:07 +0000 2015,#DwyaneWade #NBA 02-03 Topps Finest RC XRC Dwyane Wade #182 Miami Heat http://t.co/tN1Gsju3s6 #MiamiHeat #HEATwin
Tue May 12 17:48:07 +0000 2015,Check out this item in my Etsy shop https://t.co/BwyvACa5LE #bottlecap #earrings #NBA #Lakers #mavericks #nets #THUNDER #Knicks #MiamiHeat
Tue May 12 17:44:06 +0000 2015,L #Cards #Card 2014-15 Totally Certified Jersey Blue #16 Chris Andersen 046/199 #MiamiHeat #Bargain #Deal http://t.co/9hkMmP7svO
Tue May 12 17:41:10 +0000 2015,#Apparel #Souvenirs Vtg #NBA #MiamiHeat #32 SHAQ O'NEAL #Adidas Swingman #Basketball #Jersey L Black http://t.co/grdpYzTsUP #eBay #Auction
Tue May 12 17:38:34 +0000 2015,L #DwyaneWade #Deals DWYANE WADE MIAMI HEAT LOT OF 68 CARDS (WJ315) #NBA #MiamiHeat http://t.co/a5F4y86nWV
Tue May 12 17:34:12 +0000 2015,#Cards #Card #MiamiHeat Burnie the mascot photo Team issue postcard facsimile auto ODDBALL http://t.co/F5lNlzDCln #Bargain #Deal
Tue May 12 17:32:34 +0000 2015,#DwyaneWade #Deals 2003-04 Fleer Tradition #300 LeBron James RC/ Anthony RC/Dwyane Wade RC - NM-MT http://t.co/CeqEy9uzqH #NBA #MiamiHeat
Tue May 12 17:32:34 +0000 2015,#DwyaneWade #NBA 2010 Dwyane Wade Timeless Threads Classics Jersey Patch Card #73 http://t.co/ImFbpWEgFS #MiamiHeat #HEATwin
Tue May 12 17:29:12 +0000 2015,#Sport #Clothing RARE #MiamiHeat Hat (#LeBron James Edition) - Fitted Size 7 3/4- Black and Red http://t.co/gT3WuTKeSf #onsale #Discount
Tue May 12 17:26:34 +0000 2015,L #DwyaneWade #Deals 2014-15 Court Kings Rookie Royalty #9 Dwyane Wade - NM-MT Heat #NBA #MiamiHeat http://t.co/UjzSehEKN9
Tue May 12 17:25:10 +0000 2015,#Apparel #Souvenirs Mitchell &amp Ness #MiamiHeat Authenic Hardwood Classics #NBA Hat size 7 5/8 NEW http://t.co/ksKJw97V2N #eBay #Auction
Tue May 12 17:21:38 +0000 2015,L #DwyaneWade #NBA 2005-06 Bowman Draft Picks &ampamp Prospects Dwyane Wade Miami Heat NM-MT #MiamiHeat #HEATwin http://t.co/B2tJESQGOF
Tue May 12 17:17:36 +0000 2015,#Cards #Card 2008-09 Dwyane Wade #Topps Finest AUTO REFRACTOR #Autograph SP #MiamiHeat http://t.co/MnDVQQGPF0 #Bargain #Deal
Tue May 12 17:16:09 +0000 2015,#NBA #MiamiHeat - Mitchell &amp Ness Miami Heat Authenic Hardwood Classics NBA Hat size 7 ... http://t.co/MjkYWU88kU http://t.co/lQmogZfBKD
Tue May 12 17:16:09 +0000 2015,#NBA #MiamiHeat - Vtg NBA MIAMI HEAT #32 SHAQ O'NEAL Adidas Swingman Basketball Jersey ... http://t.co/aH1dMnFRAk http://t.co/lQmogZfBKD
Tue May 12 17:16:09 +0000 2015,#NBA #MiamiHeat - Lebron James Miami Heat Adidas Climacool NBA Authentic Red Jersey Siz... http://t.co/OHgw5BGYKI http://t.co/lQmogZfBKD
Tue May 12 17:16:09 +0000 2015,#DwyaneWade #Deals 2005-06 Topps Big Game Dwyane Wade #94 Heat 087/179 *A2ED http://t.co/8aU1yj4BY1 #NBA #MiamiHeat
Tue May 12 17:16:08 +0000 2015,#NBA #MiamiHeat - Mitchell &amp Ness Miami Heat Authenic Hardwood Classics NBA Hat size 7 ... http://t.co/wurpcQiYuC http://t.co/k33Sm3HFUt
Tue May 12 17:16:08 +0000 2015,#DwyaneWade #NBA 2012 Panini Limited Performers Dwyane Wade Jersey Patch Card #13 http://t.co/vnMmLNB5zY #MiamiHeat #HEATwin
Tue May 12 17:16:08 +0000 2015,#NBA #MiamiHeat - Vtg NBA MIAMI HEAT #32 SHAQ O'NEAL Adidas Swingman Basketball Jersey ... http://t.co/etm7Ke2N2m http://t.co/k33Sm3HFUt
Tue May 12 17:16:08 +0000 2015,#NBA #MiamiHeat - Lebron James Miami Heat Adidas Climacool NBA Authentic Red Jersey Siz... http://t.co/L12jJSDzZ4 http://t.co/k33Sm3HFUt
Tue May 12 17:16:08 +0000 2015,#NBA #MiamiHeat - BNWT MENS SIZE 2XL NBA MIAMI HEAT MITCHELL &amp NESS JACKET W/HOOD:  $29... http://t.co/YLOO4oSI1K http://t.co/k33Sm3HFUt
Tue May 12 17:16:08 +0000 2015,#NBA #MiamiHeat - New Zipway NBA Mens Miami Heat Basketball Shorts Athletic Large 34-36... http://t.co/LX32scKyvI http://t.co/k33Sm3HFUt
Tue May 12 17:14:04 +0000 2015,#Sport #Clothing College Concepts Women's #MiamiHeat Insider Tank Top http://t.co/GJWG2Ln8hB #onsale #Discount
Tue May 12 17:10:47 +0000 2015,LeBron James' Miami mansion: Price drops to a mere $15 million http://t.co/uPCvbbSufZ @MiamiHeat @KingJames #MiamiHeat #KingJames #Miami
Tue May 12 17:09:38 +0000 2015,#Apparel #Souvenirs #MiamiHeat #Adidas Originals Long Sleeve Thermal Ivory Shirt Men's SZ (S-2XL) http://t.co/6EvmnYxE4w #eBay #Auction
Tue May 12 17:05:42 +0000 2015,L L #Sport #Clothing NIKE AIR ZOOM FLIGHT THE GLOVE #MiamiHeat CHAMPIONSHIP 616772-600 BRAND NEW 9.5 #onsale… http://t.co/b3T773ZfRb
Tue May 12 17:05:36 +0000 2015,L #DwyaneWade #NBA 2003-04 UD Triple Dimensions Reflections Dwyane Wade #41 Rookie Graded 9 Mint #MiamiHeat #HEATwin http://t.co/dCUyzcXqOm
Tue May 12 17:02:09 +0000 2015,#Cards #Card 2014-15 Totally Certified Jersey Blue #16 Chris Andersen 046/199 #MiamiHeat http://t.co/FP4RDMWKXQ #Bargain #Deal
Tue May 12 17:00:06 +0000 2015,#DwyaneWade #Deals 2005-06 Bowman Draft Picks &amp Prospects Dwyane Wade Miami Heat NM-MT http://t.co/AkM0XWPDqD #NBA #MiamiHeat
Tue May 12 17:00:06 +0000 2015,#DwyaneWade #NBA 2014-15 Court Kings Rookie Royalty #9 Dwyane Wade - NM-MT Heat http://t.co/dsrnBLi9ZM #MiamiHeat #HEATwin
Tue May 12 16:58:07 +0000 2015,#Autographs #onsale Glen Rice signed 24X36 #Poster U of M #MiamiHeat Charlotte Hornets http://t.co/JrK8Kl8MKQ #Autograph #Forsale
Tue May 12 16:57:37 +0000 2015,#Sporting #Goods #MiamiHeat Mitchell and Ness NBA Pin Stripe Bucket Hat ... http://t.co/gvTsHWKBIN #Mall #TopSeller
Tue May 12 16:57:37 +0000 2015,#Sport #Clothing NWOT #NBA Majestic Boys Dwayne Wade #MiamiHeat Basketball #Jersey Sz 5/6 Boys http://t.co/j8DTVs9LMd #onsale #Discount
Tue May 12 16:54:06 +0000 2015,#Apparel #Souvenirs #LeBron James #MiamiHeat #Adidas Climacool #NBA Authentic Red #Jersey Size XL http://t.co/84BL0m8RXq #eBay #Auction
Tue May 12 16:50:14 +0000 2015,L #DwyaneWade #Deals DWYANE WADE 2014/15 Select Swatches PATCH jersey GOLD Mosaic Prizm SP 04/10 #NBA #MiamiHeat http://t.co/ifTPFtVk5Z
Tue May 12 16:45:03 +0000 2015,#NBA #MiamiHeat - BNWT MENS SIZE 2XL NBA MIAMI HEAT MITCHELL &amp NESS JACKET W/HOOD:  $29... http://t.co/B9zjs4d8pa http://t.co/lQmogZfBKD
Tue May 12 16:45:03 +0000 2015,#NBA #MiamiHeat - New Zipway NBA Mens Miami Heat Basketball Shorts Athletic Large 34-36... http://t.co/UPudpI0OEX http://t.co/lQmogZfBKD
Tue May 12 16:44:08 +0000 2015,http://t.co/SwYsVWlsRs NBA Draft mock lottery: Kelly Oubre in Heat's future?  #MiamiHeat  http://t.co/uY3y6D1JWC
Tue May 12 16:44:07 +0000 2015,#DwyaneWade #Deals DWYANE WADE MIAMI HEAT LOT OF 68 CARDS (WJ315) http://t.co/DIo3zIUrbQ #NBA #MiamiHeat
Tue May 12 16:44:07 +0000 2015,#DwyaneWade #NBA 2005-06 Topps Big Game Dwyane Wade #94 Heat 087/179 *A2ED http://t.co/irF8dJsj16 #MiamiHeat #HEATwin
Tue May 12 16:43:57 +0000 2015,Nice @SportsGangsta! You're top of #miamiheat! Tired of your inbox being full of junk? Try Unroll.Me http://t.co/b5L804JFEE
Tue May 12 16:42:05 +0000 2015,Role Players Are Stepping Up For The Miami Heat #BostonCeltics #HtmlHtmlHtmlHtmlHtml #MiamiHeat #TheHeat http://t.co/GdlCzpLvQu
Tue May 12 16:39:07 +0000 2015,L #Cards #Card 2014-15 Immaculate James Ennis RC Rookie Jersey 32/99 #MiamiHeat #Bargain #Deal http://t.co/JJK32ad14q
Tue May 12 16:38:26 +0000 2015,#Apparel #Souvenirs BNWT MENS SIZE 2XL #NBA #MiamiHeat MITCHELL &amp NESS JACKET W/HOOD http://t.co/QmVwQmBtk5 #eBay #Auction
Tue May 12 16:34:07 +0000 2015,L L L #Apparel #Souvenirs #LeBron James Pro-Cut #Jersey Authentic #MiamiHeat 352 of 500 #eBay #Auction http://t.co/HctKMmWlRM
Tue May 12 16:31:30 +0000 2015,http://t.co/uPCvbbSufZ  LeBron James' Miami mansion: Price drops to a mere $15 million @MiamiHEAT #LebronJames #MiamiHeat #RealEstate
Tue May 12 16:30:32 +0000 2015,http://t.co/3K1XyjOa7r New Miami Heat City Hunter Cap 100% Cotton Hat SnapBack - Black  #MiamiHeat  http://t.co/zgNUCjtQ0g
Tue May 12 16:29:17 +0000 2015,L #DwyaneWade #NBA 2012-13 Totally Certified Red Materials #120 Dwyane Wade Jsy Relic #MiamiHeat #HEATwin http://t.co/W9fokWS5G9
Tue May 12 16:27:36 +0000 2015,#DwyaneWade #Deals 2014-15 Court Kings Rookie Royalty #9 Dwyane Wade - NM-MT Heat http://t.co/vly8JqoCY7 #NBA #MiamiHeat
Tue May 12 16:27:35 +0000 2015,#DwyaneWade #NBA 2005-06 Bowman Draft Picks &amp Prospects Dwyane Wade Miami Heat NM-MT http://t.co/SyG5JEFFn4 #MiamiHeat #HEATwin
Tue May 12 16:26:34 +0000 2015,#Autographs #onsale P.J. Brown autographed 8x10 #MiamiHeat Free Shipping http://t.co/NmXTK96hJh #Autograph #Forsale
Tue May 12 16:23:05 +0000 2015,#Apparel #Souvenirs New Zipway #NBA Mens #MiamiHeat #Basketball Shorts Athletic Large 34-36 http://t.co/FyDy4DHwNe #eBay #Auction
Tue May 12 16:21:21 +0000 2015,http://t.co/TdJQjsB3gj [Palm Beach Post: Heat Zone] - Could Heat chase Marc Gasol?  #MiamiHeat  http://t.co/LUpJ4N4b5O
Tue May 12 16:19:18 +0000 2015,L #Sport #Clothing NIKE AIR ZOOM FLIGHT THE GLOVE #MiamiHeat CHAMPIONSHIP 616772-600 BRAND NEW 9.5 #onsale #Discount http://t.co/wWcSYsJ2fJ
Tue May 12 16:19:09 +0000 2015,L #DwyaneWade #Deals DWYANE WADE 2003-04 TOPPS MARK OF EXCELLENCE AUTO #NBA #MiamiHeat http://t.co/V1z4dpIbyG
Tue May 12 16:12:14 +0000 2015,#DwyaneWade #Deals LEBRON JAMES CARMELO ANTHONY DWYANE WADE 2003 TOPPS MATRIX TRIPLE ROOKIE RC NBA http://t.co/jyAr0SMw2f #NBA #MiamiHeat
Tue May 12 16:12:13 +0000 2015,#DwyaneWade #NBA 2003-04 UD Triple Dimensions Reflections Dwyane Wade #41 Rookie Graded 9 Mint http://t.co/g9JjH5PgaG #MiamiHeat #HEATwin
Tue May 12 16:11:16 +0000 2015,#Sport #Clothing Reebok Shaquille O Neal #MiamiHeat #NBA Swag #Jersey Youth Sz XL 18-20 Mens S M http://t.co/q7prHg6MBP #onsale #Discount
Tue May 12 16:11:15 +0000 2015,#Autographs #onsale Brian Grant autographed 8x10 #MiamiHeat #3 Free Shipping http://t.co/13onAznb1u #Autograph #Forsale
Tue May 12 16:08:07 +0000 2015,#miamiheat #heatgame #heat #miami 2014-15克里斯－波什赛季回顾 http://t.co/11I9ohqfYm
Tue May 12 16:07:08 +0000 2015,L L D #Cards #Card #LeBron JAMES 18 Card 2 Insert 1 Promo Lot NBA #MiamiHeat CLEVELAND CAVALIERS #Bargain #Deal http://t.co/hq42e8anfG
Tue May 12 16:07:07 +0000 2015,L #DwyaneWade #Deals 2013-14 Panini PREPARATION Marquette Miami Heat DWYANE WADE NBA Basketball #NBA #MiamiHeat http://t.co/nBEDyPhjR2
Tue May 12 16:06:38 +0000 2015,#Apparel #Souvenirs OFF COLOR #MiamiHeat MITCHELL AND NESS SNAPBACK ADJUSTABLE CAP HARDWOOD CLASSIC http://t.co/yWJXTjKC3M #eBay #Auction
Tue May 12 16:04:37 +0000 2015,Miami Heat reassigns longtime assistants McAdoo Rothstein - http://t.co/gn4pUBw3jB #MiamiHEAT
Tue May 12 16:03:08 +0000 2015,#MiamiHeat #Miami #Heat #HeatNation #teamUSA #NBA #letsgoheat #basketball 2014-15克里斯－波什赛季回顾 http://t.co/IhapaDJd0B
Tue May 12 16:02:15 +0000 2015,RT @DyMiRuntheWorld: The #MiamiHeat right now http://t.co/KYFFXknUFO #MakeItReignForever #Strut #BBITF http://t.co/XD5m7KqjVA
Tue May 12 15:57:38 +0000 2015,#Cards #Card 2014-15 Immaculate James Ennis RC Rookie Jersey 32/99 #MiamiHeat http://t.co/nioF1WG5xB #Bargain #Deal
Tue May 12 15:57:12 +0000 2015,L #Apparel #Souvenirs New #MiamiHeat FATHEAD #NBA Team Logo SIGN 13x5 #eBay #Auction http://t.co/DyISc7DERm
Tue May 12 15:57:08 +0000 2015,L #DwyaneWade #NBA 2012/13 past &ampamp present panini dwyane wade 2 card lot #76 miami heat #MiamiHeat #HEATwin http://t.co/3zII1D5QP1
