Tue May 12 18:50:04 +0000 2015,RT @RobAbruzzese: @NetsDaily: Chad Ford slams Billy King says #Nets should draft new GM http://t.co/RtxoXp7Jqs http://t.co/lYawFmI56i ye‚Ä¶
Tue May 12 18:48:36 +0000 2015,RT @TheBKGame: So circles are apparently the latest trend in the Atlantic Division..that the #Nets started: http://t.co/7sVh6CTXE5 http://‚Ä¶
Tue May 12 18:48:01 +0000 2015,RT @RobAbruzzese: @NetsDaily: Chad Ford slams Billy King says #Nets should draft new GM http://t.co/RtxoXp7Jqs http://t.co/lYawFmI56i ye‚Ä¶
Tue May 12 18:47:08 +0000 2015,@NetsDaily: Chad Ford slams Billy King says #Nets should draft new GM http://t.co/RtxoXp7Jqs http://t.co/lYawFmI56i yes they should.
Tue May 12 18:38:24 +0000 2015,Working constantly on his game to improve is one thing that drives our #Athlete @Brad_wheal #Nets #Fitness #Fielding http://t.co/wf9AoDnx3S
Tue May 12 18:37:36 +0000 2015,RT @InsideHoops: The Brooklyn #Nets NBA Draft situation for the next few seasons is rough: http://t.co/TI9hvq3RsN
Tue May 12 18:37:04 +0000 2015,I love the unique and innovative new #Sixers logo. #Nets #NBA http://t.co/F1O20fHWyr
Tue May 12 18:37:04 +0000 2015,RT @NetsDaily: Chad Ford slams Billy King says #Nets should draft new GM http://t.co/yx11yQq7LJ http://t.co/Okq2TrXVSK
Tue May 12 18:36:46 +0000 2015,@BrooklynNets #Nets fans please support the cause.  http://t.co/A9b70ihAwI  The guy is a joke.  Sign our petition for a better future.
Tue May 12 18:33:31 +0000 2015,RT @TheBKGame: New: Report: Don‚Äôt expect Deron Williams buyout http://t.co/pH3Qw0DghP #Nets
Tue May 12 18:33:10 +0000 2015,RT @sheridanhoops: The #Nets need to reduce salaries but stretching Deron Williams isn't likely. Instead Joe Johnson could be traded:htt‚Ä¶
Tue May 12 18:32:52 +0000 2015,The #Nets need to reduce salaries but stretching Deron Williams isn't likely. Instead Joe Johnson could be traded:http://t.co/FNa2Ng0inc
Tue May 12 18:30:15 +0000 2015,Bugle Got Game :Nets Media Day Part 2 [Video] http://t.co/DOmPljxlrM #Nets #NBA
Tue May 12 18:27:59 +0000 2015,@chadfordinsider @kpelton Thank you for axing Billy King. #Nets fans are begging for his firing. fans are speaking up http://t.co/A9b70ihAwI
Tue May 12 18:27:01 +0000 2015,Down go gilded Nets with changes looming| http://t.co/7noaj3ayyL #Nets #NBA
Tue May 12 18:24:40 +0000 2015,#nets #brooklyn Report: Nets not interested in buying out contract of Deron Williams: He's owed $4... http://t.co/dO9MuBiZNZ #LetsGoNets
Tue May 12 18:23:16 +0000 2015,RT @NetsDaily: Chad Ford slams Billy King says #Nets should draft new GM http://t.co/yx11yQq7LJ http://t.co/Okq2TrXVSK
Tue May 12 18:21:28 +0000 2015,RT @billherenda: @KINGSFAN209 @basketballtalk Mason Plumlee was coveted by #Kings but #Nets wouldn‚Äôt budge
Tue May 12 18:19:56 +0000 2015,RT @LennRobbins: #Nets will begin holding draft workouts on June 1. GM @bkdefend has shown a knack for finding talent late in the 1st and 2‚Ä¶
Tue May 12 18:17:59 +0000 2015,#Nets'te Deron Krizi Sonu Josh Smith gibi olabilir. http://t.co/c8PWkzKDJQ
Tue May 12 18:17:44 +0000 2015,@KINGSFAN209 @basketballtalk Mason Plumlee was coveted by #Kings but #Nets wouldn‚Äôt budge
Tue May 12 18:09:08 +0000 2015,#BrooklynNets #Nets #netsnation Chad Ford slams Billy King says Nets should pick a new GM http://t.co/F11nnIDltn
Tue May 12 18:06:02 +0000 2015,RT @brooklynNfans: Bugle Got Game :Junkersfeld On The #Nets First Pre-Season Game Of 2013 [Video] http://t.co/luOkVepCPs #Nets #NBA
Tue May 12 18:05:14 +0000 2015,Bugle Got Game :Junkersfeld On The #Nets First Pre-Season Game Of 2013 [Video] http://t.co/luOkVepCPs #Nets #NBA
Tue May 12 18:04:00 +0000 2015,http://t.co/G8m8wClR5s Barclays Center To Host 2015 NBA Draft  #NBA #NETS http://t.co/OqHEfx0MkL
Tue May 12 18:03:19 +0000 2015,RT @TheBKGame: New: Report: Don‚Äôt expect Deron Williams buyout http://t.co/pH3Qw0DghP #Nets
Tue May 12 18:02:29 +0000 2015,RT @marciaherold: Who wants to go? RT @WFAN660: Barclays Center to host #NBADraft  for third consecutive year. Read http://t.co/jArYjCx7Uj ‚Ä¶
Tue May 12 18:01:48 +0000 2015,RT @NetsDaily: Chad Ford slams Billy King says #Nets should draft new GM http://t.co/yx11yQq7LJ http://t.co/Okq2TrXVSK
Tue May 12 17:58:38 +0000 2015,RT @LennRobbins: #Nets will begin holding draft workouts on June 1. GM @bkdefend has shown a knack for finding talent late in the 1st and 2‚Ä¶
Tue May 12 17:57:30 +0000 2015,Who wants to go? RT @WFAN660: Barclays Center to host #NBADraft  for third consecutive year. Read http://t.co/jArYjCx7Uj #Nets #Knicks #NBA
Tue May 12 17:56:46 +0000 2015,RT @NetsDaily: Chad Ford slams Billy King says #Nets should draft new GM http://t.co/yx11yQq7LJ http://t.co/Okq2TrXVSK
Tue May 12 17:51:01 +0000 2015,RT @NetsDaily: Chad Ford slams Billy King says #Nets should draft new GM http://t.co/yx11yQq7LJ http://t.co/Okq2TrXVSK
Tue May 12 17:50:36 +0000 2015,RT @NetsDaily: Chad Ford slams Billy King says #Nets should draft new GM http://t.co/yx11yQq7LJ http://t.co/Okq2TrXVSK
Tue May 12 17:49:59 +0000 2015,RT @NetsDaily: Chad Ford slams Billy King says #Nets should draft new GM http://t.co/yx11yQq7LJ http://t.co/Okq2TrXVSK
Tue May 12 17:48:26 +0000 2015,RT @NetsDaily: Chad Ford slams Billy King says #Nets should draft new GM http://t.co/yx11yQq7LJ http://t.co/Okq2TrXVSK
Tue May 12 17:48:19 +0000 2015,http://t.co/j5NQre0uRX [The Brooklyn Game] - Report: Don‚Äôt expect Deron Williams buyout  #Nets http://t.co/bOsHpIshrf
Tue May 12 17:48:07 +0000 2015,Check out this item in my Etsy shop https://t.co/BwyvACa5LE #bottlecap #earrings #NBA #Lakers #mavericks #nets #THUNDER #Knicks #MiamiHeat
Tue May 12 17:48:06 +0000 2015,RT @brooklynNfans: Tepid Start and Hawks Are Too Much for the Nets http://t.co/y8ZMEcd2lV #Nets #NBA
Tue May 12 17:47:33 +0000 2015,RT @NetsDaily: Chad Ford slams Billy King says #Nets should draft new GM http://t.co/yx11yQq7LJ http://t.co/Okq2TrXVSK
Tue May 12 17:47:32 +0000 2015,RT @NetsDaily: Chad Ford slams Billy King says #Nets should draft new GM http://t.co/yx11yQq7LJ http://t.co/Okq2TrXVSK
Tue May 12 17:47:22 +0000 2015,RT @NetsDaily: Chad Ford slams Billy King says #Nets should draft new GM http://t.co/yx11yQq7LJ http://t.co/Okq2TrXVSK
Tue May 12 17:47:12 +0000 2015,Chad Ford slams Billy King says #Nets should draft new GM http://t.co/yx11yQq7LJ http://t.co/Okq2TrXVSK
Tue May 12 17:45:50 +0000 2015,RT @WFAN660: Barclays Center to host #NBADraft  for third consecutive year. Read http://t.co/bETpIdI88O #Nets #Knicks #NBA
Tue May 12 17:45:08 +0000 2015,Barclays Center to host #NBADraft  for third consecutive year. Read http://t.co/bETpIdI88O #Nets #Knicks #NBA
Tue May 12 17:40:13 +0000 2015,Bugle Got Game :Kidd‚Äôs Jersey Retired Nets Dominate Heat [Video] http://t.co/uMwiGBhQzy #Nets #NBA
Tue May 12 17:39:20 +0000 2015,http://t.co/j5NQre0uRX [The Brooklyn Game] - Report: Don‚Äôt expect Deron Williams buyout  #Nets http://t.co/yIlx9WGDec
Tue May 12 17:37:21 +0000 2015,RT @LennRobbins: #Nets will begin holding draft workouts on June 1. GM @bkdefend has shown a knack for finding talent late in the 1st and 2‚Ä¶
Tue May 12 17:35:14 +0000 2015,#Nets will begin holding draft workouts on June 1. GM @bkdefend has shown a knack for finding talent late in the 1st and 2nd rounds.
Tue May 12 17:29:32 +0000 2015,RT @TheBKGame: New: Report: Don‚Äôt expect Deron Williams buyout http://t.co/pH3Qw0DghP #Nets
Tue May 12 17:22:14 +0000 2015,Okay I didn't expect buy-out him too fast. #Nets https://t.co/ZTwUsGM28M
Tue May 12 17:20:30 +0000 2015,So pleased I passed my RPIW Leader module marathon today! Can't wait to get out on the genba!! #NETS #Lean
Tue May 12 17:16:56 +0000 2015,Bojan Bogdanovic :I hope I won't be traded in a package with stars| http://t.co/Ek9zFWik4v #Nets #NBA
Tue May 12 17:15:13 +0000 2015,Report: #Nets not interested in Williams buyout http://t.co/RvbBM32Bpj #CBSSports
Tue May 12 17:15:13 +0000 2015,Tepid Start and Hawks Are Too Much for the Nets http://t.co/y8ZMEcd2lV #Nets #NBA
Tue May 12 17:12:53 +0000 2015,http://t.co/EEkB0NdMH9: Brooklyn Bombers http://t.co/xHZEYnVIdC #bombers #brooklyn #nets
Tue May 12 17:03:20 +0000 2015,#nets #brooklyn Report: Nets have no interest in buying out Deron Williams: Given that the Brookly... http://t.co/P8Xms7AhsG #LetsGoNets
Tue May 12 16:58:16 +0000 2015,Philadelphia 76ers da a conocer los nuevos logos del equipo #Baloncesto #Deportes #Basket #Noticias #76ers #Nets  ‚Ä¶ https://t.co/qw7yJxdJBz
Tue May 12 16:50:12 +0000 2015,Hawks Eliminate Nets in Game 6 http://t.co/bXWEoLubZX #Nets #NBA
Tue May 12 16:46:23 +0000 2015,#NBA #Nets - Brooklyn Nets XXL Mitchell &amp Ness Drop Step Mesh Tank Top Jersey Rare:  $3... http://t.co/z9YnPzMsIp http://t.co/k33Sm3HFUt
Tue May 12 16:46:22 +0000 2015,#NBA #Nets - WOMENS BROOKLYN NETS BURN OUT SHIRT ADIDAS:  $15.99End Date: Friday May-... http://t.co/6Kp4YKaZTG http://t.co/k33Sm3HFUt
Tue May 12 16:46:22 +0000 2015,#NBA #Nets - NEW MEN‚ÄôS MAJESTIC NBA BROOKLYN NETS JOE JOHNSON TEE SHIRT!!!:  $21.99End ... http://t.co/at4uojtond http://t.co/k33Sm3HFUt
Tue May 12 16:43:30 +0000 2015,@TheBKGame Top of #nets leaderboard! Need to clean up your inbox? Unroll.Me can help: http://t.co/G5hZEfzqF4
Tue May 12 16:39:13 +0000 2015,RT @NetsViews: #BrooklynNets #Nets #Brooklyn Nets Not Interested In Using Stretch Provision On Deron Williams http://t.co/RfBMtOLzKg
Tue May 12 16:37:12 +0000 2015,RT @NetsDaily: This will be 5th straight year #Nets will host NBA Draft 2 at Rock 3 at Barclays. Also hosted greatest draft ever 1996 at ‚Ä¶
Tue May 12 16:37:06 +0000 2015,#BrooklynNets #Nets #netsnation 2014-2015 Brooklyn Nets Player Reviews http://t.co/N4fWapbYmq
Tue May 12 16:37:06 +0000 2015,#BrooklynNets #Nets #Brooklyn Nets Not Interested In Using Stretch Provision On Deron Williams http://t.co/RfBMtOLzKg
Tue May 12 16:35:18 +0000 2015,RT @NetsDaily: This will be 5th straight year #Nets will host NBA Draft 2 at Rock 3 at Barclays. Also hosted greatest draft ever 1996 at ‚Ä¶
Tue May 12 16:31:28 +0000 2015,RT @MazzESPN: Chad Ford and Kevin Pelton talk #Nets draft situation (@ESPNInsider) http://t.co/E5l30SbdDY
Tue May 12 16:27:35 +0000 2015,RT @MazzESPN: Chad Ford and Kevin Pelton talk #Nets draft situation (@ESPNInsider) http://t.co/E5l30SbdDY
Tue May 12 16:27:35 +0000 2015,RT @MazzESPN: Chad Ford and Kevin Pelton talk #Nets draft situation (@ESPNInsider) http://t.co/E5l30SbdDY
Tue May 12 16:25:11 +0000 2015,Keeping Brook Lopez Is Priority for Nets http://t.co/nJNdBVEFN4 #Nets #NBA
Tue May 12 16:25:02 +0000 2015,Chad Ford and Kevin Pelton talk #Nets draft situation (@ESPNInsider) http://t.co/E5l30SbdDY
Tue May 12 16:24:39 +0000 2015,http://t.co/EEkB0NdMH9: Brooklyn Nets vs Charlotte... http://t.co/h7MwUQyrLx #bobcats #brooklyn #charlotte #highlights #march #nets
Tue May 12 16:22:11 +0000 2015,http://t.co/j5NQre0uRX Brooklyn Nets NBA Blue Star Hook New Era 59Fifty Fitted Baseball  #Nets http://t.co/QCQfDsHSNi
Tue May 12 16:14:45 +0000 2015,@BrooklynNets @NBA @NBADraft do We even have picks this Year? #Nets
Tue May 12 16:14:05 +0000 2015,RT @TheBKGame: New: Official: 2015 NBA Draft Will Be Held At Barclays Center http://t.co/5smCU24Pvw #Nets
Tue May 12 16:12:58 +0000 2015,#Nets Tweets: The @NBA Draft is back on home court this year in‚Ä¶ http://t.co/bHpDtyLyD2 #NBA http://t.co/yiE6n7siMN http://t.co/5ScaBl5L0B
Tue May 12 16:12:01 +0000 2015,http://t.co/j5NQre0uRX Brooklyn Nets to Host NBA Draft 2015 Presented by State Farm for  #Nets http://t.co/QGvv8Menp0
Tue May 12 16:08:08 +0000 2015,#BrooklynNets #Nets #Brooklyn NBA draft to again take place at Barclays Center http://t.co/0ibXkQbYQc
Tue May 12 16:08:04 +0000 2015,#ESPN #Nets NBA draft to again take place at Barclays Center http://t.co/4bHpbqkLfp http://t.co/TtvLu4QN1X
Tue May 12 16:06:30 +0000 2015,RT @TheBKGame: New: Official: 2015 NBA Draft Will Be Held At Barclays Center http://t.co/5smCU24Pvw #Nets
Tue May 12 16:05:51 +0000 2015,#DeronWilliams: Latest News Rumors and Speculation on #Nets Star's Future http://t.co/xkQeuliVEw via @bleacherreport
Tue May 12 16:05:21 +0000 2015,RT @BlogDeBasket: En Brooklyn buscan dar salida a Joe Johnson y Deron Williams #Nets #NBA http://t.co/qjpg8omSfH
Tue May 12 16:03:10 +0000 2015,RT @NetsDaily: Rumors flying this is the #Nets new logo. No confirmation. Very Thunder-like.http://t.co/UL6OQ7z5
Tue May 12 16:02:48 +0000 2015,The league announced that the 2015 #NBADraft will be held at Barclays Center (home of the #Nets) for the third consecutive season. #NBA üèÄ
Tue May 12 16:01:23 +0000 2015,RT @NetsDaily: Rumors flying this is the #Nets new logo. No confirmation. Very Thunder-like.http://t.co/UL6OQ7z5
Tue May 12 16:00:11 +0000 2015,Nets GM :Brook Lopez wanted back other Big 3 are trade chips http://t.co/99DVDBFO1R #Nets #NBA
Tue May 12 15:59:16 +0000 2015,RT @NetsDaily: Rumors flying this is the #Nets new logo. No confirmation. Very Thunder-like.http://t.co/UL6OQ7z5
Tue May 12 15:58:35 +0000 2015,#NBADraft #Nets #BarclaysCenter Will Host the Draft for 3rd Consecutive Year Lottery to Be Held May 19
Tue May 12 15:57:59 +0000 2015,RT @NetsDaily: Rumors flying this is the #Nets new logo. No confirmation. Very Thunder-like.http://t.co/UL6OQ7z5
Tue May 12 15:57:22 +0000 2015,This. #Nets RT @APooch I mean... http://t.co/hOfmjPfpc8
Tue May 12 15:56:57 +0000 2015,RT @NetsDaily: Rumors flying this is the #Nets new logo. No confirmation. Very Thunder-like.http://t.co/UL6OQ7z5
Tue May 12 15:55:10 +0000 2015,http://t.co/hF236a2kOs:... http://t.co/GF3Vp6E2pH #basketball #CBSSports #CBSSportsNetwork #cbsepisode #JasonKidd #jimrome #nba #nets
Tue May 12 15:54:52 +0000 2015,RT @NetsDaily: #Nets make it official: Billy King signs extension. Prokhorov: He is not afraid to be bold and take risks. http://t.co/Yu3‚Ä¶
Tue May 12 15:54:15 +0000 2015,RT @NetsDaily: #Nets make it official: Billy King signs extension. Prokhorov: He is not afraid to be bold and take risks. http://t.co/Yu3‚Ä¶
Tue May 12 15:53:28 +0000 2015,RT @NetsDaily: #Nets make it official: Billy King signs extension. Prokhorov: He is not afraid to be bold and take risks. http://t.co/Yu3‚Ä¶
Tue May 12 15:52:41 +0000 2015,RT @BrooklynNets: How cool is this? @yungsmoove21 &amp @Mrs__Young33 surprised #Nets fans by sending out some autographed gear. http://t.co/6Q‚Ä¶
Tue May 12 15:44:19 +0000 2015,Yeaaaa NBA draft headin to @barclayscenter again. Looks like I'm goin to the draft this year #nets
Tue May 12 15:44:16 +0000 2015,#Nets fans thinking they were 1st to use a basketball in their logo smdh fam https://t.co/FESTGwJztp
Tue May 12 15:44:12 +0000 2015,RT @NetsDaily: So everyone loves Sixers alternate Ben Franklin logo is great thinks primary logo is ripoff of #Nets. #epicfail
