Tue May 12 18:40:38 +0000 2015,http://t.co/hvEMr29AFD Allen Iverson 76ers Denver Nuggets autographed 8x10 photo  #Nuggets http://t.co/DWv8NRT9hc
Tue May 12 18:33:30 +0000 2015,We are all like angels with one wing. We can't fly unless we learn to embrace eachother. #Together #WeFly #NBA #Goals #InItToWinIt #Nuggets
Tue May 12 18:29:31 +0000 2015,RT @denverchefdude: Homemade #Chicken #Nuggets + Honey Mustard Dipping Sauce  http://t.co/PQqMaXvnbk http://t.co/UTKSBW6j0e
Tue May 12 18:26:53 +0000 2015,RT @denverchefdude: Homemade #Chicken #Nuggets + Honey Mustard Dipping Sauce  http://t.co/PQqMaXvnbk http://t.co/UTKSBW6j0e
Tue May 12 18:26:37 +0000 2015,Reports :NFL denied Blackmon reinstatement - Justin Blackmon | JAC - http://t.co/CrV8DAGWKN #Nuggets #NBA
Tue May 12 18:03:43 +0000 2015,Nugggggettttttsssssss #Zombie #Nuggets
Tue May 12 18:01:07 +0000 2015,http://t.co/hvEMr29AFD Denver Nuggets #15 Anthony rare vintage NBA basketball jersey  #Nuggets http://t.co/XIxbzlD4PG
Tue May 12 17:48:25 +0000 2015,RT @SnoopCal: ....that's what this #Nuggets squad needs now.. another coach they can tune out AGAIN !!!
Tue May 12 17:44:46 +0000 2015,....that's what this #Nuggets squad needs now.. another coach they can tune out AGAIN !!!
Tue May 12 17:42:46 +0000 2015,RT @NbaOldies: 2007 Allen Iverson &amp Carmelo Anthony #NbaHistory #NBA #Basketball #AI #AllenIverson #CarmeloAnthony #Nuggets http://t.co/1‚Ä¶
Tue May 12 17:38:58 +0000 2015,http://t.co/hvEMr29AFD NBA Denver Nuggets Melo 15 Hat/baseball cap NWT Size 7 3/8 BY  #Nuggets http://t.co/I99Zh98OEY
Tue May 12 17:25:50 +0000 2015,http://t.co/hvEMr29AFD [Pickaxe And Roll] - Denver Nuggets 2015 NBA Draft Prospect: D #Nuggets http://t.co/ec6z8wtJQJ
Tue May 12 17:17:05 +0000 2015,#SBNation #Nuggets Nuggets Draft Prospect: D'Angelo Russell http://t.co/AZjr3ImaBy http://t.co/o1fORNrm5z
Tue May 12 17:16:33 +0000 2015,Ex-Nuggets having an impact on 2015 NBA Playoffs - http://t.co/ZEQESbD4lb #Nuggets #NBA
Tue May 12 17:12:55 +0000 2015,http://t.co/EEkB0NdMH9: Evan Fournier Spins &ampamp Hits... http://t.co/Eq5aTeAVcI #evan #fournier #grizzlies #hits #january #nuggets #spins
Tue May 12 17:11:13 +0000 2015,The best way to Spring clean. #saucey #ChickFilAstyle #Nuggets http://t.co/06teZ3b0aY
Tue May 12 17:09:33 +0000 2015,#Nuggets may need to consider speeding their hiring up. Chicago Cleveland and Houston could all join New Orleans with openings...
Tue May 12 17:04:10 +0000 2015,#NBA #Nuggets - Denver Nuggets- #15 Carmelo Anthony - Kids Large:  $1.00 (0 Bids)End Da... http://t.co/lKXond8g96 http://t.co/k33Sm3HFUt
Tue May 12 17:04:09 +0000 2015,#NBA #Nuggets - Carmelo Anthony Denver Nuggets Costacos Poster 18x24:  $4.50End Date:... http://t.co/ozRkgVV4Vb http://t.co/k33Sm3HFUt
Tue May 12 17:04:09 +0000 2015,#NBA #Nuggets - DENVER NUGGETS AARON AAFLALO YELLOW YOUTH MEDIUM JERSEY:  $9.99End Date... http://t.co/WG4Mnd7at7 http://t.co/k33Sm3HFUt
Tue May 12 17:04:09 +0000 2015,#NBA #Nuggets - Authentic CARMELO ANTHONY DENVER NUGGETS Jersey DarkBlue Adidas Dazzle ... http://t.co/Usl6V87vEn http://t.co/k33Sm3HFUt
Tue May 12 17:04:09 +0000 2015,#NBA #Nuggets - EUC Nike Mens Carmelo Anthony Denver Nuggets Swingman Sewn NBA Jersey S... http://t.co/RtIFInjB47 http://t.co/k33Sm3HFUt
Tue May 12 17:00:52 +0000 2015,#Pelicans job jumps to top of list ahead of #Nuggets and #Magic
Tue May 12 16:59:19 +0000 2015,RT @NateTimmonsCO: Have you listened to our podcast with #Nuggets GM Tim Connelly yet? Give it a listen if you like: http://t.co/VyDf3eBoYH
Tue May 12 16:58:39 +0000 2015,#Nuggets #Magic and #Pelicans all have openings now. https://t.co/AjIaxLEUkn
Tue May 12 16:58:27 +0000 2015,RT @NateTimmonsCO: Have you listened to our podcast with #Nuggets GM Tim Connelly yet? Give it a listen if you like: http://t.co/VyDf3eBoYH
Tue May 12 16:57:46 +0000 2015,Have you listened to our podcast with #Nuggets GM Tim Connelly yet? Give it a listen if you like: http://t.co/VyDf3eBoYH
Tue May 12 16:57:14 +0000 2015,#Nuggets @WojYahooNBA: New Orleans has fired coach Monty Williams league sources tell Yahoo Sports.
Tue May 12 16:52:13 +0000 2015,Denver Nuggets 2015 NBA Draft Prospect: D'Angelo Russell #Nuggets #NuggetsNation http://t.co/DqNotWQ9rW http://t.co/gmkfGBhBMf
Tue May 12 16:48:47 +0000 2015,http://t.co/EEkB0NdMH9: Indiana Pacers @ Denver Nuggets... http://t.co/g1RP9GXfr0 #december #denver #highlights #indiana #nuggets #pacers
Tue May 12 16:43:26 +0000 2015,@CesarAbueg Top of #nuggets today! Organize your emails: quickly and easily! Try Unroll.Me http://t.co/toPWsOOyN7
Tue May 12 16:41:31 +0000 2015,Nikola Jokic expected to sign with Denver Nuggets Wilson Chandler's contract guaranteed - http://t.co/pDSCM4XexR #Nuggets #NBA
Tue May 12 16:40:02 +0000 2015,RT @BeforeFamePics: Today In Sports History1994  ~ The Denver #Nuggets became the 1st NBA #8 seed to beat a #1 seed beating Seattle http:/‚Ä¶
Tue May 12 16:20:36 +0000 2015,http://t.co/hvEMr29AFD Authentic CARMELO ANTHONY DENVER NUGGETS Jersey DarkBlue Adida #Nuggets http://t.co/agiv9pmFth
Tue May 12 16:14:51 +0000 2015,@DND_Alisha @denvernuggets You and me both sweetie! Hopefully next season will be better! #Nuggets
Tue May 12 16:14:16 +0000 2015,#Denver #Nuggets Kenneth Faried adidas #NBA Youth Revolution 30 Swingman Jersey http://t.co/FITuuJ29YG http://t.co/duyHp0NGiu
Tue May 12 16:12:00 +0000 2015,RT @denverstiffs: #Nuggets Draft Prospect: D'Angelo Russell.  An in depth look at the 19 year old prospect. http://t.co/Z3YEGeSzYT http://t‚Ä¶
Tue May 12 16:07:51 +0000 2015,#wpengine #nuggets | Pragmatic‚Äôs Experience: 500 Installs With WP Engine http://t.co/I7Jiv5Z2Z1
Tue May 12 16:07:31 +0000 2015,Heute im Test: vegane Nuggets mit Pommes üçü#foodstagram #pommes #nuggets #vegan #yummie https://t.co/1YiQ2MjwIN
Tue May 12 16:05:17 +0000 2015,RT @BlogDeBasket: Mike D'Antoni y Scott Brooks entre los candidatos al banquillo de los #Nuggets #NBA http://t.co/H38jsz0gEQ
Tue May 12 15:37:03 +0000 2015,#denvernuggets #Nuggets #Denver Denver Nuggets 2015 NBA Draft Prospect: D'Angelo Russell http://t.co/Bg3C86xuIV
Tue May 12 15:31:27 +0000 2015,Denver Nuggets 2015 NBA Draft Prospect :Jahlil Okafor - http://t.co/QmyYhVHonn #Nuggets #NBA
Tue May 12 15:18:33 +0000 2015,Definitely worth the read Russell is a very intriguing prospect for the #Nuggets.  https://t.co/jJGKnPzucw
Tue May 12 15:18:03 +0000 2015,#Nuggets Draft Prospect: D'Angelo Russell.  An in depth look at the 19 year old prospect. http://t.co/Z3YEGeSzYT http://t.co/VeFKKaeHyI
Tue May 12 15:18:02 +0000 2015,#Nuggets Draft Prospect: D'Angelo Russell.  An in depth look at the 19 year old prospect. http://t.co/mZi9H9XMMZ http://t.co/y6brTFXQoa
Tue May 12 15:11:44 +0000 2015,Cleveland Reaches for the Unteachable - http://t.co/71PvOkFEBp #Nuggets #NBA
Tue May 12 15:11:40 +0000 2015,http://t.co/EEkB0NdMH9: Los Angeles... http://t.co/81cWTcerr9 #angeles #clippers #dallas #denver #february #mavericks #nuggets #recap
Tue May 12 15:08:03 +0000 2015,#denvernuggets #Nuggets #Denver Bulls Interested In Alvin Gentry http://t.co/kZVZLRJ1q4
Tue May 12 15:07:40 +0000 2015,http://t.co/hvEMr29AFD Denver Nuggets NBA Basketball Mens Short Sleeve Button Shirt S #Nuggets http://t.co/Y9gTX0HWP9
Tue May 12 14:58:14 +0000 2015,RT @NuggetsInsiders: Good read from @NylonCalculus on a potential Lawson/Thomas swap. #Nuggets &amp #Celtics did discuss Ty at the deadline.
Tue May 12 14:49:50 +0000 2015,http://t.co/hvEMr29AFD [NBA] - When college season ends Pistons draft process merely #Nuggets http://t.co/dki7N1Yktp
Tue May 12 14:37:09 +0000 2015,Ang Slow mo . Buti pa ang Chicken may #Nuggets
Tue May 12 14:36:42 +0000 2015,New Denver Nuggets Rumors. Thursday May 7 2015 - http://t.co/viXZYF1gCd #Nuggets #NBA
Tue May 12 14:23:26 +0000 2015,RT @CesarAbueg: Such an amazing #womenpower panel right now at @WhiteHouseAAPI #AAPISummit - #nuggets
Tue May 12 14:21:36 +0000 2015,Good read from #NylonCalculus on a potential Lawson/Thomas swap. #Nuggets &amp #Celtics did discuss Ty at the deadline. http://t.co/sZygKRtpye
Tue May 12 14:19:34 +0000 2015,RT @CesarAbueg: Such an amazing #womenpower panel right now at @WhiteHouseAAPI #AAPISummit - #nuggets
Tue May 12 14:18:34 +0000 2015,Such an amazing #womenpower panel right now at @WhiteHouseAAPI #AAPISummit - #nuggets
Tue May 12 14:16:17 +0000 2015,Comer saludable no tiene por qu√© ser aburrido  para ni√±os tenemos deliciosos #Nuggets horneados ven‚Ä¶ https://t.co/1qqM2ySu9r
Tue May 12 14:11:02 +0000 2015,Good read from @NylonCalculus on a potential Lawson/Thomas swap. #Nuggets &amp #Celtics did discuss Ty at the deadline.
Tue May 12 14:10:56 +0000 2015,Good read from @NylonCalculus on a potential Lawson/Thomas swap. #Nuggets &amp #Celtics did discuss Ty at the deadline.
Tue May 12 14:01:40 +0000 2015,Texans cut 2013 2nd-rd pick D.J. Swearinger - D.J. Swearinger | FA - http://t.co/RvKID1X6UW #Nuggets #NBA
Tue May 12 13:48:36 +0000 2015,http://t.co/hvEMr29AFD NBA Denver Nuggets Carmelo Anthony #15 Jersey by Adidas Youth  #Nuggets http://t.co/wXlRuv1nu3
Tue May 12 13:37:38 +0000 2015,^ #Sepatu dan #Nuggets | just follow @sagalayaishop | PIN:283B2166 WA:081315410105 | check BIO for order http://t.co/ash5nYOAbB
Tue May 12 13:31:58 +0000 2015,Nice @icsl_sa! You're top of #nuggets! Tired of your inbox being full of junk? Try Unroll.Me http://t.co/toPWsOOyN7
Tue May 12 13:26:37 +0000 2015,The NBA Postseason - A Picture of Playoff Parity - http://t.co/kECresOhSt #Nuggets #NBA
Tue May 12 13:21:43 +0000 2015,# #Sepatu dan #Nuggets | just follow @sagalayaishop | PIN:283B2166 WA:081315410105 | check BIO for order http://t.co/0BRw8wim0K
Tue May 12 13:10:39 +0000 2015,Faceted Amethyst AmethystNuggets Lavender by AdornmentsByEloise http://t.co/ewmHKtZ6R9 via @Etsy #retwt #Bracelet #Amethyst #Nuggets #Pearls
Tue May 12 13:07:12 +0000 2015,#NBA #Nuggets - EUC CHAUNCEY BILLUPS DENVER NUGGETS JERSEY ADIDAS SZ L:  $22.99End Date... http://t.co/SPE1WuHIv9 http://t.co/k33Sm3HFUt
Tue May 12 13:06:30 +0000 2015,RT @icsl_sa: #ICSL2015 - #WinnersCircle #Nuggets #YoungLegends #Ballislife @MogulJuice @SAKstrology @NeoMothiba1 @realbethusile 1 http://t.‚Ä¶
Tue May 12 12:51:35 +0000 2015,Nuggets 2012/13 - http://t.co/lCOyqgbyYb #Nuggets #NBA
Tue May 12 12:46:38 +0000 2015,RT @NuggetsIta: Nel 1991 eravamo al primo posto nel pre-Lottery. Solo 4a scelta. Dikembe Mutombo da Georgetown. #Nuggets http://t.co/bUtPlP‚Ä¶
Tue May 12 12:24:12 +0000 2015,#nuggets from bobwp | Creative Storytelling: Blogging the John Cleese Way - BobWP http://t.co/wtMGcGNubG
Tue May 12 12:16:33 +0000 2015,Who has better buzzer-beater :LeBron James or Derrick Rose? - http://t.co/IUwaCYPjCo #Nuggets #NBA
Tue May 12 12:15:18 +0000 2015,RT @ricetteperte: #ricetta dei #nuggets di #tofu #vegan https://t.co/fyWdb9sxrP¬†‚Ä¶ ‚Ä¶ http://t.co/EGHcZbXYOZ
Tue May 12 12:15:17 +0000 2015,#ricetta dei #nuggets di #tofu #vegan https://t.co/fyWdb9sxrP¬†‚Ä¶ ‚Ä¶ http://t.co/EGHcZbXYOZ
Tue May 12 12:14:07 +0000 2015,More #nuggets from bobwp | Creative Storytelling: Blogging the John Cleese Way - BobWP http://t.co/ygfOlLIi7d
Tue May 12 12:12:55 +0000 2015,Stesso Draft1991 con l'ottava scelta prendemmo Mark Macon da Templevisto poi brevemente anche a Pistoia.#Nuggets http://t.co/GKYimXTkZH
Tue May 12 12:09:44 +0000 2015,Nel 1991 eravamo al primo posto nel pre-Lottery. Solo 4a scelta. Dikembe Mutombo da Georgetown. #Nuggets http://t.co/bUtPlPlohE
Tue May 12 12:02:24 +0000 2015,Mancano 7 giorni alla Lottery! I Nuggets non l'hanno mai vinta sar√† la volta buona? #Nuggets
Tue May 12 12:00:18 +0000 2015,#ricetta dei #nuggets di #tofu #vegan https://t.co/fyWdb9sxrP¬†‚Ä¶ http://t.co/EGHcZbXYOZ
Tue May 12 11:52:14 +0000 2015,* #Sepatu dan #Nuggets | just follow @sagalayaishop | PIN:283B2166 WA:081315410105 | check BIO for order http://t.co/cOikCwSUEP
Tue May 12 11:47:16 +0000 2015,RT @SbirciandoVegan: #ricetta dei #nuggets di #tofu #vegan https://t.co/x3TpFMftus http://t.co/Ln3gCqf4jv
Tue May 12 11:47:15 +0000 2015,#ricetta dei #nuggets di #tofu #vegan https://t.co/x3TpFMftus http://t.co/Ln3gCqf4jv
Tue May 12 11:45:49 +0000 2015,* #Sepatu dan #Nuggets | just follow @sagalayaishop | PIN:283B2166 WA:081315410105 | check BIO for order http://t.co/5DFQ37GzXj
Tue May 12 11:43:01 +0000 2015,* #Sepatu dan #Nuggets | just follow @sagalayaishop | PIN:283B2166 WA:081315410105 | check BIO for order http://t.co/js7cxqvAap
Tue May 12 11:42:47 +0000 2015,#NBA #Nuggets - NBA Denver Nuggets Big Shot Snapback - 47 Brand - Adjustable One Size -... http://t.co/F00npvMFYN http://t.co/k33Sm3HFUt
Tue May 12 11:41:31 +0000 2015,Tom Brady to appeal his 4-game DeflateGate ban - Tom Brady | NE - http://t.co/YZSvAa0CWV #Nuggets #NBA
Tue May 12 11:28:20 +0000 2015,RT @MogulJuice: Couple push-ups Happy RT @icsl_sa: #ICSL2015  #WinnersCircle #Nuggets #YoungLegends Juice @SAKstrology @NeoMothiba1 http:‚Ä¶
Tue May 12 11:26:53 +0000 2015,http://t.co/hvEMr29AFD DENVER NUGGETS 350 card team basketball lot rookies stars -ONE #Nuggets http://t.co/R28rvGX5kd
Tue May 12 11:25:18 +0000 2015,#Nuggets „ÄêRETWEET„Äë #Followback #Follow #TFB #TFBJP #F4F #FF #Me #Love #TF #Like #MGWV @FollowbackImage http://t.co/ganI6TvEmb
Tue May 12 11:07:40 +0000 2015,Je ne demande que mes #enfants et TOUS les #enfants MANGENT VRAIMENT et pas des #nuggets #monpouletmabataille  https://t.co/XVUkBMJ4gY
Tue May 12 11:07:34 +0000 2015,# #Sepatu dan #Nuggets | just follow @sagalayaishop | PIN:283B2166 WA:081315410105 | check BIO for order http://t.co/3cc4SsD9Du
Tue May 12 11:06:29 +0000 2015,Did the Denver Nuggets lose the Rudy Gobert trade? - http://t.co/0JyRONWdpf #Nuggets #NBA
Tue May 12 10:51:56 +0000 2015,^ #Sepatu dan #Nuggets | just follow @sagalayaishop | PIN:283B2166 WA:081315410105 | check BIO for order http://t.co/js7cxqvAap
Tue May 12 10:31:27 +0000 2015,Patriots dump veteran slot CB Kyle Arrington - Kyle Arrington | FA - http://t.co/7LmJ5sX1Cv #Nuggets #NBA
Tue May 12 10:30:17 +0000 2015,RT @icsl_sa: #ICSL2015 - #WinnersCircle #Nuggets #YoungLegends #Ballislife @MogulJuice @SAKstrology @NeoMothiba1 @realbethusile 1 http://t.‚Ä¶
Tue May 12 10:20:15 +0000 2015,RT @icsl_sa: #ICSL2015 - #WinnersCircle #Nuggets #YoungLegends #Ballislife @MogulJuice @SAKstrology @NeoMothiba1 @realbethusile 1 http://t.‚Ä¶
Tue May 12 10:19:41 +0000 2015,Couple push-ups Happy RT @icsl_sa: #ICSL2015  #WinnersCircle #Nuggets #YoungLegends Juice @SAKstrology @NeoMothiba1 http://t.co/xZ7E1pSsfG
Tue May 12 10:15:02 +0000 2015,#Nuggets „ÄêRETWEET„Äë #Followback #Follow #TFB #TFBJP #F4F #FF #Me #Love #TF #Like #MGWV @FollowbackImage http://t.co/FzCYWCAcmp
Tue May 12 10:01:02 +0000 2015,#ICSL2015 - #WinnersCircle #Nuggets #YoungLegends #Ballislife @MogulJuice @SAKstrology @NeoMothiba1 @realbethusile 1 http://t.co/yuUbZCHN0j
