Tue May 12 18:51:32 +0000 2015,New Orleans Pelicans fire Monty Williams #OrlandoMagic #Magic http://t.co/OLfGR415Hw http://t.co/y04V6v0BET
Tue May 12 18:50:37 +0000 2015,L L #Basketball #Magic #OrlandoMagic Penny Hardaway #Jersey Mens 44 Champion #Auction #Cheap http://t.co/7oQMmfBBW2
Tue May 12 18:42:06 +0000 2015,#Basketball #Magic SHAQUEL O'NEAL ROOKIE OF THE YEAR 92-93 Season #OrlandoMagic Coffee Mug http://t.co/gjYT11zE8d #Auction #Cheap
Tue May 12 18:36:38 +0000 2015,#NBA Lego NBA Tracy McGrady #1 #OrlandoMagic Minifigure with Stand and Card http://t.co/C44BfLC3A7 #Card #Cards
Tue May 12 18:29:36 +0000 2015,#NBA VINTAGE CHAMPION #OrlandoMagic Shaquille O'Neal Authentic #Jersey Sz 40 EUC http://t.co/oB1CEinoFG #BestSeller #Deals
Tue May 12 18:29:35 +0000 2015,L L #Basketball #Magic EUC Nike Tracy McGrady #OrlandoMagic Sewn Swag Blue #Jersey Youth Sz L Mens XS #Auction… http://t.co/FTuaiw4gPa
Tue May 12 18:26:07 +0000 2015,#NBA #Magic #OrlandoMagic Lightweight Hoodie #Jacket size Adult Large http://t.co/Bz6guvEqRN #Bargains #Forsale
Tue May 12 18:26:06 +0000 2015,#Basketball #Magic #OrlandoMagic Lightweight Hoodie #Jacket size Adult Large http://t.co/qMRyKbLiCY #Auction #Cheap
Tue May 12 18:22:14 +0000 2015,L #Basketball #Magic Dwight Howard #OrlandoMagic Majestic Medium Short Sleeve Tee #TShirt #Auction #Cheap http://t.co/ModmjeYBhu
Tue May 12 18:14:15 +0000 2015,#OrlandoMagic Pelicans' firing of Monty Williams may impact Magic's coaching search http://t.co/kmywQvCknm #SportsRoadhouse
Tue May 12 18:08:45 +0000 2015,#NBA #Magic SHAQUEL O'NEAL ROOKIE OF THE YEAR 92-93 Season #OrlandoMagic Coffee Mug http://t.co/Fh0yyOZtNQ #Bargains #Forsale
Tue May 12 18:08:45 +0000 2015,#Basketball #Magic NBA #OrlandoMagic Jameer Nelson #14 Stitched Sewn Adidas #Jersey Men's: Medium http://t.co/EJ9Ix53EQX #Auction #Cheap
Tue May 12 18:06:10 +0000 2015,L #Basketball #Magic #OrlandoMagic Penny Hardaway #Jersey Mens 44 Champion #Auction #Cheap http://t.co/BLNC1QC1lf
Tue May 12 18:05:10 +0000 2015,#NBA #ShaquilleONeal 1993-94 Ultra Power in the Key NBA #OrlandoMagic SHAQ NCAA LSU http://t.co/Z53J7LtGzI #Card #Cards
Tue May 12 17:57:37 +0000 2015,#OrlandoMagic Player Evaluations: Dewayne Dedmon http://t.co/y7awVNJy4R #SportsRoadhouse
Tue May 12 17:53:09 +0000 2015,#NBA #Magic Penny Hardaway #OrlandoMagic Throwback #Jersey Medium NBA Hardwood Classic Jordan http://t.co/1cobRyMbSB #Bargains #Forsale
Tue May 12 17:50:10 +0000 2015,L #Basketball #Magic EUC Nike Tracy McGrady #OrlandoMagic Sewn Swag Blue #Jersey Youth Sz L Mens XS #Auction #Cheap http://t.co/C4N0GZ6QMF
Tue May 12 17:49:09 +0000 2015,#NBA 1995-96 Skybox Electrified #ShaquilleONeal #OrlandoMagic Center #293 http://t.co/l9Tm7WRQ62 #Card #Cards
Tue May 12 17:39:36 +0000 2015,#OrlandoMagic Timeline Photos http://t.co/djfEEjqWpU #SportsRoadhouse
Tue May 12 17:38:34 +0000 2015,L L #NBA #Magic Vtg Mens NBA #OrlandoMagic #32 O'NEAL Champion PRINTED #Basketball #Jersey 36 USA #Bargains #Forsale http://t.co/o1xmh5lhci
Tue May 12 17:38:07 +0000 2015,#NBA #Magic Dwight Howard #OrlandoMagic Majestic Medium Short Sleeve Tee #TShirt http://t.co/Hpqz7Natac #Bargains #Forsale
Tue May 12 17:38:07 +0000 2015,#Basketball #Magic Dwight Howard #OrlandoMagic Majestic Medium Short Sleeve Tee #TShirt http://t.co/2I5hZsmWdW #Auction #Cheap
Tue May 12 17:25:13 +0000 2015,#NBA #OrlandoMagic Penny Hardaway #Jersey Mens 44 Champion http://t.co/TvnCDUto6E #BestSeller #Deals
Tue May 12 17:21:39 +0000 2015,#NBA #Magic #OrlandoMagic Penny Hardaway #Jersey Mens 44 Champion http://t.co/ebISKJqHeh #Bargains #Forsale
Tue May 12 17:21:38 +0000 2015,#Basketball #Magic #OrlandoMagic Penny Hardaway #Jersey Mens 44 Champion http://t.co/Y9Bkr110FG #Auction #Cheap
Tue May 12 17:05:37 +0000 2015,L #NBA Vtg Mens NBA #OrlandoMagic #32 O'NEAL Champion PRINTED Basketball #Jersey 36 USA #BestSeller #Deals http://t.co/KjLjOZdkXc
Tue May 12 17:05:36 +0000 2015,#Basketball #Magic EUC Nike Tracy McGrady #OrlandoMagic Sewn Swag Blue #Jersey Youth Sz L Mens XS http://t.co/EwipuCUdMv #Auction #Cheap
Tue May 12 17:00:07 +0000 2015,L #NBA #Magic Vtg Mens NBA #OrlandoMagic #32 O'NEAL Champion PRINTED #Basketball #Jersey 36 USA #Bargains #Forsale http://t.co/33t1nfpRFA
Tue May 12 16:58:03 +0000 2015,#nba #artwork #basktball #mania #nyc #lalakers #chicagoBulls #orlandoMagic https://t.co/Iex6CNj36N
Tue May 12 16:55:09 +0000 2015,L #Basketball #Magic Mint Vtg 90s Champion Mens Shaquille O Neal #OrlandoMagic #Jersey Sz 40 Youth XL #Auction… http://t.co/E0q1fSutic
Tue May 12 16:50:11 +0000 2015,L #NBA 2014-15 Panini Gold Standard #173 Anfernee Hardaway 219/285 #OrlandoMagic #Card #Cards http://t.co/CJXXFwMRPf
Tue May 12 16:50:10 +0000 2015,#NBA #Magic Mint Vtg 90s Champion Mens Shaquille O Neal #OrlandoMagic #Jersey Sz 40 Youth XL http://t.co/3ydFNOWncq #Bargains #Forsale
Tue May 12 16:50:09 +0000 2015,#Basketball #Magic ADIDAS #OrlandoMagic basketball XL NBA climalite black athletic http://t.co/lvDjjnYtbV #Auction #Cheap
Tue May 12 16:47:12 +0000 2015,#NBA #OrlandoMagic - ADIDAS orlando magic basketball XL NBA climalite black athletic:  ... http://t.co/X7Es42XhYD http://t.co/k33Sm3HFUt
Tue May 12 16:47:11 +0000 2015,#NBA #OrlandoMagic - Vtg Mens NBA ORLANDO MAGIC #32 O'NEAL Champion PRINTED Basketball ... http://t.co/QZPASjgMIN http://t.co/k33Sm3HFUt
Tue May 12 16:47:11 +0000 2015,#NBA #OrlandoMagic - EUC Nike Tracy McGrady Orlando Magic Sewn Swag Blue Jersey Youth S... http://t.co/SFpYcCXXRC http://t.co/k33Sm3HFUt
Tue May 12 16:47:11 +0000 2015,#NBA #OrlandoMagic - Mint Vtg 90s Champion Mens Shaquille O Neal Orlando Magic Jersey S... http://t.co/bbXYcQliq9 http://t.co/k33Sm3HFUt
Tue May 12 16:44:09 +0000 2015,#NBA 2014-15 Panini Gold Standard #173 Anfernee Hardaway 201/285 #OrlandoMagic http://t.co/aoalHYknVy #Card #Cards
Tue May 12 16:39:07 +0000 2015,L #Basketball #Magic Vtg Mens NBA #OrlandoMagic #32 O'NEAL Champion PRINTED Basketball #Jersey 36 USA #Auction… http://t.co/MkKHDhM7g1
Tue May 12 16:34:08 +0000 2015,L A #Basketball #Magic SHAQUILLE O'NEAL #OrlandoMagic 1996 STARTING LINEUP #Auction #Cheap http://t.co/adhgqUTxBM
Tue May 12 16:34:08 +0000 2015,#NBA #Magic ADIDAS #OrlandoMagic #Basketball XL NBA climalite black athletic http://t.co/jAOiw0cTXm #Bargains #Forsale
Tue May 12 16:34:07 +0000 2015,#Basketball #Magic Penny Hardaway #OrlandoMagic Throwback #Jersey Medium NBA Hardwood Classic Jordan http://t.co/DOJc92JgHb #Auction #Cheap
Tue May 12 16:27:35 +0000 2015,#NBA 1995-96 Flair #ShaquilleONeal #240 STYLE #OrlandoMagic NM-MT http://t.co/XvJwY3qWaI #Card #Cards
Tue May 12 16:24:05 +0000 2015,L #NBA Mint Vtg 90s Champion Mens Shaquille O Neal #OrlandoMagic #Jersey Sz 40 Youth XL #BestSeller #Deals http://t.co/t39eS8GHvO
Tue May 12 16:22:09 +0000 2015,#NBA Vtg Mens NBA #OrlandoMagic #32 O'NEAL Champion PRINTED Basketball #Jersey 36 USA http://t.co/bMWuW7tZeS #BestSeller #Deals
Tue May 12 16:18:06 +0000 2015,#NBA #Magic Vtg Mens NBA #OrlandoMagic #32 O'NEAL Champion PRINTED #Basketball #Jersey 36 USA http://t.co/mYKhjq0Ko2 #Bargains #Forsale
Tue May 12 16:18:05 +0000 2015,#Basketball #Magic Mint Vtg 90s Champion Mens Shaquille O Neal #OrlandoMagic #Jersey Sz 40 Youth XL http://t.co/boaZF4QAAQ #Auction #Cheap
Tue May 12 16:12:28 +0000 2015,L #Basketball #Magic NIKE TRACY MCGRADY #OrlandoMagic #Jersey M GOOD CONDITION #Auction #Cheap http://t.co/8E5OnDKIyu
Tue May 12 16:12:25 +0000 2015,#NBA 2014-15 Panini Gold Standard #173 Anfernee Hardaway 219/285 #OrlandoMagic http://t.co/OJjLDQD0rH #Card #Cards
Tue May 12 16:05:19 +0000 2015,#NBA EUC Nike Tracy McGrady #OrlandoMagic Sewn Swag Blue #Jersey Youth Sz L Mens XS http://t.co/0OEDuHaUXt #BestSeller #Deals
Tue May 12 16:00:41 +0000 2015,#NBA #Magic EUC Nike Tracy McGrady #OrlandoMagic Sewn Swag Blue #Jersey Youth Sz L Mens XS http://t.co/awIC1J0DH4 #Bargains #Forsale
Tue May 12 16:00:40 +0000 2015,#Basketball #Magic Vtg Mens NBA #OrlandoMagic #32 O'NEAL Champion PRINTED Basketball #Jersey 36 USA http://t.co/jxqnN4P5P5 #Auction #Cheap
Tue May 12 15:57:25 +0000 2015,L L L #Basketball #Magic SHAQUILLE O'NEAL #OrlandoMagic 1996 STARTING LINEUP #Auction #Cheap http://t.co/2cLzYumGQK
Tue May 12 15:56:24 +0000 2015,#NBA 2014-15 Panini Gold Standard #173 Anfernee Hardaway 265/285 #OrlandoMagic http://t.co/rI0PVxb025 #Card #Cards
Tue May 12 15:54:41 +0000 2015,#OrlandoMagic The 5 Most Promising NBA Careers Derailed By Injuries http://t.co/nJz9HC5amz #SportsRoadhouse
Tue May 12 15:54:41 +0000 2015,#OrlandoMagic Orlando Magic: What Is Their Most Pressing Need? http://t.co/0rQj5BJujI #SportsRoadhouse
Tue May 12 15:54:40 +0000 2015,#OrlandoMagic Ranking Best NBA Draft Classes Since 1980 http://t.co/quxSMuiCtm #SportsRoadhouse
Tue May 12 15:54:39 +0000 2015,#OrlandoMagic After injury Orlando Magic's Aaron Gordon showed promise late in rookie season http://t.co/4uHYiKIdmY #SportsRoadhouse
Tue May 12 15:51:06 +0000 2015,L #Basketball #Magic 20 - 2014 NBA #OrlandoMagic Stickers #Auction #Cheap http://t.co/FZTKnwkXNE
Tue May 12 15:49:07 +0000 2015,#NBA Mint Vtg 90s Champion Mens Shaquille O Neal #OrlandoMagic #Jersey Sz 40 Youth XL http://t.co/KkakupXiv1 #BestSeller #Deals
Tue May 12 15:39:05 +0000 2015,#NBA 1992-93 Ultra #ShaquilleONeal Rejector Rookie #4 #OrlandoMagic RC http://t.co/vv2mCmwsR0 #Card #Cards
Tue May 12 15:33:05 +0000 2015,#NBA Penny Hardaway #OrlandoMagic White NBA Throwback #Jersey Large +2 Nike Jordan http://t.co/9t3K9ucqil #BestSeller #Deals
Tue May 12 15:29:07 +0000 2015,#NBA #Magic NIKE TRACY MCGRADY #OrlandoMagic #Jersey M GOOD CONDITION http://t.co/zzj0HVxGiz #Bargains #Forsale
Tue May 12 15:29:06 +0000 2015,#Basketball #Magic NIKE TRACY MCGRADY #OrlandoMagic #Jersey M GOOD CONDITION http://t.co/fuuTVwOjKe #Auction #Cheap
Tue May 12 15:25:05 +0000 2015,#NBA #OrlandoMagic - 20 - 2014 NBA Orlando Magic Stickers:  $4.75End Date: Thursday Jun... http://t.co/iLiBhkF5rz http://t.co/k33Sm3HFUt
Tue May 12 15:23:14 +0000 2015,#NBA 2014-15 Panini Gold Standard #173 Anfernee Hardaway 230/285 #OrlandoMagic http://t.co/7xebuIpeqE #Card #Cards
Tue May 12 15:15:06 +0000 2015,L L #Basketball #Magic SHAQUILLE O'NEAL #OrlandoMagic 1996 STARTING LINEUP #Auction #Cheap http://t.co/oRohY7WYdx
Tue May 12 15:13:14 +0000 2015,#NBA #Magic 20 - 2014 NBA #OrlandoMagic Stickers http://t.co/9KYG6wKmoC #Bargains #Forsale
Tue May 12 15:13:14 +0000 2015,#Basketball #Magic 20 - 2014 NBA #OrlandoMagic Stickers http://t.co/3EGnDJtWre #Auction #Cheap
Tue May 12 15:08:05 +0000 2015,#OrlandoMagic #Orlando #gomagic #Magic Bulls Interested In Alvin Gentry http://t.co/I5eXP2GEZz
Tue May 12 14:56:19 +0000 2015,#OrlandoMagic 05/13: People on move http://t.co/HYeg5mva7y #SportsRoadhouse
Tue May 12 14:56:18 +0000 2015,#OrlandoMagic OSU Hoops: Recruiting Twisting Turning http://t.co/QAKDcHEfaI #SportsRoadhouse
Tue May 12 14:56:17 +0000 2015,#OrlandoMagic Evaluating Tobias Harris' 2014-15 season http://t.co/hjG0UglGYE #SportsRoadhouse
Tue May 12 14:56:16 +0000 2015,#OrlandoMagic Orlando Magic Rumors: Orlando Magic job is Tom Thibodeau's if he wants it http://t.co/JIGIqaEhwp #SportsRoadhouse
Tue May 12 14:56:15 +0000 2015,#OrlandoMagic NBA AM: Are The Bulls Facing The Inevitable? http://t.co/QMEVJuIQtm #SportsRoadhouse
Tue May 12 14:49:04 +0000 2015,#repost from @xtinab_lmt! post workout massages with the #orlandomagic! #massage #TeamOSC https://t.co/PhWGLIjrVr
Tue May 12 14:41:10 +0000 2015,L #NBA #Magic SHAQUILLE O'NEAL #OrlandoMagic 1996 STARTING LINEUP #Bargains #Forsale http://t.co/IsH9q0iyBG
Tue May 12 14:20:09 +0000 2015,L #Basketball #Magic SHAQUILLE O'NEAL #OrlandoMagic 1996 STARTING LINEUP #Auction #Cheap http://t.co/MtluN1LIaY
Tue May 12 14:20:08 +0000 2015,#NBA Lego NBA #Basketball Tracy McGrady #1 #OrlandoMagic Card Minifigs Sports lot 103 http://t.co/uC6veTkiwg #Card #Cards
Tue May 12 14:10:58 +0000 2015,#NBA #OrlandoMagic - Adidas Mens Orlando  Magic T Shirt Size M:  $14.99End Date: Thursd... http://t.co/ZuzSxsZZwb http://t.co/k33Sm3HFUt
Tue May 12 14:10:58 +0000 2015,#NBA #OrlandoMagic - Champion Orlando Magic Shaquille O'Neal 32 SHAQ Vintage NBA Jersey... http://t.co/s4LA8jCTEu http://t.co/k33Sm3HFUt
Tue May 12 14:10:58 +0000 2015,#NBA #OrlandoMagic - SHAQUILLE O'NEAL ORLANDO MAGIC 1996 STARTING LINEUP:  $3.99End Dat... http://t.co/eiB6yF6mEz http://t.co/k33Sm3HFUt
Tue May 12 14:08:09 +0000 2015,#OrlandoMagic #Orlando #gomagic #Magic Woelfel On Thibodeau Carter-Williams Middleton http://t.co/8qwWj9mXLZ
Tue May 12 13:53:33 +0000 2015,#NBA #Magic SHAQUILLE O'NEAL #OrlandoMagic 1996 STARTING LINEUP http://t.co/vBCkjDnYkS #Bargains #Forsale
Tue May 12 13:53:33 +0000 2015,#Basketball #Magic Champion #OrlandoMagic Shaquille O'Neal 32 SHAQ Vintage NBA #Jersey BLACK Size 44 http://t.co/YDVe7woOFf #Auction #Cheap
Tue May 12 13:41:36 +0000 2015,#NBA Champion #OrlandoMagic Shaquille O'Neal 32 SHAQ Vintage NBA #Jersey BLACK Size 44 http://t.co/CVyBCjrrNF #BestSeller #Deals
Tue May 12 13:38:07 +0000 2015,#NBA #Magic Champion #OrlandoMagic Shaquille O'Neal 32 SHAQ Vintage NBA #Jersey BLACK Size 44 http://t.co/fIJGslC1c4 #Bargains #Forsale
Tue May 12 13:38:07 +0000 2015,#Basketball #Magic SHAQUILLE O'NEAL #OrlandoMagic 1996 STARTING LINEUP http://t.co/68mitwWTaO #Auction #Cheap
Tue May 12 13:32:13 +0000 2015,#NBA 1992-93 Topps Stadium Club Steve Kerr Rookie RC #393 UER! #OrlandoMagic http://t.co/5HzHgLp3x4 #Card #Cards
Tue May 12 13:11:06 +0000 2015,L #NBA Channing Frye 2012 Panini Autograph Card #OrlandoMagic Phoenix Suns Auto #Card #Cards http://t.co/bjQpoF6o47
Tue May 12 13:05:11 +0000 2015,#NBA #Magic Adidas NBA #OrlandoMagic #Basketball Polo Shirt Sz L http://t.co/yCEtl1zob8 #Bargains #Forsale
Tue May 12 13:05:10 +0000 2015,#Basketball #Magic Adidas NBA #OrlandoMagic Basketball Polo Shirt Sz L http://t.co/cWZ7jIGTDp #Auction #Cheap
Tue May 12 12:54:36 +0000 2015,L #NBA NBA Reebok Official #OrlandoMagic #Jersey #1 Tracy McGrady Large MINT #BestSeller #Deals http://t.co/O6617VZs4b
Tue May 12 12:53:10 +0000 2015,#NBA Horace Grant Champion #Jersey #OrlandoMagic Vintage Size 44 Large Or XL Shirt http://t.co/L2vHfcYBKC #BestSeller #Deals
Tue May 12 12:48:35 +0000 2015,#NBA #Magic Horace Grant Champion #Jersey #OrlandoMagic Vintage Size 44 Large Or XL Shirt http://t.co/0hK9iTm0Dq #Bargains #Forsale
Tue May 12 12:48:35 +0000 2015,#Basketball #Magic Horace Grant Champion #Jersey #OrlandoMagic Vintage Size 44 Large Or XL Shirt http://t.co/nvlWSdDCUr #Auction #Cheap
Tue May 12 12:29:13 +0000 2015,L #NBA 2013-14 Panini Crusade Glen Davis Insert Orange Die Cut 17/99 #239 #OrlandoMagic #Card #Cards http://t.co/tQoWKGX4o8
Tue May 12 12:29:13 +0000 2015,#NBA Channing Frye 2012 Panini Autograph Card #OrlandoMagic Phoenix Suns Auto http://t.co/sgDQe5ReFM #Card #Cards
Tue May 12 12:05:07 +0000 2015,#NBA NBA Reebok Official #OrlandoMagic #Jersey #1 Tracy McGrady Large MINT http://t.co/FhkhhnY9Tk #BestSeller #Deals
Tue May 12 12:02:09 +0000 2015,#NBA #Magic NBA Reebok Official #OrlandoMagic #Jersey #1 Tracy McGrady Large MINT http://t.co/kEWqgOZ2Wz #Bargains #Forsale
