Tue May 12 18:52:35 +0000 2015,RT @Pacers: The NBA Draft Lottery is 1 week from today. The draft order will be finalized then but the #Pacers are currently slotted for t…
Tue May 12 18:50:35 +0000 2015,L L L #Collectible #Buzz Spalding Official #NBA team Logo #Basketball Indiana #Pacers Team Spirit #Bestseller #Buy http://t.co/YvRjlQF8Ct
Tue May 12 18:45:06 +0000 2015,L L #Collectible #Buzz Vtg 2003 #NBA INDIANA #Pacers #7 O'NEAL All Star Game #Reebok PRINTED #Jersey 60 #Bestseller… http://t.co/7mpCYhmqcV
Tue May 12 18:43:54 +0000 2015,#Repost @soymaratonista with repostapp.・・・La prueba de que los #Pacers de #soymaratonista en… https://t.co/jtrIWzECry
Tue May 12 18:35:12 +0000 2015,L L #NBA #Basketball Vtg 2003 NBA INDIANA #Pacers #7 O'NEAL All Star Game #Reebok PRINTED #Jersey 60 #eBay #Auction http://t.co/PcMLrjj7La
Tue May 12 18:29:37 +0000 2015,#WeightLoss #Fit Dr. Oz's 'magic weight-loss cure' loses remaining support http://t.co/QUMsA3DPtf #Pacers #Healthy
Tue May 12 18:29:37 +0000 2015,L #Sports #Goods Men's #Reebok Indiana #Pacers Stephen Jackson White #Jersey - Size XXL #Forsale #onsale http://t.co/2ebYfPGfRC
Tue May 12 18:29:02 +0000 2015,RT @Pacers: See who the experts have the #Pacers taking in their pre-lottery mock drafts: http://t.co/BEudf990dW
Tue May 12 18:28:15 +0000 2015,RT @Pacers: The NBA Draft Lottery is 1 week from today. The draft order will be finalized then but the #Pacers are currently slotted for t…
Tue May 12 18:23:13 +0000 2015,L #NBA #Basketball #Adidas Swingman NBA #Jersey #Pacers Danny Granger White HWC sz S #eBay #Auction http://t.co/nb08Bp9CjV
Tue May 12 18:17:29 +0000 2015,L L #Collectible #Buzz #NBA Official Indiana #Pacers Large Team Pennant 17 x 40 Team Pride #Bestseller #Buy http://t.co/ECNnJ4RRRL
Tue May 12 18:12:06 +0000 2015,#Collectible #Buzz Mitchell &amp Ness Indiana #Pacers Adjustable Fit http://t.co/rS1rY182Z2 #Bestseller #Buy
Tue May 12 18:09:09 +0000 2015,#Pacers #Indiana #IndianaPacers Indiana Pacers Should Pursue Trade For PG Ty Lawson http://t.co/EUA2R8509W
Tue May 12 18:09:09 +0000 2015,#IndianaPacers #Pacers #forum Pelicans fire coach Williams after 5 seasons [ESPN] http://t.co/2akngWXUFy
Tue May 12 18:06:11 +0000 2015,L #Collectible #Buzz Vtg Mens #NBA INDIANA #Pacers #23 RON ARTEST #Nike Sewn ON #Basketball #Jersey… #Bestseller… http://t.co/EWowvQpvna
Tue May 12 18:05:41 +0000 2015,http://t.co/gGx2yAbTLR Draft Combine: D'Angelo Russell  #Pacers http://t.co/PAnHhnr8eY
Tue May 12 18:01:44 +0000 2015,http://t.co/EEkB0NdMH9: Miami Heat vs Indiana Pacers | FULL... http://t.co/BaxwUsjLe4 #highlights #indiana #march #miami #pacers
Tue May 12 17:59:20 +0000 2015,#WeightLoss #Fit Diet Doc Announces Diet Plans That Are Capable of Melting Up to 20 Pounds Per… http://t.co/1susl2IIwh #Pacers #Healthy
Tue May 12 17:56:32 +0000 2015,#Collectible #Buzz Brand New Reggie Miller Indiana #Pacers #31 #Jersey Size S M L XL XXL http://t.co/tDRZDxFZH5 #Bestseller #Buy
Tue May 12 17:56:31 +0000 2015,#Sports #Goods Mitchell &amp Ness Indiana #Pacers Adjustable Fit http://t.co/IR0H5u4Ykh #Forsale #onsale
Tue May 12 17:56:31 +0000 2015,#NBA #Basketball Mitchell &amp Ness Indiana #Pacers Adjustable Fit http://t.co/B1uVRfhEA2 #eBay #Auction
Tue May 12 17:56:31 +0000 2015,L #Collectible #Buzz #Adidas Swingman #NBA #Jersey #Pacers Danny Granger White HWC sz S #Bestseller #Buy http://t.co/npMoHn8Cxs
Tue May 12 17:55:54 +0000 2015,RT @Pacers: The NBA Draft Lottery is 1 week from today. The draft order will be finalized then but the #Pacers are currently slotted for t…
Tue May 12 17:50:12 +0000 2015,L #Sports #Goods Vtg 2003 #NBA INDIANA #Pacers #7 O'NEAL All Star Game #Reebok PRINTED #Jersey 60 #Forsale #onsale http://t.co/4ntBvpe7UL
Tue May 12 17:49:34 +0000 2015,Watch Miami Heat vs Boston Celtics Live stream NB| http://t.co/CD7GPKM4t3 #pacers
Tue May 12 17:49:16 +0000 2015,Offseason Update: #Pacers Solomon Hill Clowns George Hill's New Haircut http://t.co/KiXXVFFiql
Tue May 12 17:47:43 +0000 2015,RT @Pacers: The NBA Draft Lottery is 1 week from today. The draft order will be finalized then but the #Pacers are currently slotted for t…
Tue May 12 17:43:07 +0000 2015,#WeightLoss #Fit Weight Loss With Time-Restricted Diets http://t.co/FpS6vOkWU5 #Pacers #Healthy
Tue May 12 17:41:07 +0000 2015,RT @Pacers: The NBA Draft Lottery is 1 week from today. The draft order will be finalized then but the #Pacers are currently slotted for t…
Tue May 12 17:41:07 +0000 2015,RT @Pacers: See who the experts have the #Pacers taking in their pre-lottery mock drafts: http://t.co/BEudf990dW
Tue May 12 17:40:47 +0000 2015,Indiana #Pacers Should Pursue Trade for PG Ty Lawson - http://t.co/kWC3s0AUoA #NBA @RantSports
Tue May 12 17:39:38 +0000 2015,#Collectible #Buzz #Reebok AUTHENTIC SWINGMAN HWC #Pacers #Jersey WHITEONEAL SIZE 48. http://t.co/09ClcSt2tl #Bestseller #Buy
Tue May 12 17:39:37 +0000 2015,#Sports #Goods #Reebok AUTHENTIC SWINGMAN HWC #Pacers #Jersey WHITEONEAL SIZE 48. http://t.co/2CbgTPANTq #Forsale #onsale
Tue May 12 17:39:37 +0000 2015,#NBA #Basketball Men's #Reebok Indiana #Pacers Stephen Jackson White #Jersey - Size XXL http://t.co/7zF4usYa1x #eBay #Auction
Tue May 12 17:38:36 +0000 2015,L L #Collectible #Buzz Spalding Official #NBA team Logo #Basketball Indiana #Pacers Team Spirit #Bestseller #Buy http://t.co/Y32GsAJVGn
Tue May 12 17:37:28 +0000 2015,http://t.co/EEkB0NdMH9: Eastern... http://t.co/tRzRNi2kqW #conference #eastern #indiana #odds #pacers #prediction #preview #western
Tue May 12 17:33:10 +0000 2015,L #Collectible #Buzz Vtg 2003 #NBA INDIANA #Pacers #7 O'NEAL All Star Game #Reebok PRINTED #Jersey 60 #Bestseller… http://t.co/JKQkGAuMVd
Tue May 12 17:28:09 +0000 2015,RT @Pacers: See who the experts have the #Pacers taking in their pre-lottery mock drafts: http://t.co/BEudf990dW
Tue May 12 17:28:08 +0000 2015,#WeightLoss #Fit Is It OK to Not Wear a Sports Bra During a Workout? http://t.co/EQbnXFakWr #Pacers #Healthy
Tue May 12 17:27:08 +0000 2015,L #NBA #Basketball Vtg 2003 NBA INDIANA #Pacers #7 O'NEAL All Star Game #Reebok PRINTED #Jersey 60 #eBay #Auction http://t.co/D3mqb7cmsA
Tue May 12 17:24:07 +0000 2015,#Collectible #Buzz Men's #Reebok Indiana #Pacers Stephen Jackson White #Jersey - Size XXL http://t.co/H3gNj7Hdkc #Bestseller #Buy
Tue May 12 17:24:06 +0000 2015,#Sports #Goods Men's #Reebok Indiana #Pacers Stephen Jackson White #Jersey - Size XXL http://t.co/qQPrfrNmfH #Forsale #onsale
Tue May 12 17:24:05 +0000 2015,#NBA #Basketball #Adidas Swingman NBA #Jersey #Pacers Danny Granger White HWC sz S http://t.co/jnEs1WCH2Y #eBay #Auction
Tue May 12 17:17:05 +0000 2015,L #Collectible #Buzz #NBA Official Indiana #Pacers Large Team Pennant 17 x 40 Team Pride #Bestseller #Buy http://t.co/rkRvMMVFb4
Tue May 12 17:14:32 +0000 2015,DeMarre Carroll Believed To Have Injured Hip Pointer On Nene Screen| http://t.co/wCu3m2h7N2 #pacers
Tue May 12 17:13:33 +0000 2015,Creepy Indiana Pacers fan sniffs Lavoy Allen's jersey. *sniff*... Nice! #creepy #eww #NBA #Pacers https://t.co/CCyAFmTJPU
Tue May 12 17:12:36 +0000 2015,#WeightLoss #Fit How to Correctly Do Exercises for Weight Loss? http://t.co/j59S6bpSZR #Pacers #Healthy
Tue May 12 17:10:31 +0000 2015,RT @Pacers: The NBA Draft Lottery is 1 week from today. The draft order will be finalized then but the #Pacers are currently slotted for t…
Tue May 12 17:08:11 +0000 2015,#IndianaPacers #Pacers #forum LeBron 'ready to go' despite sore ankle [ESPN] http://t.co/DkYEn9yGTX
Tue May 12 17:08:10 +0000 2015,#Collectible #Buzz Vtg Mens #NBA INDIANA #Pacers #23 RON ARTEST #Nike Sewn ON #Basketball #Jersey… http://t.co/FelcbQFC6v #Bestseller #Buy
Tue May 12 17:08:10 +0000 2015,#Sports #Goods Brand New Reggie Miller Indiana #Pacers #31 #Jersey Size S M L XL XXL http://t.co/lCu7ZUFUBx #Forsale #onsale
Tue May 12 17:08:09 +0000 2015,#NBA #Basketball Brand New Reggie Miller Indiana #Pacers #31 #Jersey Size S M L XL XXL http://t.co/CODQCSuM8N #eBay #Auction
Tue May 12 17:06:38 +0000 2015,L L B #Sports #Goods Indiana #Pacers Key Fob Key Chain Wristlet FREE SHIPPING Made in USA #Forsale #onsale http://t.co/OAwTQ9D4Lk
Tue May 12 17:05:11 +0000 2015,RT @Pacers: The NBA Draft Lottery is 1 week from today. The draft order will be finalized then but the #Pacers are currently slotted for t…
Tue May 12 17:04:30 +0000 2015,RT @Pacers: The NBA Draft Lottery is 1 week from today. The draft order will be finalized then but the #Pacers are currently slotted for t…
Tue May 12 17:02:09 +0000 2015,The NBA Draft Lottery is 1 week from today. The draft order will be finalized then but the #Pacers are currently… http://t.co/R6J7zyAA3J
Tue May 12 17:01:09 +0000 2015,L #Collectible #Buzz Official #NBA Indiana #Pacers Light Up Adjustable Cap/Hat 100% Cotton Comfort #Bestseller #Buy http://t.co/XPnxSlMJKA
Tue May 12 16:55:13 +0000 2015,RT @Pacers: The NBA Draft Lottery is 1 week from today. The draft order will be finalized then but the #Pacers are currently slotted for t…
Tue May 12 16:52:11 +0000 2015,RT @Pacers: See who the experts have the #Pacers taking in their pre-lottery mock drafts: http://t.co/BEudf990dW
Tue May 12 16:52:08 +0000 2015,#Collectible #Buzz #Adidas Swingman #NBA #Jersey #Pacers Danny Granger White HWC sz S http://t.co/XLFRz5oSQ2 #Bestseller #Buy
Tue May 12 16:52:08 +0000 2015,#Sports #Goods Vtg 2003 #NBA INDIANA #Pacers #7 O'NEAL All Star Game #Reebok PRINTED #Jersey 60 http://t.co/nkwrJ7OcvI #Forsale #onsale
Tue May 12 16:52:07 +0000 2015,#NBA #Basketball Vtg Mens NBA INDIANA #Pacers #23 RON ARTEST #Nike Sewn ON Basketball #Jersey 2XL http://t.co/EXvg651WGH #eBay #Auction
Tue May 12 16:51:40 +0000 2015,L L #NBA #Basketball Indiana #Pacers Mark Jackson #Jersey Size 52 #eBay #Auction http://t.co/LQBTA4HmPa
Tue May 12 16:51:23 +0000 2015,Miller silencia a la Gran Manzana: recordando el milagro de The Killerhttp://t.co/UmmR6uI1eD#NBA #Knicks #Pacers http://t.co/JGL6AgkXqu
Tue May 12 16:50:46 +0000 2015,RT @Pacers: See who the experts have the #Pacers taking in their pre-lottery mock drafts: http://t.co/BEudf990dW
Tue May 12 16:48:47 +0000 2015,http://t.co/EEkB0NdMH9: Indiana Pacers @ Denver Nuggets... http://t.co/g1RP9GXfr0 #december #denver #highlights #indiana #nuggets #pacers
Tue May 12 16:46:16 +0000 2015,L L B #Sports #Goods INDIANA #Pacers Gold T-Shirt Mens XL 2014 #NBA Playoffs GOLD SWAGGER Paul George #Forsale… http://t.co/0smjiZNEt7
Tue May 12 16:45:21 +0000 2015,RT @Pacers: See who the experts have the #Pacers taking in their pre-lottery mock drafts: http://t.co/BEudf990dW
Tue May 12 16:43:44 +0000 2015,@pacersviews You're top of #pacers! Want to declutter you inbox quickly? Try Unroll.Me: http://t.co/76NfmmP1Ld
Tue May 12 16:43:09 +0000 2015,#WeightLoss #Fit Common Interesting Myths About Weight Loss http://t.co/V17HzuXrs8 #Pacers #Healthy
Tue May 12 16:41:45 +0000 2015,RT @Pacers: The NBA Draft Lottery is 1 week from today. The draft order will be finalized then but the #Pacers are currently slotted for t…
Tue May 12 16:41:27 +0000 2015,L #Collectible #Buzz Spalding Official #NBA team Logo #Basketball Indiana #Pacers Team Spirit #Bestseller #Buy http://t.co/S9hM8Jzvo1
Tue May 12 16:39:30 +0000 2015,Knicks Expect Thanasis Antetokounmpo To Be On 15-16 Roster| http://t.co/lKBovkpu5E #pacers
Tue May 12 16:38:37 +0000 2015,RT @Pacers: The NBA Draft Lottery is 1 week from today. The draft order will be finalized then but the #Pacers are currently slotted for t…
Tue May 12 16:37:08 +0000 2015,#IndianaPacers #Pacers #Indiana New Indiana Pacers Rumors. Tuesday May 12 2015 http://t.co/u0KN7IztJ7
Tue May 12 16:36:33 +0000 2015,RT @ScottAgness: Larry Bird plans to represent the #Pacers on stage at NBA Draft Lottery (May 19). Danny Granger was the man in 2010. http:…
Tue May 12 16:36:07 +0000 2015,#Collectible #Buzz Vtg 2003 #NBA INDIANA #Pacers #7 O'NEAL All Star Game #Reebok PRINTED #Jersey 60 http://t.co/vsr0sX3oqv #Bestseller #Buy
Tue May 12 16:36:06 +0000 2015,#Sports #Goods #Adidas Swingman #NBA #Jersey #Pacers Danny Granger White HWC sz S http://t.co/6IBRDqXEYt #Forsale #onsale
Tue May 12 16:36:06 +0000 2015,#NBA #Basketball Vtg 2003 NBA INDIANA #Pacers #7 O'NEAL All Star Game #Reebok PRINTED #Jersey 60 http://t.co/pAiQP7JT17 #eBay #Auction
Tue May 12 16:35:58 +0000 2015,RT @Pacers: The NBA Draft Lottery is 1 week from today. The draft order will be finalized then but the #Pacers are currently slotted for t…
Tue May 12 16:35:19 +0000 2015,RT @Pacers: See who the experts have the #Pacers taking in their pre-lottery mock drafts: http://t.co/BEudf990dW
Tue May 12 16:35:09 +0000 2015,RT @Pacers: See who the experts have the #Pacers taking in their pre-lottery mock drafts: http://t.co/BEudf990dW
Tue May 12 16:30:40 +0000 2015,L L B #Collectible #Buzz INDIANA #Pacers Gold T-Shirt Mens XL 2014 #NBA Playoffs GOLD SWAGGER Paul… #Bestseller… http://t.co/e4sjgf17r0
Tue May 12 16:30:07 +0000 2015,#Pacers Tweets: The NBA Draft Lottery is 1 week from today. The draft order will be finalized then but the… #NBA http://t.co/CKcmzLQ8IS
Tue May 12 16:30:06 +0000 2015,Larry Bird plans to represent the #Pacers on stage at NBA Draft Lottery (May 19). Danny Granger was the man in… http://t.co/D0bv1XfDEB
Tue May 12 16:29:59 +0000 2015,RT @Pacers: The NBA Draft Lottery is 1 week from today. The draft order will be finalized then but the #Pacers are currently slotted for t…
Tue May 12 16:28:58 +0000 2015,RT @Pacers: The NBA Draft Lottery is 1 week from today. The draft order will be finalized then but the #Pacers are currently slotted for t…
Tue May 12 16:28:48 +0000 2015,RT @Pacers: The NBA Draft Lottery is 1 week from today. The draft order will be finalized then but the #Pacers are currently slotted for t…
Tue May 12 16:28:46 +0000 2015,RT @Pacers: The NBA Draft Lottery is 1 week from today. The draft order will be finalized then but the #Pacers are currently slotted for t…
Tue May 12 16:28:35 +0000 2015,Pacers: The NBA Draft Lottery is 1 week from today. The draft order will be finalized then but the #Pacers ar... http://t.co/71bfnNAIUM
Tue May 12 16:28:28 +0000 2015,#3 pick coming for the #Pacers
Tue May 12 16:28:28 +0000 2015,See who the experts have the #Pacers taking in their pre-lottery mock drafts: http://t.co/BEudf990dW
Tue May 12 16:28:26 +0000 2015,RT @Pacers: The NBA Draft Lottery is 1 week from today. The draft order will be finalized then but the #Pacers are currently slotted for t…
Tue May 12 16:28:11 +0000 2015,RT @Pacers: The NBA Draft Lottery is 1 week from today. The draft order will be finalized then but the #Pacers are currently slotted for t…
Tue May 12 16:27:55 +0000 2015,RT @Pacers: The NBA Draft Lottery is 1 week from today. The draft order will be finalized then but the #Pacers are currently slotted for t…
Tue May 12 16:27:53 +0000 2015,RT @Pacers: The NBA Draft Lottery is 1 week from today. The draft order will be finalized then but the #Pacers are currently slotted for t…
Tue May 12 16:27:41 +0000 2015,RT @Pacers: The NBA Draft Lottery is 1 week from today. The draft order will be finalized then but the #Pacers are currently slotted for t…
Tue May 12 16:27:41 +0000 2015,#WeightLoss #Fit Losing Weight By Drinking More Water And Less Unhealthy Drinks http://t.co/mWjK7OE7hN #Pacers #Healthy
Tue May 12 16:27:36 +0000 2015,RT @Pacers: The NBA Draft Lottery is 1 week from today. The draft order will be finalized then but the #Pacers are currently slotted for t…
Tue May 12 16:27:35 +0000 2015,RT @Pacers: The NBA Draft Lottery is 1 week from today. The draft order will be finalized then but the #Pacers are currently slotted for t…
