Tue May 12 18:53:09 +0000 2015,@DetroitPistons @M10OSE #BringHimBack!!! #DrumRoe #IStillBelieve #Pistons
Tue May 12 18:53:07 +0000 2015,#Collectible #Buzz Detroit #Pistons #NBA Vintage Red Blue Snapback Hat http://t.co/vOxNIiNJ7v #eBay #Auction
Tue May 12 18:52:07 +0000 2015,#NBA #Basketball Detroit #Pistons NBA Vintage Red Blue Snapback Hat http://t.co/waEi6VqCQC #Sales #Discount
Tue May 12 18:52:07 +0000 2015,#Detroit #Pistons Detroit Pistons NBA Vintage Red Blue Snapback Hat http://t.co/ADUsYYEnkP #NBA #Great #Deals
Tue May 12 18:50:07 +0000 2015,L L #Detroit #Pistons Ben Wallace Detroit Pistons Bobblehead Bobble Head Only 5000 VHTF #NBA #Great #Deals http://t.co/R8T7MoETE2
Tue May 12 18:49:53 +0000 2015,http://t.co/EEkB0NdMH9: Chicago Bulls Derrick Rose... http://t.co/ANjU4D5iJ9 #amazing #bulls #chicago #derrick #detroit #dunk #pistons
Tue May 12 18:46:22 +0000 2015,RT NBA_Sneakers: #Detroit #Pistons Stan Van Gundy's scouting big men for draft in Spain: And according to r... … http://t.co/OYOzoLfH8R
Tue May 12 18:45:06 +0000 2015,L #Collectible #Buzz DETROIT #Pistons MEN'S VINTAGE Isiah Thomas #11 Tee T Shirt Size Xlarge Blue NEW #eBay #Auction http://t.co/kbx8EaLUQf
Tue May 12 18:44:46 +0000 2015,@RobParkerLocal4 on tonight @DSports1051 w/ #Pistons host Jake @Chapman1051 from 7-10 and tomorrow too. So u wanna b listening #sportstalk
Tue May 12 18:41:13 +0000 2015,#Detroit #Pistons Stan Van Gundy's scouting big men for draft in Spain: And according to r... http://t.co/EYdJvGd0EM #DetroitBasketball
Tue May 12 18:40:09 +0000 2015,#Solution #Fitness Pizza Hut Tests ‘Skinny Slice’ http://t.co/sqfuHle8qR #Pistons #Skinny
Tue May 12 18:36:41 +0000 2015,#Collectible #Buzz Adidas Detroit #Pistons #NBA Flat Visor Flex Hat Size Large / Extra Large NEW http://t.co/Pd26HAiBx6 #eBay #Auction
Tue May 12 18:36:40 +0000 2015,#NBA #Basketball Adidas Detroit #Pistons NBA Flat Visor Flex Hat Size Large / Extra Large NEW http://t.co/Dt2aHzxkgV #Sales #Discount
Tue May 12 18:36:40 +0000 2015,#Detroit #Pistons Vintage Champion X-Large Detroit Pistons NBA Shooting Shirt Men's XL http://t.co/8dg4dNVqvc #NBA #Great #Deals
Tue May 12 18:35:29 +0000 2015,L B #Collectible #Buzz Mitchell &ampampampampamp Ness Hardwood Classics #NBA Detroit #Pistons Ben Wallace #3 Sz 7… http://t.co/QLB2EKehVa
Tue May 12 18:35:10 +0000 2015,Draymond Green&amp#039s mom on his free-agency: &amp#039Dray l  http://t.co/yd1EX7N2dL  #detroit #goldenstate #pistons
Tue May 12 18:29:46 +0000 2015,In photos: The 10 best #NBA draft fits for the #Pistons. Which of these players would you want most? http://t.co/TRnzOeShB8
Tue May 12 18:29:36 +0000 2015,L L #NBA #Basketball HUGE Detroit #Pistons NBA Adidas Warm Up snap Jacket Men's 3XL TALL Clima365 #Sales #Discount http://t.co/BsqI3euWpi
Tue May 12 18:29:34 +0000 2015,The #Pistons legend Rick Mahorn &amp #PistonsHooper made their way to the Kennedy Center for a special FIT clinic!… http://t.co/86fqEoKmNY
Tue May 12 18:25:34 +0000 2015,http://t.co/EEkB0NdMH9: Cheap 2014 Pavel... http://t.co/KDQPQ5Ce8C #cheap #datsyuk #detroit #hockey #jerseys #pavel #pistons #wings
Tue May 12 18:24:42 +0000 2015,#Solution #Fitness Strong joins skinny as workout goal http://t.co/qPoDUObSUb #Pistons #Skinny
Tue May 12 18:22:12 +0000 2015,L #NBA #Basketball BNWT ADIDAS NBA Detroit #Pistons On-Court Warm-Up Jacket Men's Medium 6937A $110 #Sales #Discount http://t.co/NPd8bMZqnD
Tue May 12 18:21:12 +0000 2015,#Collectible #Buzz Vintage Champion X-Large Detroit #Pistons #NBA Shooting Shirt Men's XL http://t.co/kuWdeKpybb #eBay #Auction
Tue May 12 18:21:11 +0000 2015,#NBA #Basketball Vintage Champion X-Large Detroit #Pistons NBA Shooting Shirt Men's XL http://t.co/vMaW7ZK94Z #Sales #Discount
Tue May 12 18:21:10 +0000 2015,#Detroit #Pistons DETROIT PISTONS MEN'S VINTAGE Isiah Thomas #11 Tee T Shirt Size Xlarge Blue NEW http://t.co/zXoGDHEXXL #NBA #Great #Deals
Tue May 12 18:17:15 +0000 2015,L #Collectible #Buzz Rare Vintage 90s #NBA Detroit #Pistons Grant Hill 33 Champion #Jersey Youth M… #eBay #Auction http://t.co/Wno3af77gN
Tue May 12 18:11:42 +0000 2015,@Ron1051 Great Great points about the Tank...good stuff #Pistons
Tue May 12 18:11:12 +0000 2015,The #Pistons legend Rick Mahorn &amp @PistonsHooper made their way to the Kennedy Center for a @specialolympics FIT c… http://t.co/6ZxgEKDBo3
Tue May 12 18:10:44 +0000 2015,1972-73 Topps #94 Willie Norwood   Pistons     EX-MT+                  *85 for USD1.50 #Sports #Mem #Cards #Pistons http://t.co/GZVvGyE4nM
Tue May 12 18:06:08 +0000 2015,L #Detroit #Pistons Vtg Mens NBA DETROIT PISTONS #33 GRANT HILL Champion PRINTED Jersey 44 Made USA #NBA #Great… http://t.co/UZXCHvbW6z
Tue May 12 18:05:19 +0000 2015,#Collectible #Buzz Vintage DETROIT #Pistons Old Logo Black Fitted 6-7/8 Hat Sports Specialties- NWT http://t.co/2l59HPvStI #eBay #Auction
Tue May 12 18:05:19 +0000 2015,#NBA #Basketball Vintage DETROIT #Pistons Old Logo Black Fitted 6-7/8 Hat Sports Specialties- NWT http://t.co/fJdN3VzqXo #Sales #Discount
Tue May 12 18:05:18 +0000 2015,#Detroit #Pistons Detroit Pistons 50 Years ANNIVERSITY 57-58 to 07-08 Framed 3-D matted NO GLASS http://t.co/7ZlpVIgwqR #NBA #Great #Deals
Tue May 12 18:04:25 +0000 2015,RT @dery1051: .@GaryParrishCBS has the #Pistons drafting Myles Turner at #8 in his latest Mock. Passing on Kaminsky.  I wouldn't do that. @…
Tue May 12 18:01:23 +0000 2015,.@GaryParrishCBS has the #Pistons drafting Myles Turner at #8 in his latest Mock. Passing on Kaminsky.  I wouldn't do that. @DSports1051
Tue May 12 18:00:48 +0000 2015,RT @DetroitPistons: The #Pistons legend Rick Mahorn &amp @PistonsHooper made their way to the Kennedy Center for a special FIT clinic! http:/…
Tue May 12 17:56:47 +0000 2015,Pelicans fire Monty Williams. What does it mean for J... #Pistons #DetroitPistons http://t.co/TkAjLouKGa http://t.co/RErY9lXrYH
Tue May 12 17:56:19 +0000 2015,L #Collectible #Buzz Ben Wallace Detroit #Pistons Bobblehead Bobble Head Only 5000 VHTF #eBay #Auction http://t.co/p1aRpeEnCO
Tue May 12 17:54:00 +0000 2015,RT @DetroitPistons: The #Pistons legend Rick Mahorn &amp @PistonsHooper made their way to the Kennedy Center for a special FIT clinic! http:/…
Tue May 12 17:53:23 +0000 2015,#Solution #Fitness Simple Weight Loss Techniques http://t.co/Kg06S8EoJV #Pistons #Skinny
Tue May 12 17:50:19 +0000 2015,L #Detroit #Pistons Ben Wallace Detroit Pistons Bobblehead Bobble Head Only 5000 VHTF #NBA #Great #Deals http://t.co/oMcNox8XlA
Tue May 12 17:49:37 +0000 2015,RT @DetroitPistons: Dre hosted a 2K tourney for #Pistons fans &amp he shared the story in Life In The League. http://t.co/m7Wyd5EehB @Dodge ht…
Tue May 12 17:49:10 +0000 2015,#Collectible #Buzz DETROIT #Pistons MEN'S VINTAGE Isiah Thomas #11 Tee T Shirt Size Xlarge Blue NEW http://t.co/cfTSMGMCdh #eBay #Auction
Tue May 12 17:49:10 +0000 2015,#NBA #Basketball DETROIT #Pistons MEN'S VINTAGE Isiah Thomas #11 Tee T Shirt Size Xlarge Blue NEW http://t.co/15ar3pv2SU #Sales #Discount
Tue May 12 17:49:09 +0000 2015,#Detroit #Pistons NBA BAD BOYS DETROIT PISTONS 1989 World Champions MUG w/ Replica Signatures http://t.co/r9eI9LVWnj #NBA #Great #Deals
Tue May 12 17:46:17 +0000 2015,RT @DetroitPistons: The #Pistons legend Rick Mahorn &amp @PistonsHooper made their way to the Kennedy Center for a special FIT clinic! http:/…
Tue May 12 17:46:12 +0000 2015,http://t.co/Nu5mqZnsfy NBA Detroit Pistons On-Court Shooting Jersey SIZE XLARGE V8211 #Pistons http://t.co/ne3LjFm8PO
Tue May 12 17:44:59 +0000 2015,RT @DetroitPistons: The #Pistons legend Rick Mahorn &amp @PistonsHooper made their way to the Kennedy Center for a special FIT clinic! http:/…
Tue May 12 17:44:06 +0000 2015,L #NBA #Basketball Detroit #Pistons Vintage Champion Shooting Shirt Mens Medium #Jersey Hill #Sales #Discount http://t.co/IbpzZYrWEE
Tue May 12 17:43:44 +0000 2015,RT @DetroitPistons: The #Pistons legend Rick Mahorn &amp @PistonsHooper made their way to the Kennedy Center for a special FIT clinic! http:/…
Tue May 12 17:40:01 +0000 2015,RT @DetroitPistons: The #Pistons legend Rick Mahorn &amp @PistonsHooper made their way to the Kennedy Center for a special FIT clinic! http:/…
Tue May 12 17:39:51 +0000 2015,The #Pistons legend Rick Mahorn &amp @PistonsHooper made their way to the Kennedy Center for a special FIT clinic! http://t.co/AgL5DK14aH
Tue May 12 17:38:25 +0000 2015,L L L #Collectible #Buzz Mitchell &ampampampamp Ness Hardwood Classics #NBA Detroit #Pistons Ben Wallace #3 Sz 7… http://t.co/leNWiufJwa
Tue May 12 17:38:25 +0000 2015,#Solution #Fitness 10 Simple Ways To Help Your Weight Loss http://t.co/JrSAwD89pr #Pistons #Skinny
Tue May 12 17:32:37 +0000 2015,L #NBA #Basketball HUGE Detroit #Pistons NBA Adidas Warm Up snap Jacket Men's 3XL TALL Clima365 #Sales #Discount http://t.co/FfrBBQLgjb
Tue May 12 17:32:36 +0000 2015,#Collectible #Buzz Detroit #Pistons 50 Years ANNIVERSITY 57-58 to 07-08 Framed 3-D matted NO GLASS http://t.co/gr2HI0AOAN #eBay #Auction
Tue May 12 17:32:36 +0000 2015,#NBA #Basketball BNWT ADIDAS NBA Detroit #Pistons On-Court Warm-Up Jacket Men's Medium 6937A $110 http://t.co/kGGvJ2Eml3 #Sales #Discount
Tue May 12 17:32:35 +0000 2015,#Detroit #Pistons Vintage DETROIT PISTONS Old Logo Black Fitted 6-7/8 Hat Sports Specialties-… http://t.co/OWXc3NSW5k #NBA #Great #Deals
Tue May 12 17:31:00 +0000 2015,RT DetroitPistonsv: L #Detroit #Pistons BNWT ADIDAS NBA Detroit Pistons On-Court Warm-Up Jacket Men's Medium 6937A… http://t.co/OYOzoLfH8R
Tue May 12 17:26:34 +0000 2015,L #Detroit #Pistons BNWT ADIDAS NBA Detroit Pistons On-Court Warm-Up Jacket Men's Medium 6937A $110 #NBA #Great… http://t.co/tvPqHm7IZ3
Tue May 12 17:21:57 +0000 2015,#Detroit #Pistons @PaulaTutman: How the Pistons are impacting lives of kids: Local 4 First ... http://t.co/ubOifv3e8x #DetroitBasketball
Tue May 12 17:21:37 +0000 2015,L L B #Collectible #Buzz Detroit #Pistons #NBA Champions 1988-89 T Shirt Mens XXL Retro-Fade Red #eBay #Auction http://t.co/2fGIhAMpui
Tue May 12 17:16:09 +0000 2015,#Collectible #Buzz Rare Vintage 90s #NBA Detroit #Pistons Grant Hill 33 Champion #Jersey Youth M… http://t.co/rj76AKidvc #eBay #Auction
Tue May 12 17:16:08 +0000 2015,#Detroit #Pistons Vtg Mens NBA DETROIT PISTONS #33 GRANT HILL Champion PRINTED Jersey 44 Made USA http://t.co/yJtxoez6zI #NBA #Great #Deals
Tue May 12 17:15:37 +0000 2015,http://t.co/Nu5mqZnsfy [NBA] - Kings Pick Up Option on David Arseneault Jr.  #Pistons http://t.co/sm432YNhcH
Tue May 12 17:14:27 +0000 2015,What We Learned About the Detroit Pistons During the 2014-15 NBA Season| http://t.co/hJy9eQvPkJ #Pistons
Tue May 12 17:11:40 +0000 2015,L #Collectible #Buzz HUGE Detroit #Pistons #NBA Adidas Warm Up snap Jacket Men's 3XL TALL Clima365 #eBay #Auction http://t.co/Eic4K01NB3
Tue May 12 17:08:13 +0000 2015,#Solution #Fitness Free Weight Loss Surgery Seminar in Montreal Canada Hosted by Mexico Bariatric… http://t.co/we6gbZ9Jpx #Pistons #Skinny
Tue May 12 17:08:08 +0000 2015,#detroitpistons #pistons #detroit Here are the 76ers' new logos featuring Dribbling Ben Franklin (Ball Don't .. http://t.co/6kS3eU4O99
Tue May 12 17:05:38 +0000 2015,L #Detroit #Pistons New Zipway NBA Mens Detroit Pistons Basketball Shorts Athletic 4X Large $50! #NBA #Great #Deals http://t.co/dsONAuzmPH
Tue May 12 17:02:09 +0000 2015,RT DetroitPistonsv: #Detroit #Pistons Ben Wallace Detroit Pistons Bobblehead Bobble Head Only 5000 VHTF … http://t.co/OYOzoLfH8R
Tue May 12 17:00:08 +0000 2015,#Collectible #Buzz Ben Wallace Detroit #Pistons Bobblehead Bobble Head Only 5000 VHTF http://t.co/PX4sV06QI7 #eBay #Auction
Tue May 12 17:00:08 +0000 2015,#NBA #Basketball Vtg Mens NBA DETROIT #Pistons #33 GRANT HILL Champion PRINTED #Jersey 44 Made USA http://t.co/vbZhttxtov #Sales #Discount
Tue May 12 17:00:07 +0000 2015,#Detroit #Pistons Ben Wallace Detroit Pistons Bobblehead Bobble Head Only 5000 VHTF http://t.co/2egsm2pHIf #NBA #Great #Deals
Tue May 12 16:59:39 +0000 2015,http://t.co/F4b4r4Kwrb Here are the 76ers' new logos featuring Dribbling Ben Franklin (B #Pistons http://t.co/LALKl4OOlA
Tue May 12 16:55:09 +0000 2015,L #Collectible #Buzz Detroit #Pistons Vintage Champion Shooting Shirt Mens Medium #Jersey Hill #eBay #Auction http://t.co/clezbbhBeY
Tue May 12 16:53:32 +0000 2015,http://t.co/Nu5mqZnsfy 2014-15 Player Recap: Greg Monroe  #Pistons http://t.co/4oyMMnokGo
Tue May 12 16:50:36 +0000 2015,L #NBA #Basketball New Zipway NBA Mens Detroit #Pistons Basketball Shorts Athletic 4X Large $50! #Sales #Discount http://t.co/2XKNRGArWY
Tue May 12 16:44:17 +0000 2015,#Collectible #Buzz Vtg Mens #NBA DETROIT #Pistons #33 GRANT HILL Champion PRINTED #Jersey 44 Made USA http://t.co/oYTFZ39cNH #eBay #Auction
Tue May 12 16:44:17 +0000 2015,#NBA #Basketball Detroit #Pistons Vintage Champion Shooting Shirt Mens Medium #Jersey Hill http://t.co/4mNYsvt0z8 #Sales #Discount
Tue May 12 16:44:16 +0000 2015,#Detroit #Pistons Vintage Detroit Pistons Grant Hill NBA basketball jersey Rookie Champion Rare http://t.co/3MGIDxIMgm #NBA #Great #Deals
Tue May 12 16:39:24 +0000 2015,2014-15 Player Recap :John Lucas III| http://t.co/qAxnPQQEMp #Pistons
Tue May 12 16:39:06 +0000 2015,L L #Collectible #Buzz Mitchell &ampampamp Ness Hardwood Classics #NBA Detroit #Pistons Ben Wallace #3 Sz 7 Youth… http://t.co/SHtmVXe95N
Tue May 12 16:38:22 +0000 2015,#Solution #Fitness Why Weight Loss Surgery is the Best Option for Fighting Extreme Obesity http://t.co/5Afb5w0ThC #Pistons #Skinny
Tue May 12 16:37:18 +0000 2015,#NBA #Pistons - Rare Vintage 90s NBA Detroit Pistons Grant Hill 33 Champion Jersey Yout... http://t.co/alXrmoYvsn http://t.co/k33Sm3HFUt
Tue May 12 16:37:18 +0000 2015,#NBA #Pistons - Vtg Mens NBA DETROIT PISTONS #33 GRANT HILL Champion PRINTED Jersey 44 ... http://t.co/K7kaUom3p8 http://t.co/k33Sm3HFUt
Tue May 12 16:37:17 +0000 2015,#NBA #Pistons - Detroit Pistons Vintage Champion Shooting Shirt Mens Medium Jersey Hill... http://t.co/Gbucvqynwy http://t.co/k33Sm3HFUt
Tue May 12 16:37:17 +0000 2015,#NBA #Pistons - New Zipway NBA Mens Detroit Pistons Basketball Shorts Athletic 4X Large... http://t.co/WhP7LtYAwp http://t.co/k33Sm3HFUt
Tue May 12 16:37:16 +0000 2015,#NBA #Pistons - HUGE Detroit Pistons NBA Adidas Warm Up snap Jacket Men's 3XL TALL Clim... http://t.co/YfU1bMqOKu http://t.co/k33Sm3HFUt
Tue May 12 16:34:08 +0000 2015,L #NBA #Basketball Detroit #Pistons NBA basketball magnet #Sales #Discount http://t.co/ufJ5pUP4dp
Tue May 12 16:31:31 +0000 2015,RT DetroitPistonsv: #Detroit #Pistons BNWT ADIDAS NBA Detroit Pistons On-Court Warm-Up Jacket Men's Medium 6937A $… http://t.co/OYOzoLfH8R
Tue May 12 16:27:39 +0000 2015,#Collectible #Buzz New Zipway #NBA Mens Detroit #Pistons #Basketball Shorts Athletic 4X Large $50! http://t.co/erPJeNeX7h #eBay #Auction
Tue May 12 16:27:39 +0000 2015,#NBA #Basketball HUGE Detroit #Pistons NBA Adidas Warm Up snap Jacket Men's 3XL TALL Clima365 http://t.co/nukUkZ1nvv #Sales #Discount
Tue May 12 16:27:38 +0000 2015,#Detroit #Pistons BNWT ADIDAS NBA Detroit Pistons On-Court Warm-Up Jacket Men's Medium 6937A $110 http://t.co/ViCluEViz0 #NBA #Great #Deals
Tue May 12 16:24:07 +0000 2015,L B #Collectible #Buzz Detroit #Pistons #NBA Champions 1988-89 T Shirt Mens XXL Retro-Fade Red #eBay #Auction http://t.co/1M2q197I5F
Tue May 12 16:19:14 +0000 2015,L L #NBA #Basketball Vintage Detroit #Pistons Grant Hill NBA basketball #Jersey Rookie Champion Rare #Sales… http://t.co/NiMxOhsrPd
Tue May 12 16:12:40 +0000 2015,L L L #Detroit #Pistons Detroit Pistons School Folder! - NEW! #NBA #Great #Deals http://t.co/VLcApcPnYZ
Tue May 12 16:12:39 +0000 2015,#Collectible #Buzz HUGE Detroit #Pistons #NBA Adidas Warm Up snap Jacket Men's 3XL TALL Clima365 http://t.co/OpwVocBf3k #eBay #Auction
Tue May 12 16:12:37 +0000 2015,#NBA #Basketball Rare Vintage 90s NBA Detroit #Pistons Grant Hill 33 Champion #Jersey Youth M 10-12 http://t.co/JLHNnoCTtc #Sales #Discount
Tue May 12 16:12:37 +0000 2015,#Detroit #Pistons New Zipway NBA Mens Detroit Pistons Basketball Shorts Athletic 4X Large $50! http://t.co/s6tS1ESKSa #NBA #Great #Deals
