Tue May 12 18:53:06 +0000 2015,#Raptors' Dwane Casey no longer on hot seat. Per league sources he‚Äôs returning to Toronto for next season probably with new assistants.
Tue May 12 18:50:18 +0000 2015,Poll :What Should the Raptors do with Kyle Lowry? http://t.co/88WdqTqpKW #Raptors #NBA
Tue May 12 18:42:00 +0000 2015,#d1lockermedia RiseüëÜ#Toronto #TO #6ix #six #bball #basketball #raptors #wethenorth #ballislife üòê by rudycho via In‚Ä¶ http://t.co/EyPTRc2qnh
Tue May 12 18:34:38 +0000 2015,RT @LOYALtoaTEE: He knows. #Drake #OVO#DubNation #Raptors #WeTheNorth #AndrewWiggins #TWolves http://t.co/qcUNWVyzxR
Tue May 12 18:32:16 +0000 2015,RT @HoopsHabit: An interesting question -- should the #Raptors consider Scott Brooks? #rtz #nba http://t.co/XzGy68Cg6f http://t.co/WgT8I8r6‚Ä¶
Tue May 12 18:32:09 +0000 2015,An interesting question -- should the #Raptors consider Scott Brooks? #rtz #nba http://t.co/XzGy68Cg6f http://t.co/WgT8I8r6Hy
Tue May 12 18:30:17 +0000 2015,DeMar and Diane DeRozan's special mother-son relationship http://t.co/3e39zLaFYJ #Raptors #NBA
Tue May 12 18:29:22 +0000 2015,'Toronto Raptors: Why Not Scott Brooks?' via @fansided. #Raptors http://t.co/O8eXzryhjI
Tue May 12 18:28:28 +0000 2015,#RaptorNation Cap Crunch: The Raptors have a few salary questions to answer this summer: Wit... http://t.co/AYz2r9FSD4 #raptors #toronto
Tue May 12 18:27:33 +0000 2015,Red Shouldered Hawk in flight at HoleyLand Wildlife .. http://t.co/mQOyIyw3d6 #birds #hawks #raptors #red #shouldered #hawk
Tue May 12 18:23:58 +0000 2015,Attendance up despite losing season| http://t.co/94WxcbclLG #Raptors
Tue May 12 18:22:21 +0000 2015,'What can we expect with Toronto Raptors' #20 draft pick?' via @fansided. #Raptors http://t.co/I7C2ox3p1P
Tue May 12 18:18:54 +0000 2015,RT @HugoRenato23: Nem os teus cotas aguentam..#Raptors
Tue May 12 18:10:16 +0000 2015,Toronto Raptors Player Reviews :The Forgotten Souls http://t.co/gpFctTkhyn #Raptors #NBA
Tue May 12 18:02:27 +0000 2015,Crested Caracara taken at Dinner Island Ranch http://t.co/UApf0TY4Ep #bird #birds #of #prey #crested #caracara #raptors
Tue May 12 17:56:42 +0000 2015,Osprey http://t.co/eqrXV9lJS1 #birds-of-prey #osprey #raptors #birds
Tue May 12 17:54:27 +0000 2015,Nem os teus cotas aguentam..#Raptors
Tue May 12 17:53:27 +0000 2015,@Cam_Oflage #Pelicans logic! Maybe the #Raptors should make a run at him?
Tue May 12 17:53:03 +0000 2015,RT @sandalsfdn: A huge thank you to¬†Kyle Lowry¬†of the NBA's¬†#Toronto #Raptors¬†for spending time with the kids at a‚Ä¶ https://t.co/jt42e3uK0u
Tue May 12 17:50:30 +0000 2015,#Raptors Tweets: Don't miss an all-new episode of #OpenGym: Presented by @Bell at 2 PM‚Ä¶ http://t.co/JkjrWn1s8H #NBA http://t.co/07uUyPXR9D
Tue May 12 17:50:16 +0000 2015,Terrence Ross Has A Message For Raptors Fans :Bare With Us We'll Only Get Better http://t.co/lxF2BJiOlM #Raptors #NBA
Tue May 12 17:48:55 +0000 2015,Toronto Raptors√¢¬Ä¬ô off-season will (finally) start to reveal GM Masai Ujiri√¢¬Ä¬ôs vision for his team| http://t.co/UHVtJbEn93 #Raptors
Tue May 12 17:48:51 +0000 2015,The #Raptors mascot got some sick dance moves http://t.co/WwErvWEL1k http://t.co/v7R2PQYYM6
Tue May 12 17:33:04 +0000 2015,A huge thank you to¬†Kyle Lowry¬†of the NBA's¬†#Toronto #Raptors¬†for spending time with the kids at a‚Ä¶ https://t.co/jt42e3uK0u
Tue May 12 17:31:52 +0000 2015,Cap Crunch: The Raptors have a few salary questions ... #TorontoRaptors #Raptors http://t.co/QUO1vro6b6 http://t.co/jUaeTVT86Q
Tue May 12 17:31:10 +0000 2015,#Raptors i have #hat of all #colors &amp all the #style üòè http://t.co/gwfJ6yMzwU
Tue May 12 17:25:47 +0000 2015,Turkey Vulture in Flight http://t.co/GRrDJznGMI #bird #birds #raptors #turkey #vulture
Tue May 12 17:24:22 +0000 2015,@swirsk054 cause there gonna lose there mvp #raptors
Tue May 12 17:16:44 +0000 2015,What can we expect with Toronto Raptors' #20 draft pick? #Raptors #RTZ http://t.co/tcy0PvvqiB http://t.co/DPlzqH9AFx
Tue May 12 17:14:51 +0000 2015,I don't really like the #raptors but this hat is üî•üî•üî• https://t.co/t2nfRSeszd
Tue May 12 17:13:02 +0000 2015,What can we expect with Toronto Raptors' #20 draft pick? a look at history http://t.co/hQEIOosys6 @HoopsHabit @NewmarketBrian #raptors
Tue May 12 17:13:00 +0000 2015,http://t.co/2EmsA2ahiG [Bloguin: NBA Draft Blog] - Orlando Magic: What Is Their Most  #Raptors http://t.co/N4lh6ev3y1
Tue May 12 17:12:54 +0000 2015,http://t.co/EEkB0NdMH9: Toronto Raptors ease past Orlando Magic in 98-83 win. http://t.co/2b8kBmhT2q #magic #orlando #raptors #toronto
Tue May 12 17:08:10 +0000 2015,#TorontoRaptors #Raptors #Toronto Cap Crunch: The Raptors have a few salary questions to answer this summer http://t.co/wWmma1ulmp
Tue May 12 17:07:58 +0000 2015,http://t.co/2EmsA2ahiG 35 NBA Toronto Raptors Stickers  #Raptors http://t.co/ZMDsAGdFY9
Tue May 12 17:05:52 +0000 2015,http://t.co/7MdHqNLogO #Raptors #JurasicWorld #dinosaur http://t.co/9Ugfom5Lnl
Tue May 12 17:04:26 +0000 2015,Tross settling for mediocrity..such is life as a Raptors fan :( #rtz #raptors @raptors
Tue May 12 17:01:25 +0000 2015,#Raptors #JurasicWorld #dinosaur http://t.co/CQzrZJOw3o
Tue May 12 17:01:02 +0000 2015,Will the #Raptors be as smart as the Pelicans? Making the playoffs shouldn't guarantee safety. #RTZ https://t.co/qYI6nVV8Ji
Tue May 12 16:56:21 +0000 2015,#NBA #Raptors- Toronto Raptors XL Mitchell &amp Ness Drop Step Mesh Tank Top Jersey Rare: ... http://t.co/fHuFx8RWXw http://t.co/k33Sm3HFUt
Tue May 12 16:56:21 +0000 2015,#NBA #Raptors- Toronto Raptors XXL Mitchell &amp Ness Drop Step Mesh Tank Top Jersey Rare:... http://t.co/VNRQQVX2q5 http://t.co/k33Sm3HFUt
Tue May 12 16:56:21 +0000 2015,#NBA #Raptors- Toronto Raptors XL Purple Mitchell &amp Ness Hustle Play Henley Shirt:  $32... http://t.co/AKYjQ6PXw8 http://t.co/k33Sm3HFUt
Tue May 12 16:50:38 +0000 2015,RT @Sportsnet: Terrence Ross wants #Raptors fans to focus more on how the season started than how it ended. http://t.co/MjvBAKGoiN http://t‚Ä¶
Tue May 12 16:48:50 +0000 2015,http://t.co/EEkB0NdMH9: Toronto Raptors ‚Ä¢ Slipping the Screen http://t.co/GxpWK7ZoXn #raptors #screen #slipping #toronto
Tue May 12 16:45:48 +0000 2015,RT @ClaireTalbot59: #screech #owl #TinkerPark #roc #rochesterny #roctopshots #igbirds #almightybirds #raptors #bestofroc https://t.co/eWAcQ‚Ä¶
Tue May 12 16:44:13 +0000 2015,#screech #owl #TinkerPark #roc #rochesterny #roctopshots #igbirds #almightybirds #raptors #bestofroc https://t.co/eWAcQu1s83
Tue May 12 16:38:51 +0000 2015,This season was about building for future| http://t.co/2Qn7TAmtRG #Raptors
Tue May 12 16:31:36 +0000 2015,RT @TodaysFastbreak: After another first round exit what's next for the #Raptors? @shawn_woods15 looks ahead at Toronto. http://t.co/Zhpwb‚Ä¶
Tue May 12 16:31:15 +0000 2015,After another first round exit what's next for the #Raptors? @shawn_woods15 looks ahead at Toronto. http://t.co/Zhpwba1mXg #RTZ
Tue May 12 16:20:52 +0000 2015,RT @BlagoBlogger1: my latest piece on the #Raptors playoff run http://t.co/acm0mNVqwT #RTZ #WeTheNorth #NBAPlayoffs
Tue May 12 16:10:12 +0000 2015,Prospect Profile :Devin Booker http://t.co/NfRQT03EZ0 #Raptors #NBA
Tue May 12 16:09:51 +0000 2015,#Raptors Tweets: Evento no Rio / Event in Rio - Interview @SporTV #TourismOntario #TourismToronto #Toronto2015‚Ä¶ #NBA http://t.co/07uUyPXR9D
Tue May 12 16:01:38 +0000 2015,RT @Sportsnet: Terrence Ross wants #Raptors fans to focus more on how the season started than how it ended. http://t.co/MjvBAKGoiN http://t‚Ä¶
Tue May 12 15:59:22 +0000 2015,Terrence Ross wants #Raptors fans to focus more on how the season started than how it ended.‚Ä¶ http://t.co/rB2erY80Ok
Tue May 12 15:50:11 +0000 2015,Atlantic Notes :Love Celtics Nets D-Will http://t.co/jkaBWvP1DZ #Raptors #NBA
Tue May 12 15:48:28 +0000 2015,#Toronto #Raptors #Life #WeTheNorth #Amir #Johnson  #Pranks #LoL http://t.co/jYNTaKwlzc
Tue May 12 15:43:56 +0000 2015,RT @Sportsnet: Terrence Ross wants #Raptors fans to focus more on how the season started than how it ended. http://t.co/MjvBAKGoiN http://t‚Ä¶
Tue May 12 15:39:05 +0000 2015,RT @devingray33: Terrence Ross calls out #Raptors Fans for jumping off the bandwagon so quick http://t.co/sCTM9XolX5 @NorthPoleHoops http‚Ä¶
Tue May 12 15:36:46 +0000 2015,Have you seen this? It's really a fantastic page. #raptors #citybirds http://t.co/Jnm3hCa0Uk
Tue May 12 15:35:12 +0000 2015,So........ The #Raptors and #76ers took their new logo ideas from the #Nets. LMAO.
Tue May 12 15:34:26 +0000 2015,#NBA #Raptors- Vince Carter Toronto Raptors Jersey:  $44.99End Date: Thursday Jun-11-20... http://t.co/jUFH2gLcGw http://t.co/k33Sm3HFUt
Tue May 12 15:34:26 +0000 2015,#NBA #Raptors- Vince Carter Toronto Raptors Jersey:  $44.99End Date: Thursday Jun-11-20... http://t.co/q5CqvayUzl http://t.co/k33Sm3HFUt
Tue May 12 15:32:40 +0000 2015,RT @RaptorsViews: #TorontoRaptors #Raptors #Toronto Potential Trade Targets http://t.co/bw6QeSeugK
Tue May 12 15:31:02 +0000 2015,my latest piece on the #Raptors playoff run http://t.co/acm0mNVqwT #RTZ #WeTheNorth #NBAPlayoffs
Tue May 12 15:30:47 +0000 2015,RT @Sportsnet: Terrence Ross wants #Raptors fans to focus more on how the season started than how it ended. http://t.co/MjvBAKGoiN http://t‚Ä¶
Tue May 12 15:30:11 +0000 2015,Q&ampA With Draft Prospect Chris Walker http://t.co/GSXCVajFGo #Raptors #NBA
Tue May 12 15:28:47 +0000 2015,Raptors Update| http://t.co/90vAjc8wMc #Raptors
Tue May 12 15:28:30 +0000 2015,RT @devingray33: Terrence Ross calls out #Raptors Fans for jumping off the bandwagon so quick http://t.co/sCTM9XolX5 @NorthPoleHoops http‚Ä¶
Tue May 12 15:26:52 +0000 2015,Reptars new single is fire #reptaronice #rugrats @chrishguerra #Reptar #raptors #EditRanked https://t.co/65OD1Rz4HS
Tue May 12 15:26:04 +0000 2015,RT @devingray33: Terrence Ross calls out #Raptors Fans for jumping off the bandwagon so quick http://t.co/sCTM9XolX5 @NorthPoleHoops http‚Ä¶
Tue May 12 15:25:13 +0000 2015,Terrence Ross calls out #Raptors Fans for jumping off the bandwagon so quick http://t.co/sCTM9XolX5 @NorthPoleHoops http://t.co/JJV9CGqWbG
Tue May 12 15:22:42 +0000 2015,This is a fucking joke right ? #brooklyn #raptors #wizards #clippers #sixers all share the same logo ? http://t.co/AyxR4Gnzww
Tue May 12 15:09:03 +0000 2015,Nets-Raptors Box| http://t.co/YmYXBvQNUD #Raptors
Tue May 12 15:06:54 +0000 2015,RT @Sportsnet: Terrence Ross wants #Raptors fans to focus more on how the season started than how it ended. http://t.co/MjvBAKGoiN http://t‚Ä¶
Tue May 12 14:59:47 +0000 2015,Lit! üî• Thank you markelmaxwell üôè #üåêwide #TorontoRaptors #Toronto #Raptors #Damon #Stoudamire‚Ä¶ https://t.co/v2zP2OPMb2
Tue May 12 14:54:45 +0000 2015,#Raptors Tweets: Last day to sign up for the @Raptors Basketball Clinic! If you signed up stay tuned for an‚Ä¶ #NBA http://t.co/07uUyPXR9D
Tue May 12 14:48:24 +0000 2015,RT @Sportsnet: Terrence Ross wants #Raptors fans to focus more on how the season started than how it ended. http://t.co/MjvBAKGoiN http://t‚Ä¶
Tue May 12 14:47:14 +0000 2015,http://t.co/EEkB0NdMH9: GameTime: Raptors vs. Wizards... http://t.co/2NmiaX0Uk8 #analysis #april #gametime #raptors #toronto #wizards
Tue May 12 14:35:57 +0000 2015,http://t.co/j1D4SnLlV4 Potential Trade Targets  #Raptors http://t.co/Y2alO1HkY7
Tue May 12 14:34:01 +0000 2015,Toronto Raptors GM Masai Ujiri on coach Dwane Casey√¢¬Ä¬ôs future Kyle Lowry√¢¬Ä¬ôs health and Paul Pierce| http://t.co/XZvkNATiWW #Raptors
Tue May 12 14:26:37 +0000 2015,#RaptorNation Toronto Raptors: Why Not Scott Brooks?: But it's a long summer and there is un... http://t.co/6sy0LYnZHh #raptors #toronto
Tue May 12 14:26:15 +0000 2015,I'm so excited. !!! #Softball #2015 #Raptors ‚öæ‚öæ‚öæ‚öæ‚öæ‚öæ‚öæ‚öæ‚öæ‚öæ‚öæ‚öæ‚öæ‚öæ‚öæ‚öæ http://t.co/l5nDSAWINz
Tue May 12 14:23:30 +0000 2015,Osprey at HoleyLand WMA http://t.co/dFaIwRvIDX #bird #birds #of #prey #raptors
Tue May 12 14:19:25 +0000 2015,RT @Sportsnet: Terrence Ross wants #Raptors fans to focus more on how the season started than how it ended. http://t.co/MjvBAKGoiN http://t‚Ä¶
Tue May 12 14:18:18 +0000 2015,Terrence Ross wants #Raptors fans to focus more on how the season started than how it ended. http://t.co/MjvBAKGoiN http://t.co/0SJrPKYuCY
Tue May 12 14:17:56 +0000 2015,#NBA #Raptors- Official - Toronto Raptors Crew Neck WE THE NORTH Mitchell &amp Ness OVO (L... http://t.co/lClBXxvfed http://t.co/k33Sm3HFUt
Tue May 12 14:07:03 +0000 2015,Reptars new single is fire #reptaronice #rugrats @chrishguerra #Reptar #raptors #Ed... (Vine by @imbluewhoyou) https://t.co/6Ml0jOuKlY
Tue May 12 14:05:49 +0000 2015,http://t.co/2EmsA2ahiG [True Hoop: Raptors Republic] - Potential Trade Targets  #Raptors http://t.co/KtakvOcmKD
Tue May 12 13:54:52 +0000 2015,Reptars new single is fire #reptaronice #rugrats @chrishguerra #Reptar #raptors #Ed... (Vine by @imbluewhoyou) https://t.co/kffcEqA1TX
Tue May 12 13:51:56 +0000 2015,Licensed Raptors windbreaker jacket Boys L.  #raptors #torontoraptors #raptorsjacket #basketball‚Ä¶ https://t.co/S4zw2qx2kQ
Tue May 12 13:51:46 +0000 2015,RT @RaptorsFaclub: Monstro by @putoheyciMyZone  by @EdgarPatrice. #Pf . #Raptors
Tue May 12 13:45:10 +0000 2015,Lowry shouldn‚Äôt have say in future of coach :Feschuk http://t.co/RVC9DqN4J4 #Raptors #NBA
Tue May 12 13:43:11 +0000 2015,#BlueJays #MapleLeafs #Raptors News is out! http://t.co/n3QoWXvZ1C Stories via @ULeafsFan @_candiceKaye_ @stevesraptors
Tue May 12 13:25:09 +0000 2015,Details murky on where Raptors-affiliated team would fit in NBA D-League http://t.co/vsxsPmHzom #Raptors #NBA
Tue May 12 13:23:57 +0000 2015,Raptors√¢¬Ä¬ô off-season decisions will reveal Ujiri√¢¬Ä¬ôs vision :Arthur| http://t.co/P4NhlD82i4 #Raptors
Tue May 12 13:08:05 +0000 2015,#TorontoRaptors #Raptors #Toronto Potential Trade Targets http://t.co/bw6QeSeugK
Tue May 12 13:05:09 +0000 2015,Five possible homes for Raptors proposed NBA D-League team http://t.co/V1z1kkKV1j #Raptors #NBA
Tue May 12 12:46:22 +0000 2015,http://t.co/EEkB0NdMH9: Portland Trail Blazers... http://t.co/eX5VLsCQvN #blazers #highlights #november #portland #raptors #toronto #trail
Tue May 12 12:45:08 +0000 2015,Too hurt? Why athletes choose to sit or play through injuries http://t.co/GuJD2Uer0z #Raptors #NBA
Tue May 12 12:13:53 +0000 2015,Roster Report| http://t.co/3luRPynquC #Raptors
