Tue May 12 18:53:23 +0000 2015,@NBAcom @HoustonRockets @franblinebury Always fair in reporting without bias. As a fan I appreciate it. #Rockets dig deep compete. Focus
Tue May 12 18:53:19 +0000 2015,#DwightHoward #Deals 2014/15 PANINI SELECT#232 DWIGHT HOWARD COURTSIDE SILVER PRIZMS SP http://t.co/8cHOHbfBnj #NBA #Rockets
Tue May 12 18:53:19 +0000 2015,#NBA #DwightHoward 2014/15 PANINI SELECT DWIGHT HOWARD CITY TO CITY DUAL GAME JERSEY#34/49‚Ä¶ http://t.co/X8k4mOqclU #Rockets #Bargains
Tue May 12 18:53:06 +0000 2015,RT @NBAMemes: Kobe Bryant to Dwight Howard. #Lakers #Rockets http://t.co/LWddf0t9mh
Tue May 12 18:53:02 +0000 2015,RT @NBASTORE: Will #Clippers advance to the Western Conference Finals or will #Rockets force Game 6? http://t.co/4OtaXj0aKA http://t.co/7U‚Ä¶
Tue May 12 18:52:06 +0000 2015,RT @NBAMemes: James Harden: Regular Season vs. Playoffs. #Rockets http://t.co/NW4yzYhjY3
Tue May 12 18:52:04 +0000 2015,RT @NBAMemes: Kobe Bryant to Dwight Howard. #Lakers #Rockets http://t.co/LWddf0t9mh
Tue May 12 18:51:51 +0000 2015,ICYMI: Podcast preview by @MrJoshua and me on what #Rockets must change to win. We both picked them in Game 5 FWIW:http://t.co/Ar8pobTEZN
Tue May 12 18:51:49 +0000 2015,RT @NBASTORE: Will #Clippers advance to the Western Conference Finals or will #Rockets force Game 6? http://t.co/4OtaXj0aKA http://t.co/7U‚Ä¶
Tue May 12 18:51:37 +0000 2015,RT @NBAMemes: James Harden: Regular Season vs. Playoffs. #Rockets http://t.co/NW4yzYhjY3
Tue May 12 18:51:34 +0000 2015,RT @NBAMemes: James Harden: Regular Season vs. Playoffs. #Rockets http://t.co/NW4yzYhjY3
Tue May 12 18:51:29 +0000 2015,RT #ROCKETSvCLIPPERS Game 5 @TheGorgeousGael TONIGHT 8:30 PM Tip-Off.  Wear your #Rockets Red #RedNation #Pursuit http://t.co/5Rik4lf2wD
Tue May 12 18:50:45 +0000 2015,RT @NBAMemes: Kobe Bryant to Dwight Howard. #Lakers #Rockets http://t.co/LWddf0t9mh
Tue May 12 18:50:24 +0000 2015,Oh damn Boom 92 actually played this? #Rockets you definitely gotta win tonight!  https://t.co/XQSFcEkjhH
Tue May 12 18:49:53 +0000 2015,RT @NBAMemes: Kobe Bryant to Dwight Howard. #Lakers #Rockets http://t.co/LWddf0t9mh
Tue May 12 18:49:47 +0000 2015,RT @NBAMemes: Kobe Bryant to Dwight Howard. #Lakers #Rockets http://t.co/LWddf0t9mh
Tue May 12 18:49:44 +0000 2015,RT @NBAMemes: James Harden: Regular Season vs. Playoffs. #Rockets http://t.co/NW4yzYhjY3
Tue May 12 18:49:07 +0000 2015,RT @NBAMemes: Kobe Bryant to Dwight Howard. #Lakers #Rockets http://t.co/LWddf0t9mh
Tue May 12 18:48:49 +0000 2015,RT @GregRajan: What you need to know about the #Rockets and comebacks from 3-1 deficits http://t.co/3K8edGsfeW
Tue May 12 18:48:16 +0000 2015,RT @NBAMemes: Kobe Bryant to Dwight Howard. #Lakers #Rockets http://t.co/LWddf0t9mh
Tue May 12 18:48:08 +0000 2015,RT @NBASTORE: Will #Clippers advance to the Western Conference Finals or will #Rockets force Game 6? http://t.co/4OtaXj0aKA http://t.co/7U‚Ä¶
Tue May 12 18:47:34 +0000 2015,Will #Clippers advance to the Western Conference Finals or will #Rockets force Game 6? http://t.co/4OtaXj0aKA http://t.co/7U6tAx2obU
Tue May 12 18:45:07 +0000 2015,L #NBA #DwightHoward 2004 DWIGHT HOWARD Bowman DPP Rookie/RC Orlando/Houston! Graded PSA 10 GEM‚Ä¶ #Rockets #Bargains http://t.co/R9RiiKPF3b
Tue May 12 18:44:56 +0000 2015,RT @NBAMemes: Kobe Bryant to Dwight Howard. #Lakers #Rockets http://t.co/LWddf0t9mh
Tue May 12 18:44:35 +0000 2015,TIX http://t.co/J0APjn0b85 L 1-6 Tickets #NBA Finals : Houston #Rockets vs TBD 6/14 Toyota Center -‚Ä¶ http://t.co/FSvcmPdS8v #Ticket‚Ä¶
Tue May 12 18:44:34 +0000 2015,RT @DonatasMot: What can I say... These are wonderful kids ) I'm thankful for your support! It helps a lot! #Rockets http://t.co/iHRQtkcuYu
Tue May 12 18:44:13 +0000 2015,L #NBA #Rockets #JamesHarden 14/15 Panini Select PRIZM REFRACTOR #26 #Bargains #Deals http://t.co/5tPxnKdSKP
Tue May 12 18:42:08 +0000 2015,#NBA #Rockets #JamesHarden NBA ROCKETS FLEER RETRO METAL UNIVERSE MAXIMUM METAL INSERT #Card 20 http://t.co/giyCfzjsrO #Bargains #Deals
Tue May 12 18:42:05 +0000 2015,TIX http://t.co/uc1QIL6tF6 A A 1-4 #Tickets NBA Western Conference Finals : Houston #Rockets vs‚Ä¶ http://t.co/o03P9sYmgL #Ticket‚Ä¶
Tue May 12 18:41:14 +0000 2015,#Houston #Rockets Potential early playoff exit least of issues Rockets face: HOUSTON ‚Äî If the Rocke... http://t.co/ujr3QQOXxx #GoRockets
Tue May 12 18:40:03 +0000 2015,Woelfel On Thibodeau Carter-Williams Middleton http://t.co/yjVYC7WoSL #Rockets #NBA
Tue May 12 18:39:42 +0000 2015,RT @NBAMemes: James Harden: Regular Season vs. Playoffs. #Rockets http://t.co/NW4yzYhjY3
Tue May 12 18:39:12 +0000 2015,Twit pic #houston #ROCKETSvCLIPPERS #Rockets #clutchcity #RedNation #PlayOffs2015 http://t.co/qVaEbQU961
Tue May 12 18:38:52 +0000 2015,http://t.co/5lUFLmgRBu [Houston Chronicle: Ultimate Rockets] - Will history repeat itself #Rockets http://t.co/nKfLGNpsNK
Tue May 12 18:38:39 +0000 2015,Are you ready for the game tonight?! Let's Go Rockets!!! #HoustonRockets #Rockets #FearTheBeard #TheRepublicSaloon  https://t.co/q8e07sIhS0
Tue May 12 18:38:37 +0000 2015,L L C #NBA #Rockets 2012-13 NBA HOOPS SPARK PLUGS #JamesHarden NO.1 #Bargains #Deals http://t.co/CRnZQxSRTg
Tue May 12 18:38:06 +0000 2015,#Cards #NBA #JamesHarden Panini Rookie Studio 2009/10 #Houston #Rockets http://t.co/e7i5jigJAo #Card #Bestseller
Tue May 12 18:37:15 +0000 2015,RT @NBAMemes: James Harden: Regular Season vs. Playoffs. #Rockets http://t.co/NW4yzYhjY3
Tue May 12 18:36:39 +0000 2015,RT @NBAMemes: James Harden: Regular Season vs. Playoffs. #Rockets http://t.co/NW4yzYhjY3
Tue May 12 18:36:39 +0000 2015,#Basketball #Buzz 2014/15 PANINI SELECT DWIGHT HOWARD CITY TO CITY DUAL GAME JERSEY#34/49 #Rockets http://t.co/mdkbM3w0mc #Forsale #onsale
Tue May 12 18:36:38 +0000 2015,#DwightHoward #Deals 2012/13 BRILLIANCE DWIGHT HOWARD SPELLBOUND H CARD #47! LAKERS http://t.co/iMMqYaPmMh #NBA #Rockets
Tue May 12 18:36:37 +0000 2015,#NBA #DwightHoward 2014/15 PANINI SELECT#232 DWIGHT HOWARD COURTSIDE SILVER PRIZMS SP http://t.co/o9qRwHTmhu #Rockets #Bargains
Tue May 12 18:36:37 +0000 2015,TIX http://t.co/JaFlKEdQwa L C 2 Tickets Sec 407 Row 6 Houston #Rockets Playoff Game 5 Los Angeles‚Ä¶ http://t.co/Ii2e3Vrdbn #Ticket‚Ä¶
Tue May 12 18:36:30 +0000 2015,RT @NBAMemes: James Harden: Regular Season vs. Playoffs. #Rockets http://t.co/NW4yzYhjY3
Tue May 12 18:35:25 +0000 2015,RT @SidelineBuzz: #hackajordan makes watching #nba painful http://t.co/TaKpbtewmg #CLIPPERSvsROCKETS #NBAPlayoffs #Clippers #rockets http:/‚Ä¶
Tue May 12 18:35:23 +0000 2015,RT @NBAMemes: Kobe Bryant to Dwight Howard. #Lakers #Rockets http://t.co/LWddf0t9mh
Tue May 12 18:34:43 +0000 2015,RT @SidelineBuzz: #hackajordan makes watching #nba painful http://t.co/TaKpbtewmg #CLIPPERSvsROCKETS #NBAPlayoffs #Clippers #rockets http:/‚Ä¶
Tue May 12 18:34:39 +0000 2015,#hackajordan makes watching #nba painful http://t.co/TaKpbtewmg #CLIPPERSvsROCKETS #NBAPlayoffs #Clippers #rockets http://t.co/oU3BHXtOm0
Tue May 12 18:34:08 +0000 2015,#hackajordan makes watching #nba painful http://t.co/xoFks0swBR #CLIPPERSvsROCKETS #NBAPlayoffs #Clippers #rockets http://t.co/WCvRFvPNnB
Tue May 12 18:33:11 +0000 2015,Let's go @HoustonRockets! We got this! #HTX @ToyotaCenterTix #Houston #rockets http://t.co/Nhtp8umxQR
Tue May 12 18:32:54 +0000 2015,RT @NBAMemes: Kobe Bryant to Dwight Howard. #Lakers #Rockets http://t.co/LWddf0t9mh
Tue May 12 18:32:17 +0000 2015,RT @NBAMemes: James Harden: Regular Season vs. Playoffs. #Rockets http://t.co/NW4yzYhjY3
Tue May 12 18:31:19 +0000 2015,RT @NBAMemes: Kobe Bryant to Dwight Howard. #Lakers #Rockets http://t.co/LWddf0t9mh
Tue May 12 18:30:53 +0000 2015,Join us tonight for the #Clippers vs #Rockets game at 6:30 PM &amp best of all it's during our new happy hour! http://t.co/bnLzAGyxWF
Tue May 12 18:30:46 +0000 2015,RT @NBAMemes: Kobe Bryant to Dwight Howard. #Lakers #Rockets http://t.co/LWddf0t9mh
Tue May 12 18:30:18 +0000 2015,RT @TwitVI: Tuesday's FREE Picks: #MLB- #Indians and #NBA- #Rockets. Good luck!http://t.co/4sW1JJ7dJ3
Tue May 12 18:29:38 +0000 2015,L #DwightHoward #Deals 2014-15 Panini Threads Inside Presence #1 Dwight Howard - NM-MT #NBA #Rockets http://t.co/TzWUIayPmF
Tue May 12 18:29:38 +0000 2015,RT @NBAMemes: Kobe Bryant to Dwight Howard. #Lakers #Rockets http://t.co/LWddf0t9mh
Tue May 12 18:29:35 +0000 2015,TIX http://t.co/J0APjn0b85 L L Los Angeles Clippers vs Houston #Rockets Round 2 G6 - 2 Premier ‚Ä¶ http://t.co/5mF70E5EW6 #Ticket #Tickets
Tue May 12 18:28:53 +0000 2015,RT @DylanTheMan37: The #Clippers just beat the #Rockets 128-95. üò≥ Now lead the series 3-1. #CLIPPERSvsROCKETS
Tue May 12 18:28:27 +0000 2015,RT @NBAMemes: Dwight Howard's LA-PROBLEMS.#Lakers #Clippers #Rockets http://t.co/PNDxUxRqMU
Tue May 12 18:28:22 +0000 2015,RT @NBAMemes: Dwight Howard still winless in playoff games in LA. #Rockets http://t.co/QE5ZhUu20B
Tue May 12 18:28:05 +0000 2015,RT @NBAMemes: James Harden: Regular Season vs. Playoffs. #Rockets http://t.co/NW4yzYhjY3
Tue May 12 18:28:01 +0000 2015,RT @NBAMemes: Kobe Bryant to Dwight Howard. #Lakers #Rockets http://t.co/LWddf0t9mh
Tue May 12 18:27:47 +0000 2015,RT @NBAMemes: Kobe Bryant to Dwight Howard. #Lakers #Rockets http://t.co/LWddf0t9mh
Tue May 12 18:27:11 +0000 2015,David Blatt Likens Coaching To Being Fighter Pilot| http://t.co/iZ2CuPuk4z #Rockets
Tue May 12 18:27:07 +0000 2015,What you need to know about the #Rockets and comebacks from 3-1 deficits http://t.co/3K8edGsfeW
Tue May 12 18:26:45 +0000 2015,#NBA #Rockets #JamesHarden Panini Rookie Studio 2009/10 Houston Rockets http://t.co/PwYFxM3mYM #Bargains #Deals
Tue May 12 18:26:28 +0000 2015,RT @NBAMemes: Kobe Bryant to Dwight Howard. #Lakers #Rockets http://t.co/LWddf0t9mh
Tue May 12 18:24:27 +0000 2015,I'm riding through the tough losses but it  was a great season regardless win or lose tonight #RocketsüöÄ
Tue May 12 18:23:50 +0000 2015,RT @NBAMemes: Kobe Bryant to Dwight Howard. #Lakers #Rockets http://t.co/LWddf0t9mh
Tue May 12 18:23:09 +0000 2015,L #NBA #DwightHoward 2014-15 Panini Threads Talented Twosomes #15 Dwight Howard James Harden -‚Ä¶ #Rockets #Bargains http://t.co/t07JtJiLLZ
Tue May 12 18:22:44 +0000 2015,RT @NBAMemes: Kobe Bryant to Dwight Howard. #Lakers #Rockets http://t.co/LWddf0t9mh
Tue May 12 18:22:25 +0000 2015,#NBAplayoffs #Clippers (-3) vs #Rockets o/u 218 Serie 3-1 favor #Clippers
Tue May 12 18:22:12 +0000 2015,#Cards #NBA #JamesHarden Panini Rookie 2009/10 #Houston #Rockets http://t.co/4rIekznQ3r #Card #Bestseller
Tue May 12 18:21:10 +0000 2015,#DwightHoward #Deals 2014/15 PANINI SELECT DWIGHT HOWARD CITY TO CITY DUAL GAME JERSEY#34/49 ROCKETS http://t.co/JOAGDmaFmg #NBA #Rockets
Tue May 12 18:21:09 +0000 2015,#NBA #DwightHoward 2012/13 BRILLIANCE DWIGHT HOWARD SPELLBOUND H CARD #47! LAKERS http://t.co/E4qljMwLxr #Rockets #Bargains
Tue May 12 18:20:57 +0000 2015,RT @NBAMemes: James Harden: Regular Season vs. Playoffs. #Rockets http://t.co/NW4yzYhjY3
Tue May 12 18:20:20 +0000 2015,RT @NBAMemes: Kobe Bryant to Dwight Howard. #Lakers #Rockets http://t.co/LWddf0t9mh
Tue May 12 18:19:26 +0000 2015,RT @NBAMemes: Kobe Bryant to Dwight Howard. #Lakers #Rockets http://t.co/LWddf0t9mh
Tue May 12 18:19:02 +0000 2015,RT @NBAMemes: Kobe Bryant to Dwight Howard. #Lakers #Rockets http://t.co/LWddf0t9mh
Tue May 12 18:17:59 +0000 2015,RT @NBAMemes: Kobe Bryant to Dwight Howard. #Lakers #Rockets http://t.co/LWddf0t9mh
Tue May 12 18:17:26 +0000 2015,RT @NBAMemes: Kobe Bryant to Dwight Howard. #Lakers #Rockets http://t.co/LWddf0t9mh
Tue May 12 18:17:23 +0000 2015,RT @NBAMemes: Kobe Bryant to Dwight Howard. #Lakers #Rockets http://t.co/LWddf0t9mh
Tue May 12 18:17:21 +0000 2015,@Brandblack @LAClippers  Let's Do This! Clippers! We can close it out tonight!üëå #OneandDone! w/#Rockets  #BeRelentless #Passion  #WeAreLA üôåüòç
Tue May 12 18:17:04 +0000 2015,RT @NBAMemes: Kobe Bryant to Dwight Howard. #Lakers #Rockets http://t.co/LWddf0t9mh
Tue May 12 18:17:00 +0000 2015,RT @NBAMemes: Kobe Bryant to Dwight Howard. #Lakers #Rockets http://t.co/LWddf0t9mh
Tue May 12 18:16:07 +0000 2015,RT @NBAMemes: Kobe Bryant to Dwight Howard. #Lakers #Rockets http://t.co/LWddf0t9mh
Tue May 12 18:15:43 +0000 2015,RT @NBAMemes: James Harden: Regular Season vs. Playoffs. #Rockets http://t.co/NW4yzYhjY3
Tue May 12 18:15:14 +0000 2015,Game 4 blow out has Rockets at crossroads http://t.co/G4gU3Ewtu1 #Rockets #NBA
Tue May 12 18:15:05 +0000 2015,L #NBA #Rockets #JamesHarden Panini Prizm Guard Duty Insert 2013/14 Houston Rockets #Bargains #Deals http://t.co/tE5NNSBfCM
Tue May 12 18:12:10 +0000 2015,I might be in denial #ROCKETS
Tue May 12 18:11:04 +0000 2015,TIX http://t.co/uc1QIL6tF6 A 1-4 #Tickets NBA Western Conference Finals : Houston #Rockets vs‚Ä¶ http://t.co/o03P9sYmgL #Ticket #BasketBall
Tue May 12 18:10:21 +0000 2015,RT @NBAMemes: James Harden: Regular Season vs. Playoffs. #Rockets http://t.co/NW4yzYhjY3
Tue May 12 18:10:11 +0000 2015,L L #NBA #Rockets 2014-15 Panini Immaculate #JamesHarden Dwight Howard DMo Triple JSY #D 55/75!! #Bargains #Deals http://t.co/Ay2GvUPTHh
Tue May 12 18:09:44 +0000 2015,#Rockets My plea for tonight @lencannonKHOU  facebook page
Tue May 12 18:09:37 +0000 2015,#NBA #Rockets #JamesHarden 14/15 Panini Select PRIZM REFRACTOR #26 http://t.co/Y0t1zGdV62 #Bargains #Deals
Tue May 12 18:09:31 +0000 2015,RT @NBAMemes: Kobe Bryant to Dwight Howard. #Lakers #Rockets http://t.co/LWddf0t9mh
Tue May 12 18:08:28 +0000 2015,TIX http://t.co/JaFlKEdQwa 1-6 Tickets #NBA Finals : Houston #Rockets vs TBD 6/14 Toyota Center -‚Ä¶ http://t.co/qonsCr9ssA #Ticket #Tickets
Tue May 12 18:08:13 +0000 2015,TIX http://t.co/J0APjn0b85 1-6 Tickets #NBA Finals : Houston #Rockets vs TBD 6/14 Toyota Center -‚Ä¶ http://t.co/FSvcmPdS8v #Ticket #Tickets
