Tue May 12 18:51:40 +0000 2015,Video - Goran Dragic and Baby T prank the #Suns http://t.co/WKoiR4avf5 http://t.co/V4XTYzqTr6
Tue May 12 18:49:52 +0000 2015,http://t.co/EEkB0NdMH9: DeAndre Jordan Free Facials | Feb 1 2014 http://t.co/sSiw1o30cY #deandre #facials #jordan #phoenix #suns
Tue May 12 18:30:14 +0000 2015,Len&amp#039s Mother Supported His Childhood Dream http://t.co/Lf26e1oc7S #Suns #NBA
Tue May 12 18:28:25 +0000 2015,RT @GeraldBourguet: A good number of fans want the #Suns to trade the Morris twins but here‚Äôs why it probably won‚Äôt happen anytime soon: h‚Ä¶
Tue May 12 18:19:16 +0000 2015,#Suns Tweets: The semifinals are under way and you decide who‚Ä¶ http://t.co/Udblcnp2Xb #NBA http://t.co/EwGtOThIj1 http://t.co/2wh2PVjYtd
Tue May 12 18:13:19 +0000 2015,angelina_the_beagle - HAPPY HAPPY PUPPY! ‚òÄÔ∏èüê∂ #beagle #beagles #bƒ´gls #suns #beaglestagram #instabeagle #dog #puppy‚Ä¶ http://t.co/UHB6p4gpJv
Tue May 12 18:11:18 +0000 2015,RT @GeraldBourguet: A good number of fans want the #Suns to trade the Morris twins but here‚Äôs why it probably won‚Äôt happen anytime soon: h‚Ä¶
Tue May 12 18:05:04 +0000 2015,A good number of fans want the #Suns to trade the Morris twins but here‚Äôs why it probably won‚Äôt happen anytime soon: http://t.co/VhHHH96gpJ
Tue May 12 17:50:13 +0000 2015,Atlantic Notes :Love Celtics Nets D-Will http://t.co/ZsgvHJX3yl #Suns #NBA
Tue May 12 17:38:13 +0000 2015,#Suns Tweets: Join us for our 2015 @NBA Draft Lottery Party one week from today May‚Ä¶ http://t.co/aCXjl5DhOW #NBA http://t.co/EwGtOThIj1
Tue May 12 17:30:12 +0000 2015,Q&ampA With Draft Prospect Chris Walker http://t.co/8fnAZ8bcDj #Suns #NBA
Tue May 12 17:10:03 +0000 2015,Woelfel On Thibodeau Carter-Williams Middleton http://t.co/4D5SFkxFNb #Suns #NBA
Tue May 12 17:00:17 +0000 2015,Phoenix #Suns: Don‚Äôt Count On A Morris Twins Tradehttp://t.co/czy3ZSukGI http://t.co/lFMSli9jf6
Tue May 12 16:51:40 +0000 2015,#longboardstuff from: personalliviabarreto | Um dia mau...Chega para quem merece ter um dia bom tamb√©m üçÄ‚òÄÔ∏èüôèüèΩ #suns‚Ä¶ http://t.co/2JJFHMa7tV
Tue May 12 16:36:47 +0000 2015,#Suns „ÄêRETWEET„Äë #Followback #Follow #TFB #TFBJP #F4F #FF #Me #Love #TF #Like #MGWV @FollowbackImage http://t.co/ZFvOeMXaE9
Tue May 12 16:35:41 +0000 2015,RT @topSuns: Dirk Nowitzki Won't Retire Before 2018 http://t.co/v99wlszVi0 #Suns #NBA
Tue May 12 16:25:11 +0000 2015,David Blatt Likens Coaching To Being Fighter Pilot http://t.co/IqGGRJviHx #Suns #NBA
Tue May 12 16:05:11 +0000 2015,Dirk Nowitzki Won't Retire Before 2018 http://t.co/v99wlszVi0 #Suns #NBA
Tue May 12 16:00:07 +0000 2015,http://t.co/EEkB0NdMH9: New York Knicks - Phoenix Suns 88 - 112... http://t.co/n8JU306RJC #description #knicks #link #phoenix #suns #york
Tue May 12 15:51:07 +0000 2015,SUNS Day LowClick Here -&gt http://t.co/vy6iA4sqWXTrending $SUNS $UBCP $ELON $PAHC #SUNS #investing #pennystocks
Tue May 12 15:45:10 +0000 2015,Kyrie Irving Has Left Knee Tendinitis http://t.co/Vq6NTQQVdX #Suns #NBA
Tue May 12 15:43:09 +0000 2015,AND THIS IS THE TASTIEST ONE I'VE EVER HAD! P.Delerm viens que je te r√©√©crive la pr√©face de ton bouquin! #Houblon #SunS
Tue May 12 15:40:14 +0000 2015,http://t.co/dveizoxDox [The Arizona Republic] - Curry back to MVP form as Warriors blast #Suns http://t.co/H3tsjXQVte
Tue May 12 15:35:43 +0000 2015,#Suns Tweets: Predict where the Suns land in the Lottery &ampamp‚Ä¶ http://t.co/ucml2qT2Ko #NBA http://t.co/EwGtOThIj1 http://t.co/3tvjnIki2B
Tue May 12 15:25:10 +0000 2015,The Official BSotS Vernacular http://t.co/bcjXsM5ggM #Suns #NBA
Tue May 12 15:14:45 +0000 2015,Vintage 1993 NBA Finals Chicago Bulls vs Phoenix Suns T Shirt ADULT M http://t.co/VJQ0bY3qPi #ShopEtsy #Suns http://t.co/HGPvdvOV3l
Tue May 12 15:05:09 +0000 2015,2015 NBA Draft Combine :Who to watch for the Phoenix Suns http://t.co/e2K2flk2wu #Suns #NBA
Tue May 12 14:38:27 +0000 2015,RT SunsViews: #suns #GoSuns #phx #phoenix Draft solutions for Suns Thunder Nets Celtics - NBA draft ‚Ä¶ http://t.co/0z1PvJVdpf
Tue May 12 14:37:06 +0000 2015,#suns #GoSuns #phx #phoenix Draft solutions for Suns Thunder Nets Celtics - NBA draft http://t.co/sxGgXjgX5Q
Tue May 12 14:27:22 +0000 2015,Ford-Pelton: Team draft fixes: Suns Thunder Nets Celtics #Suns #SunsNation http://t.co/kaoym4dEEW http://t.co/2a7MM9uY2S
Tue May 12 14:25:08 +0000 2015,Suns Retorter :What Will it Take to Move Up in NBA Draft? http://t.co/Z6aPU4XgC5 #Suns #NBA
Tue May 12 14:08:05 +0000 2015,#Suns 2015 NBA Draft: Should The Suns Trade Up?: The Phoenix Suns have a pretty good roster t... http://t.co/SFcfZjxcLe #GoSuns #Phoenix
Tue May 12 13:59:04 +0000 2015,http://t.co/dveizoxDox 2015 NBA Draft: Should The Suns Trade Up?  #Suns http://t.co/htr5dypLvZ
Tue May 12 13:58:15 +0000 2015,cant wait for the 2015 NBA Draft tho... i hope Sam Dekker would land for the 13th Pick with Phoenix Suns. they badly need a stretch 4. #Suns
Tue May 12 13:43:02 +0000 2015,http://t.co/dveizoxDox [True Hoop: Valley of the Suns] - 2015 NBA Draft: Should The Suns #Suns http://t.co/lE3N9kcPXT
Tue May 12 13:41:29 +0000 2015,Congrats all #Suns who participated in the Caribou Math Contest. Kudos to Cindy L. placing 9th in the World!! @wrdsb http://t.co/D48fmywhAa
Tue May 12 13:34:41 +0000 2015,http://t.co/EEkB0NdMH9: Watch Phoenix Suns vs Milwaukee... http://t.co/BAMF46b0AE #basketball #bucks #milwaukee #online #phoenix #suns
Tue May 12 13:17:36 +0000 2015,#suns Coach? http://t.co/0uMLEL94R2 #reddit
Tue May 12 13:10:20 +0000 2015,http://t.co/EEkB0NdMH9: Phoenix... http://t.co/j4pwdIzUuw #atlanta #basketball #hawks #march #monday #phoenix #prediction #preview #suns
Tue May 12 13:00:18 +0000 2015,DeMarre Carroll Believed To Have Injured Hip Pointer On Nene Screen http://t.co/i28Uy7ARPE #Suns #NBA
Tue May 12 12:50:48 +0000 2015,Check out Vintage Nike Kentucky Wildcats Rex Chapman Jersey - Sx XXL - All Sewn Authentic http://t.co/0bV0aeLLDT @eBay #Hornets #Suns #UK
Tue May 12 11:21:46 +0000 2015,#Suns Rockets Thrive When Down ‚Äì This Forgotten Day in Houston: ... awoke to find themselves ... http://t.co/YONrA7Yf2z #GoSuns #Phoenix
Tue May 12 11:00:13 +0000 2015,Len&amp#039s Mother Supported His Childhood Dream http://t.co/Lf26e1oc7S #Suns #NBA
Tue May 12 10:20:10 +0000 2015,Prospect Profile :Devin Booker http://t.co/TzEV7VHfuu #Suns #NBA
Tue May 12 10:00:09 +0000 2015,Atlantic Notes :Love Celtics Nets D-Will http://t.co/ZsgvHJX3yl #Suns #NBA
Tue May 12 09:40:03 +0000 2015,Q&ampA With Draft Prospect Chris Walker http://t.co/8fnAZ8bcDj #Suns #NBA
Tue May 12 09:15:12 +0000 2015,Dunc'd On Basketball Podcast :May 11th http://t.co/h36x7tfNwD #Suns #NBA
Tue May 12 08:55:12 +0000 2015,David Blatt Likens Coaching To Being Fighter Pilot http://t.co/IqGGRJviHx #Suns #NBA
Tue May 12 08:35:11 +0000 2015,Dirk Nowitzki Won't Retire Before 2018 http://t.co/v99wlszVi0 #Suns #NBA
Tue May 12 08:15:11 +0000 2015,Kyrie Irving Has Left Knee Tendinitis http://t.co/Vq6NTQQVdX #Suns #NBA
Tue May 12 07:53:18 +0000 2015,http://t.co/dveizoxDox [The Arizona Republic] - Curry back to form as Warriors bounce ba #Suns http://t.co/LSrEmS8Ikq
Tue May 12 07:27:55 +0000 2015,#suns How do you guys feel about Archie Goodwin? http://t.co/cRpMTstO4s #reddit
Tue May 12 07:10:27 +0000 2015,#sunsetlovers. #sunset_madness. #sunset. #suns. #naturelovers. #nature_perfection https://t.co/F8WM5xxcO4
Tue May 12 06:55:14 +0000 2015,#Suns Belief in the Clippers grows as they display staying power in playoffs: ... conference ... http://t.co/pEWiqibwX2 #GoSuns #Phoenix
Tue May 12 06:55:08 +0000 2015,Suns Retorter :What Will it Take to Move Up in NBA Draft? http://t.co/Z6aPU4XgC5 #Suns #NBA
Tue May 12 06:46:13 +0000 2015,Take care of yourself!! Sunscreen Shaming Is a Thing‚Äîand It Needs to Stop via @Allure_magazine #suns http://t.co/r6ulUAMq5l
Tue May 12 06:35:08 +0000 2015,Pacific Notes :Rivers Clippers Warriors http://t.co/HV2TX37BGs #Suns #NBA
Tue May 12 06:15:07 +0000 2015,Eastern Rumors :Lopez Hawks Stephenson http://t.co/ZL4UQoMqiS #Suns #NBA
Tue May 12 06:05:08 +0000 2015,Sun + travel + Pacifico Optical = happiness #pacificooptical #sun #travel #adventure #suns‚Ä¶ http://t.co/LC6snVS8X3 http://t.co/xANF64GLHA
Tue May 12 05:58:47 +0000 2015,http://t.co/dveizoxDox [http://t.co/UMJwGkGUGh] - Houston Rockets face long odds here are the 8  #Suns http://t.co/qLlRWxLPGF
Tue May 12 05:55:03 +0000 2015,Western Notes :Chandler Kings Milutinov http://t.co/4UsmSCJXpj #Suns #NBA
Tue May 12 05:50:47 +0000 2015,RT NBA_Sneakers: #Suns Houston Rockets face long odds here are the 8 NBA teams that rallied to win from 3-1 p... ‚Ä¶ http://t.co/0z1PvJVdpf
Tue May 12 05:50:11 +0000 2015,#Suns Houston Rockets face long odds here are the 8 NBA teams that rallied to win from 3-1 p... http://t.co/DVOeR29sDG #GoSuns #Phoenix
Tue May 12 05:41:49 +0000 2015,@A1Laflare10 save me a spot im getting a ps4 soon.. im deadly with the asm1.. #suns
Tue May 12 05:08:13 +0000 2015,Seperti yg udah pernah diposting sama #suns...ttg pujian Jensen Button (pembalap F1 McLaren Honda) ke Valentino... http://t.co/nBQTWNh8Jk
Tue May 12 04:30:14 +0000 2015,Blatt Tried To Call Timeout Have LeBron Take Ball Out On Final Play http://t.co/ZfwXtj0mia #Suns #NBA
Tue May 12 04:19:17 +0000 2015,#Suns Tweets: Who are the Suns selecting in the @NBA Draft?‚Ä¶ http://t.co/iYFT9zoOY4 #NBA http://t.co/EwGtOThIj1 http://t.co/2PCo7rwpJS
Tue May 12 04:14:38 +0000 2015,#Suns Tweets: Will the Suns move up in the Draft Lottery? Not‚Ä¶ http://t.co/qIhKKfwRbQ #NBA http://t.co/EwGtOThIj1 http://t.co/Aulo0XUcA4
Tue May 12 04:08:02 +0000 2015,At http://t.co/sC40UfMf0N -- ÂÜçÂÖ•Ëç∑„Åß„Åô‚ú®@kailuajewelry...#ivory #ivorykailua #kailua #lanikai #beach #hawaii #suns‚Ä¶ http://t.co/AiJsl0G0hN
Tue May 12 03:53:47 +0000 2015,http://t.co/dveizoxDox [The Arizona Republic] - Paul Pierce Derrick Rose not 'clutch' w #Suns http://t.co/p1I2va2Skj
Tue May 12 03:35:15 +0000 2015,#Suns Tweets: Who are the Suns selecting in the @NBA Draft?‚Ä¶ http://t.co/Udblcnp2Xb #NBA http://t.co/EwGtOThIj1 http://t.co/A6XN6dyQHB
Tue May 12 03:32:00 +0000 2015,The Suns' Morris brothers say they didn't beat up a man following a basketball game at a local gym: http://t.co/mjQV0bL1ll #Suns #KUBB #PHX
Tue May 12 03:30:13 +0000 2015,Len&amp#039s Mother Supported His Childhood Dream http://t.co/Lf26e1oc7S #Suns #NBA
Tue May 12 03:09:46 +0000 2015,Something about a #Logoman #Boom! @paniniamerica #Immaculate #NBA #Collect #CaseBreak #Gallery of sickness. #Suns... http://t.co/YXHcahKR5u
Tue May 12 02:51:43 +0000 2015,#Suns Tweets: Who will make the finals? Your vote decides.‚Ä¶ http://t.co/Udblcnp2Xb #NBA http://t.co/EwGtOThIj1 http://t.co/i4jkLaSvZK
Tue May 12 02:37:06 +0000 2015,#phoenixsuns #suns Paul Pierce Derrick Rose not 'clutch' without 'calling glass' http://t.co/WP47uiTp2g
Tue May 12 02:31:09 +0000 2015,#Suns Tweets: Enter our @NBA Draft Lottery sweepstakes &ampamp‚Ä¶ http://t.co/ucml2qT2Ko #NBA http://t.co/EwGtOThIj1 http://t.co/GD9yPkJtgD
Tue May 12 02:07:32 +0000 2015,@LakersCanes305 The #Grizzlies might be the the most underrated team in the NBA  I have seen them beat my #Suns live several times ...
Tue May 12 01:56:21 +0000 2015,http://t.co/dveizoxDox [SB Nation: Bright Side Of The Sun] - 2015 NBA Draft Combine: Who #Suns http://t.co/5akJYv82VM
Tue May 12 01:45:31 +0000 2015,Dunc'd On Basketball Podcast :May 11th http://t.co/h36x7tfNwD #Suns #NBA
Tue May 12 01:37:03 +0000 2015,#phoenixsuns #suns #GoSuns #phx New Phoenix Suns Rumors. Monday May 11 2015 http://t.co/PAA574Ra0B
Tue May 12 01:30:37 +0000 2015,#SBNation #Suns Report Card: The Brandon Knight enigma http://t.co/i3DX2PXDnm http://t.co/YQ6eiLd3tY
Tue May 12 01:30:37 +0000 2015,#SBNation #Suns Tony Buckets' buckets http://t.co/TWl8N0VYHT http://t.co/YQ6eiLd3tY
Tue May 12 01:30:36 +0000 2015,#SBNation #Suns The BSotS Vernacular http://t.co/X8QSni3trz http://t.co/YQ6eiLd3tY
Tue May 12 01:25:30 +0000 2015,Dirk Nowitzki Won't Retire Before 2018 http://t.co/v99wlszVi0 #Suns #NBA
Tue May 12 01:22:14 +0000 2015,http://t.co/EEkB0NdMH9: Golden State Warriors vs Phoenix... http://t.co/sss4n8RSqg #february #golden #highlights #phoenix #suns #warriors
Tue May 12 01:05:29 +0000 2015,Kyrie Irving Has Left Knee Tendinitis http://t.co/Vq6NTQQVdX #Suns #NBA
Tue May 12 00:38:39 +0000 2015,RT ‚Üí norcalplane: RT ‚Üí norcalplane: RT ‚Üí DeltaBravo33: Instagram : by chito112 - Trabajando.... #sky #clouds #suns‚Ä¶ http://t.co/QOGNvlBbYZ
Tue May 12 00:25:28 +0000 2015,Phoenix Suns offer Draft Lottery drawing plus other donations and events http://t.co/2P51nkx1uD #Suns #NBA
Tue May 12 00:19:39 +0000 2015,#Suns 2015 Suns Mock Draft Tracker: Your Suns hold a lottery pick as well as a second-rounder... http://t.co/BovlOZ6maS #GoSuns #Phoenix
Tue May 12 00:09:43 +0000 2015,Gaaaaaah damn you Ron Artest. Damn you so much. #Suns https://t.co/iKX5qTZoLd
Tue May 12 00:08:22 +0000 2015,#phoenixsuns #suns #GoSuns #phx 2015 NBA Draft Combine: Who to watch for the Phoenix Suns http://t.co/3hiuEr6yzZ
Mon May 11 23:55:52 +0000 2015,http://t.co/dveizoxDox [SB Nation: Bright Side Of The Sun] - The Official BSotS Vernacul #Suns http://t.co/5YeX0pOBdJ
Mon May 11 23:45:09 +0000 2015,Video - Goran Dragic and Baby T prank the #Suns http://t.co/WKoiR4avf5 http://t.co/V4XTYzqTr6
Mon May 11 23:42:29 +0000 2015,#draw #pony #equestriatales #oc #mylittlepony #mlp #pegasus #alicorn #unicorn #ocpony #art #drawing #sunset #suns‚Ä¶ http://t.co/mwFnPcCxd2
Mon May 11 23:37:03 +0000 2015,#phoenixsuns #suns #GoSuns #phx The Official BSotS Vernacular http://t.co/V6T1SGAOuw
Mon May 11 23:36:33 +0000 2015,The Official BSotS Vernacular #Suns #SunsNation http://t.co/P74fNMCtlT http://t.co/4z50mAACzB
Mon May 11 23:05:06 +0000 2015,Texas Notes :Rondo Stoudemire Spurs http://t.co/uavQBNPHOa #Suns #NBA
Mon May 11 22:50:53 +0000 2015,RT TonyRodino: #Phoenix #Suns #Swingman #HardwoodClassic http://t.co/AL5fZFuQZK #cool #viral http://t.co/0z1PvJVdpf
Mon May 11 22:49:55 +0000 2015,RT @TonyRodino: #Phoenix #Suns #Swingman #HardwoodClassic http://t.co/VErHddbPN6
