Tue May 12 18:44:15 +0000 2015,L #TrailBlazers #Buzz BONZI WELLS #6 PORTLAND TRAIL BLAZERS SWINGMAN #NBA REWIND 1976 #Jersey… #Deals #Collectibles http://t.co/eoElomAWLR
Tue May 12 18:40:08 +0000 2015,#Healthy #WeightLoss Reality check: Are low carb diets better than low fat for weight loss? http://t.co/ZTgxLzf42a #TrailBlazers #Diet
Tue May 12 18:38:08 +0000 2015,#TrailBlazers #Cards 2014-15 Panini Threads Floor Generals DAMIAN LILLARD ~ Serial No 1/99!! 1 OF 1 http://t.co/811OHh47XZ #Onsale #Card
Tue May 12 18:36:39 +0000 2015,#TrailBlazers #Buzz lanyard keychain badge holder #NBA PICK YOUR TEAM http://t.co/StsyzTRMoK #Deals #Collectibles
Tue May 12 18:36:38 +0000 2015,#NBA #TrailBlazers lanyard keychain badge holder NBA PICK YOUR TEAM http://t.co/C8A6t7bWW9 #Sales #Discount
Tue May 12 18:35:16 +0000 2015,#BlackGirlsRock #BlackQueens #Trailblazers #Trendsetters #Moguls #Entrepreneurs #GirlPower #WomenPower https://t.co/LgGRQX4LEn
Tue May 12 18:32:35 +0000 2015,L #Sporting #Goods Dairy Queen Portland #TrailBlazers Clyde Drexler Glass Vintage #NBA #Portland http://t.co/sCy6q0OBro
Tue May 12 18:24:39 +0000 2015,L #NBA #TrailBlazers Dairy Queen Portland Trailblazers Clyde Drexler Glass Vintage Nba #Sales #Discount http://t.co/NVKYMj47KT
Tue May 12 18:24:38 +0000 2015,#Healthy #WeightLoss The Best Carbohydrates To Eat To Lose Weight http://t.co/7CQM1pJvQ0 #TrailBlazers #Diet
Tue May 12 18:22:20 +0000 2015,#JUSTBLAZE #trailblazers #randomMike #earmuffs http://t.co/8CKGmraC8w
Tue May 12 18:22:10 +0000 2015,#TrailBlazers #Cards 2014-15 Prizm Basketball Fireworks Damian Lillard Portland Trail Blazers http://t.co/lSx8EHasro #Onsale #Card
Tue May 12 18:18:05 +0000 2015,L L L #TrailBlazers #Buzz 1992 STARTING LINEUP SLU FIGURE CLYDE DREXLER PORTLAND TRAIL BLAZERS #Deals #Collectibles http://t.co/V4jC7U2ao8
Tue May 12 18:09:07 +0000 2015,#portland #trailblazers #RipCity New Orleans Pelicans Fire Monty Williams http://t.co/ATD0ef40xJ
Tue May 12 18:08:12 +0000 2015,#Healthy #WeightLoss 3 Tips To Keeping The Weight Off This Holiday Season http://t.co/aIUtelt7BU #TrailBlazers #Diet
Tue May 12 18:06:08 +0000 2015,#TrailBlazers #Cards 1976-77 Topps Tall Boy Lloyd Neal Portland Trail Blazers #7 EX+ Sharp http://t.co/8DQMK3mtwq #Onsale #Card
Tue May 12 18:05:13 +0000 2015,#TrailBlazers #Buzz BONZI WELLS #6 PORTLAND TRAIL BLAZERS SWINGMAN #NBA REWIND 1976 #Jersey… http://t.co/1AN0s7TEY3 #Deals #Collectibles
Tue May 12 18:05:12 +0000 2015,#NBA #TrailBlazers BONZI WELLS #6 PORTLAND TRAIL BLAZERS SWINGMAN NBA REWIND 1976 #Jersey 2XL SEWN http://t.co/yNQgiTdpRK #Sales #Discount
Tue May 12 17:56:24 +0000 2015,L #TrailBlazers #Buzz Dairy Queen Portland Trail Blazers Glass Clyde Drexler 1991-1992 '91-'92 #Deals #Collectibles http://t.co/15dVEJY2DO
Tue May 12 17:53:07 +0000 2015,#Healthy #WeightLoss Five Simple Tips To Lose Weight Before Going To Bed http://t.co/x48a5buIr2 #TrailBlazers #Diet
Tue May 12 17:51:29 +0000 2015,Congrats to @DualityFilm and @44blue on the launch of Ovrture!  Looking forward to a new immersive experience! #virtualreality #trailblazers
Tue May 12 17:50:37 +0000 2015,L L #NBA #TrailBlazers Men's Portland Trailblazers #Adidas Multicolor T-Shirt (Size XL) #Sales #Discount http://t.co/u59VSP307N
Tue May 12 17:50:36 +0000 2015,#TrailBlazers #Cards 2007-08 - Topps - 50th Anniversary - Greg Oden - ROOKIE - GRADED GEM MINT 10!!! http://t.co/Rk71UjyodR #Onsale #Card
Tue May 12 17:49:09 +0000 2015,#Sporting #Goods Dairy Queen Portland #TrailBlazers Clyde Drexler Glass Vintage #NBA http://t.co/U3SSaoBwPZ #Portland
Tue May 12 17:49:08 +0000 2015,#TrailBlazers #Buzz Dairy Queen Portland Trailblazers Clyde Drexler Glass Vintage #NBA http://t.co/HNtzGcmhBH #Deals #Collectibles
Tue May 12 17:49:07 +0000 2015,#NBA #TrailBlazers Dairy Queen Portland Trailblazers Clyde Drexler Glass Vintage Nba http://t.co/B6medkG0gO #Sales #Discount
Tue May 12 17:46:31 +0000 2015,Go buy my prints and shirts on http://t.co/wu3bjOx8dp !!! #trailblazers #NBA #trillblazin @TRILLBLAZIN http://t.co/TmLbDpKqYj
Tue May 12 17:40:07 +0000 2015,L #TrailBlazers #Buzz Men's Portland Trailblazers #Adidas Multicolor T-Shirt (Size XL) #Deals #Collectibles http://t.co/pC6SuUOYJe
Tue May 12 17:38:08 +0000 2015,#Healthy #WeightLoss What You Need To Do To Lose Weight http://t.co/vifIX6TtkV #TrailBlazers #Diet
Tue May 12 17:35:08 +0000 2015,L L #TrailBlazers #Buzz 1992 STARTING LINEUP SLU FIGURE CLYDE DREXLER PORTLAND TRAIL BLAZERS #Deals #Collectibles http://t.co/WB1Hd0vMxa
Tue May 12 17:33:35 +0000 2015,#TrailBlazers #Cards 2014-15 #NBA Break 6x #2 Panini Gold Standard Select Prizm Portland Trail Blazers http://t.co/q9Xho47LJU #Onsale #Card
Tue May 12 17:32:34 +0000 2015,#NBA #TrailBlazers 1992 STARTING LINEUP SLU FIGURE CLYDE DREXLER PORTLAND TRAIL BLAZERS http://t.co/S2PPdkAij3 #Sales #Discount
Tue May 12 17:24:05 +0000 2015,L #NBA #TrailBlazers Vintage 1978 - 79 Portland Trailblazers GI Joes Player Medallions Tokens Coins #Sales #Discount http://t.co/IVLuWJPnJl
Tue May 12 17:19:08 +0000 2015,L L L #Sporting #Goods #Adidas Swingman #NBA #Jersey #TrailBlazers Greg Oden Black sz L #Portland http://t.co/cT7DGntc0x
Tue May 12 17:17:35 +0000 2015,#TrailBlazers #Cards Damian Lillard LaMarcus Aldridge 2014-15 Select Double Team Combo Jersey 76/149 http://t.co/oYRoFPCKWj #Onsale #Card
Tue May 12 17:16:13 +0000 2015,#TrailBlazers #Buzz Dairy Queen Portland Trail Blazers Glass Clyde Drexler 1991-1992 '91-'92 http://t.co/VPHwGdZNrl #Deals #Collectibles
Tue May 12 17:16:13 +0000 2015,#NBA #TrailBlazers Dairy Queen Portland Trail Blazers Glass Clyde Drexler 1991-1992 '91-'92 http://t.co/wsX3daVJ4R #Sales #Discount
Tue May 12 17:08:41 +0000 2015,L #Sporting #Goods Men's Portland #TrailBlazers #Adidas Multicolor T-Shirt (Size XL) #Portland http://t.co/pPcfuhkznf
Tue May 12 17:08:10 +0000 2015,#Healthy #WeightLoss Is It OK to Not Wear a Sports Bra During a Workout? http://t.co/gwS7rPrqHu #TrailBlazers #Diet
Tue May 12 17:03:40 +0000 2015,L #NBA #TrailBlazers Men's Portland Trailblazers #Adidas Multicolor T-Shirt (Size XL) #Sales #Discount http://t.co/Bv2ERTVV84
Tue May 12 17:02:06 +0000 2015,#TrailBlazers #Cards 13-14 Panini Bill Walton Hall Of Fame Signatures Auto http://t.co/r3UWQFbK4K #Onsale #Card
Tue May 12 17:00:07 +0000 2015,#Sporting #Goods Vintage 1978 - 79 Portland #TrailBlazers GI Joes Player Medallions Tokens Coins http://t.co/UraNf7wESk #Portland
Tue May 12 17:00:06 +0000 2015,#TrailBlazers #Buzz Men's Portland Trailblazers #Adidas Multicolor T-Shirt (Size XL) http://t.co/wt0oSiqGDR #Deals #Collectibles
Tue May 12 16:48:05 +0000 2015,L #TrailBlazers #Buzz 1992 STARTING LINEUP SLU FIGURE CLYDE DREXLER PORTLAND TRAIL BLAZERS #Deals #Collectibles http://t.co/4RE87EbZMN
Tue May 12 16:45:36 +0000 2015,#TrailBlazers #Cards C.J. McCollum 13-14 Hoops AUTO rc #270. in person signature. TRAILBLAZERS http://t.co/neGI41jwLC #Onsale #Card
Tue May 12 16:44:34 +0000 2015,#Sporting #Goods Men's Portland #TrailBlazers Rip City Up Rise Playoffs 2010 T-Shirt (Size Large) http://t.co/p7yzGqs7bh #Portland
Tue May 12 16:44:33 +0000 2015,#TrailBlazers #Buzz Vintage 1978 - 79 Portland Trailblazers GI Joes Player Medallions Tokens… http://t.co/G9Aam5OCAs #Deals #Collectibles
Tue May 12 16:44:33 +0000 2015,#NBA #TrailBlazers Vintage 1978 - 79 Portland Trailblazers GI Joes Player Medallions Tokens Coins http://t.co/1DvzKCF9vM #Sales #Discount
Tue May 12 16:38:06 +0000 2015,L L #Sporting #Goods #Adidas Swingman #NBA #Jersey #TrailBlazers Greg Oden Black sz L #Portland http://t.co/MgkvvrcH2M
Tue May 12 16:38:06 +0000 2015,#Healthy #WeightLoss How to Improvises Rate of Muscle Development and Quality Level? http://t.co/i8mb78OeFr #TrailBlazers #Diet
Tue May 12 16:33:06 +0000 2015,L #Sporting #Goods Portland #TrailBlazers #NBA official hat #Portland http://t.co/MMo7t3Upi0
Tue May 12 16:30:07 +0000 2015,#TrailBlazers #Cards 2007 LaMARCUS ALDRIDGE 4 CARD ROOKIE LOTALL NR MT http://t.co/q1X2rd9K9q #Onsale #Card
Tue May 12 16:28:46 +0000 2015,L L #NBA #TrailBlazers BILL WALTON BLAZER BUDDY LIMITED EDITION PLUSH #19073 OF 20000 COMMEMORATIVE TOY #Sales… http://t.co/2mfEFqet86
Tue May 12 16:27:36 +0000 2015,#Sporting #Goods Men's Portland #TrailBlazers #Adidas Multicolor T-Shirt (Size XL) http://t.co/gdG8OlI1LW #Portland
Tue May 12 16:27:36 +0000 2015,#TrailBlazers #Buzz Men's Portland Trailblazers Rip City Up Rise Playoffs 2010 T-Shirt (Size… http://t.co/KvB4CmOTQC #Deals #Collectibles
Tue May 12 16:27:35 +0000 2015,#NBA #TrailBlazers Men's Portland Trailblazers #Adidas Multicolor T-Shirt (Size XL) http://t.co/osFrLtGGAU #Sales #Discount
Tue May 12 16:22:08 +0000 2015,L #TrailBlazers #Buzz #Adidas Swingman #NBA #Jersey Trailblazers Greg Oden Black sz L #Deals #Collectibles http://t.co/td9fHvcM6Z
Tue May 12 16:16:07 +0000 2015,L #NBA #TrailBlazers #Adidas Swingman NBA #Jersey Trailblazers Greg Oden Black sz L #Sales #Discount http://t.co/PtOQLS42aQ
Tue May 12 16:14:04 +0000 2015,#TrailBlazers #Cards Maurice Lucas 1977-78 Topps #80 http://t.co/bvq6CqPqwm #Onsale #Card
Tue May 12 16:12:10 +0000 2015,#TrailBlazers #Buzz 1992 STARTING LINEUP SLU FIGURE CLYDE DREXLER PORTLAND TRAIL BLAZERS http://t.co/ZBhmxriCGn #Deals #Collectibles
Tue May 12 16:12:10 +0000 2015,#NBA #TrailBlazers Men's Portland Trailblazers Rip City Up Rise Playoffs 2010 T-Shirt (Size Large) http://t.co/GB5XIPHHJS #Sales #Discount
Tue May 12 16:08:08 +0000 2015,#Healthy #WeightLoss Exercise and Weight Loss – The Healthy Living Guide http://t.co/NV02WygROu #TrailBlazers #Diet
Tue May 12 16:05:41 +0000 2015,L L #TrailBlazers #Cards 1976 TOPPS 57 BILL WALTON Trail Blazers NEAR MINT MVP HOF Combine Ship UCLA #Onsale #Card http://t.co/uAhG7sZoTs
Tue May 12 15:57:35 +0000 2015,#TrailBlazers #Cards C.J. MCCOLLUM 2013-14 NATIONAL TREASURES ROOKIE AUTO SHOE 59/60 BLAZERS LEHIGH http://t.co/LIPDkFz1n0 #Onsale #Card
Tue May 12 15:56:09 +0000 2015,L #Sporting #Goods #Adidas Swingman #NBA #Jersey #TrailBlazers Greg Oden Black sz L #Portland http://t.co/2h4CzKT9Ck
Tue May 12 15:56:09 +0000 2015,#Sporting #Goods Portland #TrailBlazers #NBA official hat http://t.co/5d6RmY8m32 #Portland
Tue May 12 15:56:08 +0000 2015,#NBA #TrailBlazers Mitchell and Ness #Jersey http://t.co/SIzTPgeZz8 #Sales #Discount
Tue May 12 15:50:35 +0000 2015,L #TrailBlazers #Buzz BILL WALTON BLAZER BUDDY LIMITED EDITION PLUSH #19073 OF 20000… #Deals #Collectibles http://t.co/hhzMixGxoM
Tue May 12 15:47:56 +0000 2015,Managing Your Own Psychology: The Hardest Part Of Entrepreneurism http://t.co/5qQvuSUqFX #trailblazers via @EliteDaily
Tue May 12 15:44:35 +0000 2015,L #NBA #TrailBlazers BILL WALTON BLAZER BUDDY LIMITED EDITION PLUSH #19073 OF 20000 COMMEMORATIVE TOY #Sales… http://t.co/exBdY5Ezxo
Tue May 12 15:41:39 +0000 2015,#TrailBlazers #Cards Clyde Drexler 1990 Star Company Portland Trailblazers Promo Card http://t.co/lQgBqPISHR #Onsale #Card
Tue May 12 15:39:38 +0000 2015,L #TrailBlazers #Cards 2014-15 Select Damian Lillard &ampamp LaMarcus Aldridge 2-Piece Jersey #8/149!!! #Onsale #Card http://t.co/F0oiHFxFz5
Tue May 12 15:39:38 +0000 2015,#TrailBlazers #Buzz #Adidas Swingman #NBA #Jersey Trailblazers Greg Oden Black sz L http://t.co/285PFosnnK #Deals #Collectibles
Tue May 12 15:39:37 +0000 2015,#NBA #TrailBlazers #Adidas Swingman NBA #Jersey Trailblazers Greg Oden Black sz L http://t.co/65pjeifkwY #Sales #Discount
Tue May 12 15:28:08 +0000 2015,L #TrailBlazers #Buzz Mitchell and Ness #Jersey #Deals #Collectibles http://t.co/kjbM6vfxd1
Tue May 12 15:26:15 +0000 2015,#TrailBlazers #Cards Portland Trail Blazers CJ McCollum 2013-14 Immaculate Jersey Auto RC #39/99 http://t.co/18DmBATFT6 #Onsale #Card
Tue May 12 15:23:14 +0000 2015,#TrailBlazers #Buzz PORTLAND TRAILBLAZERS HARDWOOD CLASSICS 59/ FIFTY FITTED HAT SIZE 8 NEW ERA http://t.co/nThSKMSzFw #Deals #Collectibles
Tue May 12 15:23:13 +0000 2015,#Healthy #WeightLoss Strategies for Weight Loss Motivation http://t.co/Qzybg99yli #TrailBlazers #Diet
Tue May 12 15:18:59 +0000 2015,@Tomkonig @PHMBSc @uncgiggaz @markhwilson @DobbieAnna @452_jules #trailblazers
Tue May 12 15:17:11 +0000 2015,L #TrailBlazers #Cards 1976 TOPPS 57 BILL WALTON Trail Blazers NEAR MINT MVP HOF Combine Ship UCLA #Onsale #Card http://t.co/rPxfMkWaex
Tue May 12 15:12:51 +0000 2015,#TLC #PrivateBusinessMeeting with the Leaders #MLM #JetSetters #Trailblazers https://t.co/dGe5QN0elb
Tue May 12 15:12:23 +0000 2015,L #Sporting #Goods PORTLAND #TrailBlazers HARDWOOD CLASSICS 59/ FIFTY FITTED HAT SIZE 8 NEW ERA #Portland http://t.co/C4CsGxpP0O
Tue May 12 15:11:12 +0000 2015,#NBA #Basketball 2007-08 Topps Chrome Greg Oden RC / #TrailBlazers http://t.co/oSzSI4O2gf #Cards #Card
Tue May 12 15:11:11 +0000 2015,#TrailBlazers #Cards 2007-08 Topps Chrome Greg Oden RC / Trailblazers http://t.co/dTbAZDhVth #Onsale #Card
Tue May 12 15:07:15 +0000 2015,#Sporting #Goods #Adidas Swingman #NBA #Jersey #TrailBlazers Greg Oden Black sz L http://t.co/LfXfirhP7c #Portland
Tue May 12 15:07:15 +0000 2015,#TrailBlazers #Buzz BILL WALTON BLAZER BUDDY LIMITED EDITION PLUSH #19073 OF 20000… http://t.co/JICw3Qp4R0 #Deals #Collectibles
Tue May 12 15:07:14 +0000 2015,#NBA #TrailBlazers BILL WALTON BLAZER BUDDY LIMITED EDITION PLUSH #19073 OF 20000 COMMEMORATIVE TOY http://t.co/LcKwyN19IW #Sales #Discount
Tue May 12 15:07:14 +0000 2015,#Healthy #WeightLoss 6 Minutes to Skinny: Review Exposes Craig Ballantyne’s Method to Jump… http://t.co/JOhO2TsIOz #TrailBlazers #Diet
Tue May 12 14:56:27 +0000 2015,L #TrailBlazers #Cards ($180.00) Damian Lillard #Autograph ROOKIE 2012 Select Edition! PSA DNA #83459471 #Onsale… http://t.co/23a2AREJQy
Tue May 12 14:56:07 +0000 2015,#TrailBlazers The Celtics are reportedly interested in signing both LaMarcus Aldridge and Wesley Matthews.  http://t.co/ojOABVyels
Tue May 12 14:54:36 +0000 2015,#NBA #Basketball Clyde Drexler 1990 Star Company Portland #TrailBlazers Promo Card http://t.co/kSa3SwGFtG #Cards #Card
Tue May 12 14:54:36 +0000 2015,#TrailBlazers #Cards 2014-15 Select Damian Lillard &amp LaMarcus Aldridge 2-Piece Jersey #8/149!!! http://t.co/rYQv778e6X #Onsale #Card
Tue May 12 14:51:08 +0000 2015,#TrailBlazers #Buzz Mitchell and Ness #Jersey http://t.co/RAhy71BHx1 #Deals #Collectibles
Tue May 12 14:51:07 +0000 2015,#Healthy #WeightLoss Strategies for Weight Loss Motivation http://t.co/kV4oE6KX61 #TrailBlazers #Diet
Tue May 12 14:51:07 +0000 2015,#NBA #TrailBlazers PORTLAND TRAILBLAZERS HARDWOOD CLASSICS 59/ FIFTY FITTED HAT SIZE 8 NEW ERA http://t.co/nobh8MvEAM #Sales #Discount
Tue May 12 14:44:24 +0000 2015,L #TrailBlazers #Cards Clyde Drexler 2012-13 Panini Signatures Card #94 14/25 #Onsale #Card http://t.co/QLlJYdzCYg
Tue May 12 14:38:36 +0000 2015,L B #TrailBlazers #Cards 2014-15 Panini Immaculate ink auto Clyde Drexler # 10/25 #Onsale #Card http://t.co/4ps3LTOdpu
Tue May 12 14:38:34 +0000 2015,#TrailBlazers #Cards 1976 TOPPS 57 BILL WALTON Trail Blazers NEAR MINT MVP HOF Combine Ship UCLA http://t.co/fRUAc1Zrpo #Onsale #Card
Tue May 12 14:35:07 +0000 2015,#Sporting #Goods PORTLAND #TrailBlazers HARDWOOD CLASSICS 59/ FIFTY FITTED HAT SIZE 8 NEW ERA http://t.co/L6QIukk6VH #Portland
Tue May 12 14:35:07 +0000 2015,#TrailBlazers #Buzz Portland Trailblazers #NBA official hat http://t.co/WqzP7Zy5zH #Deals #Collectibles
Tue May 12 14:35:06 +0000 2015,#NBA #TrailBlazers Portland Trailblazers NBA official hat http://t.co/eXr3PsaPRP #Sales #Discount
