Tue May 12 18:52:48 +0000 2015,RT @mistertoro: Love my @MNTimberwolves family thanks @jlutty28 for sharing the picture. #TWolves #EntertainmentFamily http://t.co/whTMc1lB‚Ä¶
Tue May 12 18:34:38 +0000 2015,RT @LOYALtoaTEE: He knows. #Drake #OVO#DubNation #Raptors #WeTheNorth #AndrewWiggins #TWolves http://t.co/qcUNWVyzxR
Tue May 12 18:27:17 +0000 2015,5 grandes hitos de Wiggins en Minnesota| http://t.co/vrOPCJKEwi #NBA #TWolves
Tue May 12 18:26:26 +0000 2015,RT @mistertoro: Love my @MNTimberwolves family thanks @jlutty28 for sharing the picture. #TWolves #EntertainmentFamily http://t.co/whTMc1lB‚Ä¶
Tue May 12 18:19:42 +0000 2015,RT @MNTimberwolves People don't forget. üòé #DunkFesthttps://t.co/SKc9eUBSXo  #timberwolves #twolves
Tue May 12 18:19:35 +0000 2015,http://t.co/y2mpdiy2PY [Pioneer Press] - Wizards' John Wall shows improvement with left h #NBA #TWolves http://t.co/i6LEk8TCQ9
Tue May 12 18:18:51 +0000 2015,RT @mistertoro: Love my @MNTimberwolves family thanks @jlutty28 for sharing the picture. #TWolves #EntertainmentFamily http://t.co/whTMc1lB‚Ä¶
Tue May 12 18:18:46 +0000 2015,RT @mistertoro: Love my @MNTimberwolves family thanks @jlutty28 for sharing the picture. #TWolves #EntertainmentFamily http://t.co/whTMc1lB‚Ä¶
Tue May 12 18:18:36 +0000 2015,Take a selfie with the $ Bill with Twitter handle at #TheNook &amp 2 of my personal #Twolves seats for a‚Ä¶ https://t.co/92yQ4JwMs2
Tue May 12 18:18:32 +0000 2015,RT @mistertoro: Love my @MNTimberwolves family thanks @jlutty28 for sharing the picture. #TWolves #EntertainmentFamily http://t.co/whTMc1lB‚Ä¶
Tue May 12 18:18:08 +0000 2015,Love my @MNTimberwolves family thanks @jlutty28 for sharing the picture. #TWolves #EntertainmentFamily http://t.co/whTMc1lBuE
Tue May 12 18:10:18 +0000 2015,http://t.co/vzOUYGKlWD Playoff Roundup | Muscala Is The Man  #TWolves http://t.co/I95YtALaeX
Tue May 12 17:22:36 +0000 2015,RT @DWolfsonKSTP: Sorry #Twolves fans but this is where I can see Thibs landing if he is ultimately out in Chicago. https://t.co/NoG8kRxC‚Ä¶
Tue May 12 17:17:13 +0000 2015,NBA Playoffs :Hawks at Wizards Warriors at Girzzlies| http://t.co/7SLUwPgUwK #NBA #TWolves
Tue May 12 17:08:12 +0000 2015,#Timberwolves #TWolves #Forum What happens at 4? http://t.co/N3YXav7WZg
Tue May 12 16:56:34 +0000 2015,Sorry #Twolves fans but this is where I can see Thibs landing if he is ultimately out in Chicago. https://t.co/NoG8kRxCrz
Tue May 12 16:18:13 +0000 2015,http://t.co/LpVHdHWD04 DV0264 Ricky Rubio Minnesota Timberwolves Jump Shot 32x24 Print #TWolves http://t.co/Kd7ZOTjrmv
Tue May 12 16:06:19 +0000 2015,RT @fsnorth: Minnesota #Timberwolves season report card: Nikola Pekovic #TWolves @PhilErvin http://t.co/dEREGddCYT via @fsnorth
Tue May 12 15:51:30 +0000 2015,Here is the @DraftExpress profile on Nikola Milutinov #Twolves #NBA #NBADraftLottery http://t.co/t4v2BLEtfT
Tue May 12 15:47:28 +0000 2015,@DWolfsonKSTP #Twolves are you serious about the wolves wanting Okafor? He's the last one I want
Tue May 12 15:38:34 +0000 2015,http://t.co/y2mpdiy2PY [Fansided: Dunking with Wolves] - Wolves‚Äô Positional Breakdown: Sh #NBA #TWolves http://t.co/xRIClwozw2
Tue May 12 15:23:07 +0000 2015,@DWolfsonKSTP If #Twolves at 4 &amp Mudiay on the board could you see us slide down a couple? Grab Porzingas or Winslow?
Tue May 12 15:18:43 +0000 2015,Wolves‚Äô Positional Breakdown: Shooting Guard: This is Part Two¬†of a five-part series that will examin... http://t.co/b26M27V40p #TWolves
Tue May 12 15:14:18 +0000 2015,RT @DWolfsonKSTP: You don't like Porzingis? But yeah T-minus 1 week until the #Twolves find out if they can get Okafor! https://t.co/yYzr7‚Ä¶
Tue May 12 15:12:23 +0000 2015,NBA Predictions| http://t.co/Tvho5s69EL #NBA #TWolves
Tue May 12 15:09:33 +0000 2015,You don't like Porzingis? But yeah T-minus 1 week until the #Twolves find out if they can get Okafor! https://t.co/yYzr7dHrZm
Tue May 12 14:58:02 +0000 2015,http://t.co/LpVHdHWD04 Girl Scout Minnesota Timberwolves A Night with the Wolves pat #TWolves http://t.co/tUbl1ZXsrB
Tue May 12 14:08:51 +0000 2015,Minnesota #Timberwolves season report card: Nikola Pekovic #TWolves @PhilErvin http://t.co/dEREGddCYT via @fsnorth
Tue May 12 14:02:19 +0000 2015,Roster Review | Gorgui Dieng| http://t.co/tudggaMAPu #NBA #TWolves
Tue May 12 13:37:04 +0000 2015,#Timberwolves #TWolves #Wolves Hawks Warriors Even Series' Wolves Prefer Okafor? http://t.co/OWhRByZFVp
Tue May 12 12:12:32 +0000 2015,http://t.co/LpVHdHWD04 Chauncy Billups Bobblehead Minnesota Timberwolves #4 NEW  #TWolves http://t.co/KCeVYwmn2l
Tue May 12 11:42:11 +0000 2015,Thunder&amp#8217s Playoff Streak Ends at 5 Years| http://t.co/qHXJPOMtuv #NBA #TWolves
Tue May 12 10:32:07 +0000 2015,Blue Jays Bills Timberwolves and Oilers Are Parched in the Postseason| http://t.co/xYwQXe19Vn #NBA #TWolves
Tue May 12 09:57:29 +0000 2015,No Ceilings :Andrew Wiggins' Offense Could Defy Projections Next Season| http://t.co/4d8gyFDsgj #NBA #TWolves
Tue May 12 09:22:27 +0000 2015,Early NBA Draft metrics and√Ç¬†thoughts| http://t.co/vKNeEmA1K0 #NBA #TWolves
Tue May 12 09:20:07 +0000 2015,RT @DWolfsonKSTP: 20-year-old big Nikola Milutinov is a potential stash guy at 31 or 36. Hear #Twolves Euro scout Zarko Durisic is a fan. T‚Ä¶
Tue May 12 09:19:53 +0000 2015,RT @DWolfsonKSTP: 20-year-old big Nikola Milutinov is a potential stash guy at 31 or 36. Hear #Twolves Euro scout Zarko Durisic is a fan. T‚Ä¶
Tue May 12 08:47:25 +0000 2015,LeBron James hits jumper at buzzer Cavaliers beat Bulls 86-84 to tie Eastern semifinal at 2-2| http://t.co/5VLuIFd1X0 #NBA #TWolves
Tue May 12 07:55:16 +0000 2015,RT @DWolfsonKSTP: 20-year-old big Nikola Milutinov is a potential stash guy at 31 or 36. Hear #Twolves Euro scout Zarko Durisic is a fan. T‚Ä¶
Tue May 12 07:02:19 +0000 2015,5 grandes hitos de Wiggins en Minnesota| http://t.co/vrOPCJKEwi #NBA #TWolves
Tue May 12 05:45:06 +0000 2015,http://t.co/qbG97MyA7H MVP Stephen Curry scores 33 points as Warriors rout Grizzlies 101- #NBA #TWolves http://t.co/SjdCkzjnOz
Tue May 12 04:52:35 +0000 2015,http://t.co/y2mpdiy2PY [Pioneer Press] - MVP Stephen Curry scores 33 points as Warriors r #NBA #TWolves http://t.co/uvWrzz4oaw
Tue May 12 04:51:29 +0000 2015,#Timberwolves #TWolves MVP Stephen Curry scores 33 points as Warriors rout Grizzlies 101-84 to tie series at 2-2 http://t.co/F10LIs4Efi
Tue May 12 04:46:27 +0000 2015,#Timberwolves #TWolves Teague Millsap lead the way Pierce misses late Hawks top Wizards 106-101 to tie series http://t.co/1I9dzxLevH
Tue May 12 04:41:32 +0000 2015,#Timberwolves #TWolves Cavaliers coach David Blatt owns up to late-game decisions says LeBron bailed us all .. http://t.co/ieJtpxAJDd
Tue May 12 04:37:10 +0000 2015,#Timberwolves #TWolves Injuries still a concern for both Cavs and Bulls while Clippers try for trip to West f.. http://t.co/fZMHHKUwl9
Tue May 12 04:04:11 +0000 2015,http://t.co/LpVHdHWD04 Lot 2) Pin - Minnesota Timberwolves  #TWolves http://t.co/MBHjqP4ytt
Tue May 12 03:08:02 +0000 2015,#Timberwolves #TWolves #Forum OK a REAL draft thread http://t.co/BGGDUyYPWa
Tue May 12 02:57:29 +0000 2015,By :Marty Susman| http://t.co/s85hI3s2ta #NBA #TWolves
Tue May 12 02:36:43 +0000 2015,RT @Coachjeffcurtis: So excited about the renovation of our facility!  We broke ground today.....going to be a great improvement. #twolves
Tue May 12 02:36:03 +0000 2015,Day 1 of the Bennett renovation. Can't wait to see the finished product. New home will be ready in the fall #twolves http://t.co/MlvmhCl3Jp
Tue May 12 02:25:39 +0000 2015,http://t.co/y2mpdiy2PY [Pioneer Press] - Teague Millsap lead the way Pierce misses late #NBA #TWolves http://t.co/meqIopqaL0
Tue May 12 02:19:26 +0000 2015,http://t.co/vzOUYGKlWD Roster Review | Gorgui Dieng  #TWolves http://t.co/X25bkN2BZv
Tue May 12 01:37:23 +0000 2015,#Timberwolves #TWolves #Wolves New Minnesota Timberwolves Rumors. Monday May 11 2015 http://t.co/PnQzUkxIX5
Tue May 12 01:36:19 +0000 2015,Ugh. I like Okafor but the idea of picking him ahead of Towns who fits perfectly w/what #TWolves need is a bit frustrating.
Tue May 12 01:08:07 +0000 2015,#Timberwolves #TWolves #Wolves Western Notes: Chandler Kings Milutinov http://t.co/CPGlK3FrMn
Tue May 12 00:39:20 +0000 2015,http://t.co/qbG97MyA7H LeBron James hits jumper at buzzer Cavaliers beat Bulls 86-84 to  #NBA #TWolves http://t.co/BtfQN9PDXm
Tue May 12 00:37:21 +0000 2015,NBA Predictions| http://t.co/Tvho5s69EL #NBA #TWolves
Tue May 12 00:27:49 +0000 2015,RT @DWolfsonKSTP: 20-year-old big Nikola Milutinov is a potential stash guy at 31 or 36. Hear #Twolves Euro scout Zarko Durisic is a fan. T‚Ä¶
Tue May 12 00:12:30 +0000 2015,Let's be honest #twolves fans how much more would we have appreciated KG's return if he had gone to WAS or LAC and still playing now?
Tue May 12 00:04:24 +0000 2015,RT @DWolfsonKSTP: 20-year-old big Nikola Milutinov is a potential stash guy at 31 or 36. Hear #Twolves Euro scout Zarko Durisic is a fan. T‚Ä¶
Tue May 12 00:02:19 +0000 2015,DeAndre Jordan scores 26 points and Clippers beat Rockets 128-95 to take 3-1 series lead| http://t.co/4vTzxCcal9 #NBA #TWolves
Mon May 11 23:42:27 +0000 2015,http://t.co/y2mpdiPDHw [SB Nation: Canis Hoopus] - NBA Playoffs: Hawks at Wizards Warrio #NBA #TWolves http://t.co/q1wj2aC8to
Mon May 11 23:25:51 +0000 2015,RT @DWolfsonKSTP: 20-year-old big Nikola Milutinov is a potential stash guy at 31 or 36. Hear #Twolves Euro scout Zarko Durisic is a fan. T‚Ä¶
Mon May 11 23:08:14 +0000 2015,#Timberwolves #TWolves #Wolves NBA Playoffs: Hawks at Wizards Warriors at Girzzlies http://t.co/5mJ8DqQ3WT
Mon May 11 23:05:12 +0000 2015,20-year-old big Nikola Milutinov is a potential stash guy at 31 or 36. Hear #Twolves Euro scout Zarko Durisic is a‚Ä¶ http://t.co/7q5EtO9F4V
Mon May 11 22:58:49 +0000 2015,RT @DWolfsonKSTP: 20-year-old big Nikola Milutinov is a potential stash guy at 31 or 36. Hear #Twolves Euro scout Zarko Durisic is a fan. T‚Ä¶
Mon May 11 22:46:02 +0000 2015,RT @DWolfsonKSTP: 20-year-old big Nikola Milutinov is a potential stash guy at 31 or 36. Hear #Twolves Euro scout Zarko Durisic is a fan. T‚Ä¶
Mon May 11 22:45:45 +0000 2015,RT @DWolfsonKSTP: 20-year-old big Nikola Milutinov is a potential stash guy at 31 or 36. Hear #Twolves Euro scout Zarko Durisic is a fan. T‚Ä¶
Mon May 11 22:40:00 +0000 2015,RT @DWolfsonKSTP: 20-year-old big Nikola Milutinov is a potential stash guy at 31 or 36. Hear #Twolves Euro scout Zarko Durisic is a fan. T‚Ä¶
Mon May 11 22:35:23 +0000 2015,RT @DWolfsonKSTP: 20-year-old big Nikola Milutinov is a potential stash guy at 31 or 36. Hear #Twolves Euro scout Zarko Durisic is a fan. T‚Ä¶
Mon May 11 22:34:10 +0000 2015,RT @DWolfsonKSTP: 20-year-old big Nikola Milutinov is a potential stash guy at 31 or 36. Hear #Twolves Euro scout Zarko Durisic is a fan. T‚Ä¶
Mon May 11 22:33:18 +0000 2015,20-year-old big Nikola Milutinov is a potential stash guy at 31 or 36. Hear #Twolves Euro scout Zarko Durisic is a fan. TBD on Flip.
Mon May 11 22:24:05 +0000 2015,@ugotabekittenme @kpmartin2 @SportsCenter LeBron wouldn't have needed that shot if Love was available #Twolves
Mon May 11 21:42:11 +0000 2015,Thunder&amp#8217s Playoff Streak Ends at 5 Years| http://t.co/qHXJPOMtuv #NBA #TWolves
Mon May 11 21:07:09 +0000 2015,Early NBA Draft metrics and√Ç¬†thoughts| http://t.co/vKNeEmA1K0 #NBA #TWolves
Mon May 11 20:55:25 +0000 2015,http://t.co/y2mpdiy2PY [Pioneer Press] - Injuries still a concern for both Cavs and Bulls #NBA #TWolves http://t.co/EHAuufYhzm
Mon May 11 20:50:18 +0000 2015,http://t.co/vzOUYGKlWD Roster Review | Gorgui Dieng  #TWolves http://t.co/X25bkN2BZv
Mon May 11 20:32:07 +0000 2015,Blue Jays Bills Timberwolves and Oilers Are Parched in the Postseason| http://t.co/xYwQXe19Vn #NBA #TWolves
Mon May 11 20:29:34 +0000 2015,So excited about the renovation of our facility!  We broke ground today.....going to be a great improvement. #twolves
Mon May 11 20:12:24 +0000 2015,NBA Playoffs :Cavaliers at Bulls Rockets at Clippers| http://t.co/OAHz5eu8s6 #NBA #TWolves
Mon May 11 19:37:22 +0000 2015,5 grandes hitos de Wiggins en Minnesota| http://t.co/vrOPCJKEwi #NBA #TWolves
Mon May 11 19:08:32 +0000 2015,RT @TWolves_news: No Ceilings :Andrew Wiggins' Offense Could Defy Projections Next Season| http://t.co/4d8gyFDsgj #NBA #TWolves
Mon May 11 19:03:23 +0000 2015,6 days until graduation 8 days until the #Twolves get the #1 pick and 17 days until I move. üòÅ
Mon May 11 19:02:20 +0000 2015,No Ceilings :Andrew Wiggins' Offense Could Defy Projections Next Season| http://t.co/4d8gyFDsgj #NBA #TWolves
Mon May 11 18:16:50 +0000 2015,Three Timberwolves that could be traded this offseason: While the focus so far this offseason for the... http://t.co/8xFfbwqzyR #TWolves
Mon May 11 18:12:37 +0000 2015,http://t.co/y2mpdiy2PY [Fansided: Dunking with Wolves] - Three Timberwolves that could be #NBA #TWolves http://t.co/rVnUgxcpUK
Mon May 11 16:36:36 +0000 2015,RT @DWolfsonKSTP: Flip had interest in him as a coach-in-waiting/ass't. Nothing more. So highly doubt it. #twolves https://t.co/5hGTkRqWg7
Mon May 11 16:23:17 +0000 2015,Flip had interest in him as a coach-in-waiting/ass't. Nothing more. So highly doubt it. #twolves https://t.co/5hGTkRqWg7
Mon May 11 16:08:18 +0000 2015,#Timberwolves #TWolves #Wolves Goodman: 2015 Mock Draft 4.0 http://t.co/lDaN6tEQSK
Mon May 11 16:00:32 +0000 2015,RT @DWolfsonKSTP: Anthony Bennett training w/ @DrewHanlen Wiggins/LaVine's guy. In Santa Barbara now. Fixing shot mechanics + wants to los‚Ä¶
Mon May 11 15:57:10 +0000 2015,Jeff Goodman Mock Draft 4.0 #Twolves #MinnesotaTimberwolves http://t.co/kDtFxClHpP http://t.co/UBiGodH9hP
Mon May 11 15:56:49 +0000 2015,The latest #Twolves report card. This one's not quite as sour. https://t.co/Ns5sYjoVkN
Mon May 11 15:56:26 +0000 2015,Minnesota #Timberwolves season report card: Shabazz Muhammad #TWolves @PhilErvin http://t.co/To5z2OJXPM via @fsnorth
Mon May 11 15:28:58 +0000 2015,http://t.co/y2mpdiy2PY [Bloguin: NBA Draft Blog] - Where Chase Budinger Fits In The Timbe #NBA #TWolves http://t.co/r63ACfFr6A
Mon May 11 14:53:55 +0000 2015,Gorgui Dieng graduates from the University of Louisville: In the past couple of months Gorgui Dieng ... http://t.co/4okcdhXnpz #TWolves
Mon May 11 14:41:34 +0000 2015,Gorgui Dieng graduates from the University of... #Twolves #MinnesotaTimberwolves http://t.co/WRSGYUlCEX http://t.co/Y50poCZgNH
Mon May 11 14:37:22 +0000 2015,LeBron James hits jumper at buzzer Cavaliers beat Bulls 86-84 to tie Eastern semifinal at 2-2| http://t.co/5VLuIFd1X0 #NBA #TWolves
Mon May 11 14:36:02 +0000 2015,RT @InfraRen: NBA lottery needs to get here so I can feel comfort that #TWolves ensured Towns/Okafor/Russell or if I need to worry about Po‚Ä¶
Mon May 11 14:33:26 +0000 2015,NBA lottery needs to get here so I can feel comfort that #TWolves ensured Towns/Okafor/Russell or if I need to worry about Porzingis at 4.
