Tue May 12 18:47:01 +0000 2015,#UtahJazz #jazznation #gojazz #forum Breaking News --- THERES A GENERAL SPORTS FORUM!!! http://t.co/3SN0j1QSxz
Tue May 12 18:41:59 +0000 2015,#UtahJazz #jazznation #gojazz #forum Pelicans Coach Canned http://t.co/kLd32DaM3V
Tue May 12 18:37:07 +0000 2015,#UtahJazz #jazznation #gojazz #forum Christianity shrinking in U.S. Mormon numbers essentially flat http://t.co/bf7IBFU57P
Tue May 12 18:35:40 +0000 2015,#NBA #UtahJazz - VINTAGE  NBA HOOPS  ACTION PHOTO'S  UTAH JAZZ  #12 JOHN STOCKTON  8X1... http://t.co/5Gj2JYcnSA http://t.co/lQmogZfBKD
Tue May 12 18:35:40 +0000 2015,#NBA #UtahJazz - UTAH JAZZ  OUTDOOR VERTICAL FLAG  SIZE 29 X 39  (USED):  $10.99End D... http://t.co/ynTMHUAbjX http://t.co/lQmogZfBKD
Tue May 12 18:35:39 +0000 2015,#NBA #UtahJazz - Two Utah Jazz Patches 2 1/2 NBA Basketball Lot Iron On for Shirt Jack... http://t.co/MjVJkWMlRq http://t.co/lQmogZfBKD
Tue May 12 18:08:16 +0000 2015,#NBA #UtahJazz - NBA Finals Mini Basketball 1997 Finals Utah Jazz v.Chicago Bulls Micha... http://t.co/eimB2PehJ8 http://t.co/lQmogZfBKD
Tue May 12 18:05:03 +0000 2015,Woelfel On Thibodeau Carter-Williams Middleton http://t.co/se1ZayZSDf #UtahJazz #NBA
Tue May 12 17:52:30 +0000 2015,Northwest Notes :Singler Donovan Draft Gee| http://t.co/dSWMfKSEef #NBA #UtahJazz
Tue May 12 17:36:14 +0000 2015,#UtahJazz #jazznation #gojazz #forum Horses http://t.co/4KMG51pA8X
Tue May 12 17:36:13 +0000 2015,#UtahJazz #jazznation #gojazz #utah Offseason Target: Jrue Holiday http://t.co/aH8DSNi5n1
Tue May 12 17:15:48 +0000 2015,#NBA #UtahJazz - Purple Utah Jazz T-shirt - Size Large:  $10.00End Date: Thursday Jun-1... http://t.co/4eJsxwooF9 http://t.co/k33Sm3HFUt
Tue May 12 17:08:09 +0000 2015,#UtahJazz #jazznation #gojazz #utah Here are the 76ers' new logos featuring Dribbling Ben Franklin (Ball Don'.. http://t.co/MafzMq0wsI
Tue May 12 16:51:27 +0000 2015,#UtahJazz #jazznation #gojazz #forum http://t.co/brjLdAQwXb - Top 10 Jazz Games of 2014-15 (1-5) http://t.co/c4cdUb5bv2
Tue May 12 16:46:22 +0000 2015,#UtahJazz #jazznation #gojazz #forum BREAKING THIS NEWS! IMPORTANT RE:JAKE HEAPS http://t.co/ISdrUrPLjf
Tue May 12 16:44:16 +0000 2015,#NBA #UtahJazz - Purple Utah Jazz T-shirt - Size Large:  $10.00End Date: Thursday Jun-1... http://t.co/YzEra1tlGo http://t.co/lQmogZfBKD
Tue May 12 16:42:26 +0000 2015,Jazz and Partners Contribute Nearly $240000 in Charitable Donations This Season| http://t.co/0rekYRin66 #NBA #UtahJazz
Tue May 12 16:41:24 +0000 2015,#UtahJazz #jazznation #gojazz #forum The Basketball Tournament - Team Utah http://t.co/swzkD9cP9H
Tue May 12 16:37:07 +0000 2015,#UtahJazz #jazznation #gojazz #forum Locked on Jazz - TIP OFF - May 12 - Lots to catch up on http://t.co/YIVJkbINAv
Tue May 12 16:18:50 +0000 2015,#NBA #UtahJazz - Top 10 Jazz Games of 2014-15 (1-5): By Matt Payne utahjazz.c... http://t.co/VbxCBmBXNQ http://t.co/lQmogZfBKD
Tue May 12 16:16:51 +0000 2015,#UtahJazz News Morning links: Jazz's Rodney Hood prepping for next season Combine begins with no invitation f... http://t.co/L2fqHwzfWL
Tue May 12 16:08:09 +0000 2015,#UtahJazz Top 10 Jazz Games of 2014-15 (5-1) http://t.co/tr4Cd4aWWU
Tue May 12 15:52:51 +0000 2015,#NBA #UtahJazz - Vintage Utah Jazz Youth Nba Shirt Size Medium Adidas Jersey Malone Sto... http://t.co/tH12RTGm8C http://t.co/lQmogZfBKD
Tue May 12 15:52:51 +0000 2015,#NBA #UtahJazz - Matt Harpring Utah Jazz Adidas Basketball Jersey Youth Medium Baby Blu... http://t.co/p0VdDkkLpu http://t.co/lQmogZfBKD
Tue May 12 15:32:22 +0000 2015,Nets Fall to the Jazz Tony Parker Lifts the Spurs| http://t.co/wKhYy9g6J4 #NBA #UtahJazz
Tue May 12 14:55:07 +0000 2015,Stockton to Malone #stance #utahjazz Air Jordan 5 grape üçáüçá #takeflight #kotd #kicks0l0gy #‚Ä¶ http://t.co/Qe0wCrNjHc http://t.co/tbzpoRe1tU
Tue May 12 14:48:02 +0000 2015,Stockton to Malone #stance #utahjazz Air Jordan 5 grape üçáüçá #takeflight #kotd #kicks0l0gy #‚Ä¶ http://t.co/ztZ9E34Oik http://t.co/4picf1zX80
Tue May 12 14:47:08 +0000 2015,#flickr Stockton to Malone #stance #utahjazz Air Jordan 5 grape üçáüçá #takeflight #kotd #kick‚Ä¶ http://t.co/ohsgFXHs4U http://t.co/xd5FbO0gNw
Tue May 12 14:37:36 +0000 2015,Jazz Rookie Bryce Cotton Selected to All-NBA D-League Second Team| http://t.co/j3WC9zpI97 #NBA #UtahJazz
Tue May 12 14:15:12 +0000 2015,Playoff Teamwork &amp Celebration Defense Fouls Graduation and Love for Joe Ingles -- Downbeat #1623 http://t.co/EKYHyKt5Gd #UtahJazz #NBA
Tue May 12 14:02:34 +0000 2015,Top 10 Jazz Games of 2014-15 (6-10)| http://t.co/fhqBYNjHRy #NBA #UtahJazz
Tue May 12 13:53:20 +0000 2015,My daughter's homework assignment...I never got homework like this. #TheMailman #UtahJazz http://t.co/qVIzZg56e3
Tue May 12 13:21:10 +0000 2015,#NBA #UtahJazz - Vintage NBA Utah Jazz Adrian Dantley Mitchell and Ness hardwood classi... http://t.co/RZF91wZfSv http://t.co/k33Sm3HFUt
Tue May 12 12:52:45 +0000 2015,#NBA #UtahJazz - Vintage NBA Utah Jazz Adrian Dantley Mitchell and Ness hardwood classi... http://t.co/KYe1BQxwL8 http://t.co/lQmogZfBKD
Tue May 12 12:17:28 +0000 2015,The Roundup√¢¬Ä¬îJazz 91 Rockets 117| http://t.co/PA2COp5wJz #NBA #UtahJazz
Tue May 12 12:15:09 +0000 2015,Western Notes :Chandler Kings Milutinov http://t.co/Zf1maUTkbX #UtahJazz #NBA
Tue May 12 11:55:09 +0000 2015,Prospect Profile :Devin Booker http://t.co/sWc4K97Iqi #UtahJazz #NBA
Tue May 12 11:35:08 +0000 2015,Atlantic Notes :Love Celtics Nets D-Will http://t.co/W5jfRrFONK #UtahJazz #NBA
Tue May 12 11:15:07 +0000 2015,Q&ampA With Draft Prospect Chris Walker http://t.co/gs4kzjOpfA #UtahJazz #NBA
Tue May 12 09:57:44 +0000 2015,Northwest Notes :Lopez Kaman Jazz| http://t.co/DjDYT4m9vY #NBA #UtahJazz
Tue May 12 09:22:42 +0000 2015,Jazz Hold On to Beat the Knicks| http://t.co/ICrkkhJQps #NBA #UtahJazz
Tue May 12 09:01:07 +0000 2015,#SBNation #UtahJazz Utah Jazz Search For The Blue Ocean: The Downbeat http://t.co/MGnqttv8YJ http://t.co/a5mtzFEDK1
Tue May 12 08:47:40 +0000 2015,2015-16 National Anthem Auditions| http://t.co/E7E2gWLvhB #NBA #UtahJazz
Tue May 12 08:34:29 +0000 2015,Utah Jazz sign JP Gibson http://t.co/15phTNCP1e  #cancer #dream #jpgibson #utahjazz
Tue May 12 08:12:38 +0000 2015,Western Notes :Pondexter Draft Jazz| http://t.co/1OzWPtokro #NBA #UtahJazz
Tue May 12 08:06:23 +0000 2015,Date un occhio al mio primo video e datemi consigli grazie :) https://t.co/emPgu0wpYz #NBA2K14 #NBA #BASKET #UTAHJAZZ #GAMEPLAY
Tue May 12 07:37:36 +0000 2015,Cavaliers Win Fourth Straight Pistons Hold Off the Magic| http://t.co/gV9M7IbukN #NBA #UtahJazz
Tue May 12 07:25:12 +0000 2015,NBA Playoffs 2015 :Cavaliers and Rockets will try to even the score http://t.co/4La6yrziue #UtahJazz #NBA
Tue May 12 07:21:11 +0000 2015,#NBA #UtahJazz - NWT Youth NBA Utah Jazz Logo Jersey L $75.00:  $19.99End Date: Monday ... http://t.co/oGJtrDrK4I http://t.co/k33Sm3HFUt
Tue May 12 06:52:13 +0000 2015,#NBA #UtahJazz - John Stockton Utah Jazz #12 Jersey:  $45.00End Date: Monday May-18-201... http://t.co/fVOHndp4Pb http://t.co/lQmogZfBKD
Tue May 12 06:45:10 +0000 2015,LeBron James hits jumper at buzzer lifts Cavaliers over Bulls http://t.co/1lVUugr8lx #UtahJazz #NBA
Tue May 12 06:27:32 +0000 2015,Northwest Notes :Singler Donovan Draft Gee| http://t.co/dSWMfKSEef #NBA #UtahJazz
Tue May 12 06:25:10 +0000 2015,Clippers rout Rockets 128-95 to take 3-1 series lead http://t.co/wzDWGVZNjz #UtahJazz #NBA
Tue May 12 05:52:30 +0000 2015,Northwest Notes :Donovan Blazers Pleiss| http://t.co/QldDXBo6lS #NBA #UtahJazz
Tue May 12 05:45:09 +0000 2015,NBA :Utah's Delon Wright to attend NBA pre-draft combine http://t.co/Sa91bZNMMt #UtahJazz #NBA
Tue May 12 05:25:09 +0000 2015,Northwest Notes :Lopez Kaman Jazz http://t.co/qH3eZF9pTi #UtahJazz #NBA
Tue May 12 05:17:28 +0000 2015,Nets Drop to 3-10 in January With a Drubbing by the Jazz| http://t.co/OzrKDEqDzJ #NBA #UtahJazz
Tue May 12 05:12:41 +0000 2015,#NBA #UtahJazz - Paul Millsap Jersey Jazz Nba Vtg Utah Sewn Men L Adidas Hawks #24 Swin... http://t.co/bKhF6N45q0 http://t.co/lQmogZfBKD
Tue May 12 05:12:40 +0000 2015,#NBA #UtahJazz - Team Issued Pro Cut Utah Jazz 50th Anniv stockton malone hayward favor... http://t.co/1C6ehBDnLu http://t.co/lQmogZfBKD
Tue May 12 05:12:40 +0000 2015,#NBA #UtahJazz - Karl Malone Wall Decal - Over 6 feet tall!  Utah Jazz NEW:  $25.00 (0 ... http://t.co/bHRgDF5Css http://t.co/lQmogZfBKD
Tue May 12 05:12:39 +0000 2015,#NBA #UtahJazz - KARL MALONE &amp JOHN STOCKTON 1997 CLASSIC DOUBLE SLU (NICE!!!):  $19.99... http://t.co/JdGHlo5W7v http://t.co/lQmogZfBKD
Tue May 12 05:12:39 +0000 2015,#NBA #UtahJazz - Paul Millsap Jersey Jazz Nba Vtg Utah Sewn Men L Adidas Hawks #24 Swin... http://t.co/9YESy3BMPh http://t.co/k33Sm3HFUt
Tue May 12 05:12:38 +0000 2015,#NBA #UtahJazz - Team Issued Pro Cut Utah Jazz 50th Anniv stockton malone hayward favor... http://t.co/4TkFdvZEt8 http://t.co/k33Sm3HFUt
Tue May 12 05:12:38 +0000 2015,#NBA #UtahJazz - Karl Malone Wall Decal - Over 6 feet tall!  Utah Jazz NEW:  $25.00 (0 ... http://t.co/eDjwWxSd8b http://t.co/k33Sm3HFUt
Tue May 12 05:12:38 +0000 2015,#NBA #UtahJazz - KARL MALONE &amp JOHN STOCKTON 1997 CLASSIC DOUBLE SLU (NICE!!!):  $19.99... http://t.co/naRBBDbA72 http://t.co/k33Sm3HFUt
Tue May 12 05:12:36 +0000 2015,#UtahJazz #jazznation #gojazz #forum SLC Dunk - Utah Jazz Search For The Blue Ocean: The Downbeat #1624 http://t.co/dnwJf0Dlgr
Tue May 12 05:08:03 +0000 2015,#UtahJazz #jazznation #gojazz #forum Would buy Gobert rookie card? http://t.co/2cLtTqn6Jv
Tue May 12 05:08:03 +0000 2015,#UtahJazz #gojazz NBA: Warriors Hawks answer questions with big wins http://t.co/YaJ8uR9b7b
Tue May 12 05:05:08 +0000 2015,Pacific Notes :Rivers Clippers Warriors http://t.co/lQSjcPS0FM #UtahJazz #NBA
Tue May 12 04:53:34 +0000 2015,They finally called #CharlesBarkley out on the #JohnStockton shot.. He looked p!ssed.. #HoustonRockets #UtahJazz
Tue May 12 04:45:07 +0000 2015,Eastern Rumors :Lopez Hawks Stephenson http://t.co/psxtiRQ4i3 #UtahJazz #NBA
Tue May 12 04:42:26 +0000 2015,Rodney Hood Named NBA√¢¬Ä¬ôs Western Conference Rookie of the Month for April| http://t.co/SQCYvIBTqc #NBA #UtahJazz
Tue May 12 04:37:51 +0000 2015,#themailman #isdown! #mosthated #utahjazz #90s #SPITGAN #urban #randomness #basketballlife #rubbish‚Ä¶ https://t.co/HDAbkcpv9f
Tue May 12 04:37:07 +0000 2015,#UtahJazz #jazznation #gojazz #utah Utah Jazz Search For The Blue Ocean: The Downbeat #1624 http://t.co/gHfXSmOd7R
Tue May 12 04:25:03 +0000 2015,Western Notes :Chandler Kings Milutinov http://t.co/Zf1maUTkbX #UtahJazz #NBA
Tue May 12 04:07:24 +0000 2015,And-Ones :Tomic Huertas Free Agents| http://t.co/CQx9Ju35wu #NBA #UtahJazz
Tue May 12 04:07:15 +0000 2015,#NBA #UtahJazz - Karl Malone Utah Jazz Champion Youth Boys Black Basketball Jersey M 10... http://t.co/4fpyeRF5Ao http://t.co/k33Sm3HFUt
Tue May 12 04:07:15 +0000 2015,#NBA #UtahJazz - Adidas NBA Jersey Jazz Korver Pink Women's sz Small:  $24.99End Date: ... http://t.co/jR2WPy7AbV http://t.co/k33Sm3HFUt
Tue May 12 03:54:04 +0000 2015,@BeBrave83 @BillSimmons David AND a BS fan? He insulted the entire State and its value system! #utahjazz üö´üçªüïò
Tue May 12 03:37:12 +0000 2015,#NBA #UtahJazz - Karl Malone Utah Jazz Champion Youth Boys Black Basketball Jersey M 10... http://t.co/s1mOxKUUXj http://t.co/lQmogZfBKD
Tue May 12 03:37:11 +0000 2015,#NBA #UtahJazz - Adidas NBA Jersey Jazz Korver Pink Women's sz Small:  $24.99End Date: ... http://t.co/5Bn3ALt2To http://t.co/lQmogZfBKD
Tue May 12 03:32:22 +0000 2015,The Roundup√¢¬Ä¬îJazz 91 Rockets 117| http://t.co/PA2COp5wJz #NBA #UtahJazz
Tue May 12 03:23:12 +0000 2015,Check out my broadcast from my PlayStation¬Æ4! #PS4live ThrowBack 1998 NBA Finals #UtahJazz VS #Bulls  live at http://t.co/34QgeZmmRS
Tue May 12 03:02:33 +0000 2015,#NBA #UtahJazz - UTAH JAZZ  LUGGAGE SPOTTER:  $4.00End Date: Wednesday Jun-10-2015 19:2... http://t.co/Z6Y1DZnVTD http://t.co/lQmogZfBKD
Tue May 12 03:02:33 +0000 2015,#NBA #UtahJazz - UTAH JAZZ TRIFOLD NYLON WALLET:  $5.00End Date: Wednesday Jun-10-2015 ... http://t.co/bS5uUxEN6t http://t.co/lQmogZfBKD
Tue May 12 03:02:33 +0000 2015,#NBA #UtahJazz - Vtg 90's John Stockton Utah Jazz Champion Jersey 44 L NBA Replica 90's... http://t.co/XI1M9rhrhl http://t.co/lQmogZfBKD
Tue May 12 03:02:32 +0000 2015,#NBA #UtahJazz - 2002-03 New Orleans Hornets / Utah Jazz Inaugural Season Pepsi Cola Ti... http://t.co/sGQAfd0FQa http://t.co/lQmogZfBKD
Tue May 12 03:02:31 +0000 2015,#NBA #UtahJazz - UTAH JAZZ  LUGGAGE SPOTTER:  $4.00End Date: Wednesday Jun-10-2015 19:2... http://t.co/Shp4SMlKck http://t.co/k33Sm3HFUt
Tue May 12 03:02:30 +0000 2015,#NBA #UtahJazz - UTAH JAZZ TRIFOLD NYLON WALLET:  $5.00End Date: Wednesday Jun-10-2015 ... http://t.co/igS6QKdjVJ http://t.co/k33Sm3HFUt
Tue May 12 03:02:30 +0000 2015,#NBA #UtahJazz - Vtg 90's John Stockton Utah Jazz Champion Jersey 44 L NBA Replica 90's... http://t.co/qJzRgY31kn http://t.co/k33Sm3HFUt
Tue May 12 03:02:30 +0000 2015,#NBA #UtahJazz - 2002-03 New Orleans Hornets / Utah Jazz Inaugural Season Pepsi Cola Ti... http://t.co/t4YrfqxmqZ http://t.co/k33Sm3HFUt
Tue May 12 02:57:44 +0000 2015,Jazz Hold On to Beat the Knicks| http://t.co/ICrkkhJQps #NBA #UtahJazz
Tue May 12 02:29:49 +0000 2015,El mejor doble que vi en la #nba #utahjazz #thunder #basketball #circusshot #basquet @ Carlos‚Ä¶ https://t.co/iSTK1bFGpO
Tue May 12 02:22:42 +0000 2015,Game Preview :Jazz at Rockets| http://t.co/9SFoYCJNGe #NBA #UtahJazz
Tue May 12 01:57:38 +0000 2015,#NBA #UtahJazz - Utah Jazz Carlos Boozer Jersey:  $0.99 (0 Bids)End Date: Monday May-18... http://t.co/quNxRPTqW3 http://t.co/lQmogZfBKD
Tue May 12 01:57:38 +0000 2015,#NBA #UtahJazz - 40 NBA Utah Jazz Stickers:  $9.00End Date: Wednesday Jun-10-2015 18:27... http://t.co/mbMUzPgU5x http://t.co/lQmogZfBKD
Tue May 12 01:57:38 +0000 2015,#NBA #UtahJazz - 20 - 2014 NBA Utah Jazz Stickers:  $4.75End Date: Wednesday Jun-10-201... http://t.co/M8Dgcy4R80 http://t.co/lQmogZfBKD
Tue May 12 01:57:38 +0000 2015,#NBA #UtahJazz - Utah Jazz Carlos Boozer Jersey:  $0.99 (0 Bids)End Date: Monday May-18... http://t.co/sE1stHJ0ik http://t.co/k33Sm3HFUt
Tue May 12 01:57:38 +0000 2015,#NBA #UtahJazz - 20 - 2014 NBA Utah Jazz Stickers:  $4.75End Date: Wednesday Jun-10-201... http://t.co/NrDIWzF1uH http://t.co/k33Sm3HFUt
Tue May 12 01:57:37 +0000 2015,#NBA #UtahJazz - 40 NBA Utah Jazz Stickers:  $9.00End Date: Wednesday Jun-10-2015 18:27... http://t.co/Zt2ukDiM3H http://t.co/k33Sm3HFUt
