Tue May 12 18:53:07 +0000 2015,2 planes for 2 big trips #Wizards headed to Atlanta #Caps headed to New York! #dcRising #RockTheRed… http://t.co/72BF3cnUog
Tue May 12 18:52:39 +0000 2015,RT @WashWizards: 2 planes for 2 big trips #Wizards headed to Atlanta #Caps headed to New York! #dcRising #RockTheRed http://t.co/1yyfaAiw…
Tue May 12 18:52:31 +0000 2015,RT @WashWizards: 2 planes for 2 big trips #Wizards headed to Atlanta #Caps headed to New York! #dcRising #RockTheRed http://t.co/1yyfaAiw…
Tue May 12 18:52:03 +0000 2015,RT @WashWizards: 2 planes for 2 big trips #Wizards headed to Atlanta #Caps headed to New York! #dcRising #RockTheRed http://t.co/1yyfaAiw…
Tue May 12 18:51:58 +0000 2015,RT @gene_wang: Wittman said Wall was able to use left hand in light practice swelling down. Looks like game-time decision. #Wizards
Tue May 12 18:51:16 +0000 2015,Are u coming to watch the #Wizards with us tomorrow? https://t.co/U7ZMttcQzl
Tue May 12 18:49:54 +0000 2015,RT @WashWizards: 2 planes for 2 big trips #Wizards headed to Atlanta #Caps headed to New York! #dcRising #RockTheRed http://t.co/1yyfaAiw…
Tue May 12 18:49:07 +0000 2015,RT @WashWizards: 2 planes for 2 big trips #Wizards headed to Atlanta #Caps headed to New York! #dcRising #RockTheRed http://t.co/1yyfaAiw…
Tue May 12 18:48:51 +0000 2015,RT @TrueHoopNetwork: New @Truth_About_It: DC Council Round 2 Game 4: Wizards vs Hawks — This Was An Opportunity: Tru... http://t.co/z49wHa…
Tue May 12 18:48:49 +0000 2015,RT @WashWizards: 2 planes for 2 big trips #Wizards headed to Atlanta #Caps headed to New York! #dcRising #RockTheRed http://t.co/1yyfaAiw…
Tue May 12 18:46:14 +0000 2015,Just spoke w/ Wall &amp he said he still doesn't know if he'll play. #Wizards don't have shoot around so decision likely comes near game time.
Tue May 12 18:45:08 +0000 2015,RT @DcRisingforsure: Wall to be reevaluated today possibility he plays tomorrow in Atlanta. #Wizards
Tue May 12 18:44:47 +0000 2015,RT @WashWizards: 2 planes for 2 big trips #Wizards headed to Atlanta #Caps headed to New York! #dcRising #RockTheRed http://t.co/1yyfaAiw…
Tue May 12 18:44:45 +0000 2015,RT @DcRisingforsure: Wall to be reevaluated today possibility he plays tomorrow in Atlanta. #Wizards
Tue May 12 18:43:42 +0000 2015,5/13/15 NBA Playoffs: #Washington #Wizards vs #Atlanta #Hawks (Take: Hawks -8.5Over 200)(THIS IS… https://t.co/szxjrrrCeg
Tue May 12 18:43:15 +0000 2015,RT @WashWizards: 2 planes for 2 big trips #Wizards headed to Atlanta #Caps headed to New York! #dcRising #RockTheRed http://t.co/1yyfaAiw…
Tue May 12 18:43:10 +0000 2015,RT @WashWizards: 2 planes for 2 big trips #Wizards headed to Atlanta #Caps headed to New York! #dcRising #RockTheRed http://t.co/1yyfaAiw…
Tue May 12 18:43:03 +0000 2015,RT @NBAcom: 3 days + 3 buzzer-beaters = 1 epic weekend in the #NBAPlayoffsWATCH: http://t.co/jVr8LDohci #Cavs #Bulls #Wizards http://t.co…
Tue May 12 18:42:40 +0000 2015,RT @WashWizards: 2 planes for 2 big trips #Wizards headed to Atlanta #Caps headed to New York! #dcRising #RockTheRed http://t.co/1yyfaAiw…
Tue May 12 18:42:32 +0000 2015,RT @WashWizards: 2 planes for 2 big trips #Wizards headed to Atlanta #Caps headed to New York! #dcRising #RockTheRed http://t.co/1yyfaAiw…
Tue May 12 18:42:07 +0000 2015,i added a video to https://t.co/sQXaeF9smD check it out #Art #Wizards #Coffee
Tue May 12 18:41:53 +0000 2015,RT @DcRisingforsure: Wall to be reevaluated today possibility he plays tomorrow in Atlanta. #Wizards
Tue May 12 18:40:43 +0000 2015,RT @WashWizards: 2 planes for 2 big trips #Wizards headed to Atlanta #Caps headed to New York! #dcRising #RockTheRed http://t.co/1yyfaAiw…
Tue May 12 18:40:36 +0000 2015,RT @WashWizards: 2 planes for 2 big trips #Wizards headed to Atlanta #Caps headed to New York! #dcRising #RockTheRed http://t.co/1yyfaAiw…
Tue May 12 18:40:25 +0000 2015,RT @WashWizards: 2 planes for 2 big trips #Wizards headed to Atlanta #Caps headed to New York! #dcRising #RockTheRed http://t.co/1yyfaAiw…
Tue May 12 18:40:02 +0000 2015,RT @DcRisingforsure: Wall to be reevaluated today possibility he plays tomorrow in Atlanta. #Wizards
Tue May 12 18:38:56 +0000 2015,RT @WashWizards: 2 planes for 2 big trips #Wizards headed to Atlanta #Caps headed to New York! #dcRising #RockTheRed http://t.co/1yyfaAiw…
Tue May 12 18:38:30 +0000 2015,RT @WashWizards: 2 planes for 2 big trips #Wizards headed to Atlanta #Caps headed to New York! #dcRising #RockTheRed http://t.co/1yyfaAiw…
Tue May 12 18:38:29 +0000 2015,RT @WashWizards: 2 planes for 2 big trips #Wizards headed to Atlanta #Caps headed to New York! #dcRising #RockTheRed http://t.co/1yyfaAiw…
Tue May 12 18:38:13 +0000 2015,RT @WashWizards: 2 planes for 2 big trips #Wizards headed to Atlanta #Caps headed to New York! #dcRising #RockTheRed http://t.co/1yyfaAiw…
Tue May 12 18:38:04 +0000 2015,TIX http://t.co/vCFfWs8E2n 2 TIX Round 2 Washington #Wizards v ATL Hawks HG3 5/15 Verizon Center… http://t.co/KxjVrDNjxW #Tickets #ForSale
Tue May 12 18:36:25 +0000 2015,RT @WashWizards: 2 planes for 2 big trips #Wizards headed to Atlanta #Caps headed to New York! #dcRising #RockTheRed http://t.co/1yyfaAiw…
Tue May 12 18:36:04 +0000 2015,RT @WashWizards: 2 planes for 2 big trips #Wizards headed to Atlanta #Caps headed to New York! #dcRising #RockTheRed http://t.co/1yyfaAiw…
Tue May 12 18:35:53 +0000 2015,RT @WashWizards: 2 planes for 2 big trips #Wizards headed to Atlanta #Caps headed to New York! #dcRising #RockTheRed http://t.co/1yyfaAiw…
Tue May 12 18:35:39 +0000 2015,RT @WashWizards: 2 planes for 2 big trips #Wizards headed to Atlanta #Caps headed to New York! #dcRising #RockTheRed http://t.co/1yyfaAiw…
Tue May 12 18:35:24 +0000 2015,RT @WashWizards: 2 planes for 2 big trips #Wizards headed to Atlanta #Caps headed to New York! #dcRising #RockTheRed http://t.co/1yyfaAiw…
Tue May 12 18:35:20 +0000 2015,RT @ESPNRadio980: Right now Vinny Del Negro tells us whether or not the #Wizards can win series without John Wall @LockerRoom980.
Tue May 12 18:35:09 +0000 2015,#Wizards Tweets: Beal channeling inner Wall for @WashWizards: Game 1: 1 ast on 34… #NBA http://t.co/ztpVn6h90l http://t.co/ZqXTVplR0K
Tue May 12 18:35:07 +0000 2015,RT @WashWizards: 2 planes for 2 big trips #Wizards headed to Atlanta #Caps headed to New York! #dcRising #RockTheRed http://t.co/1yyfaAiw…
Tue May 12 18:35:03 +0000 2015,Right now Vinny Del Negro tells us whether or not the #Wizards can win series without John Wall @LockerRoom980.
Tue May 12 18:34:32 +0000 2015,RT @WashWizards: 2 planes for 2 big trips #Wizards headed to Atlanta #Caps headed to New York! #dcRising #RockTheRed http://t.co/1yyfaAiw…
Tue May 12 18:34:01 +0000 2015,RT @WashWizards: 2 planes for 2 big trips #Wizards headed to Atlanta #Caps headed to New York! #dcRising #RockTheRed http://t.co/1yyfaAiw…
Tue May 12 18:33:51 +0000 2015,RT @WashWizards: 2 planes for 2 big trips #Wizards headed to Atlanta #Caps headed to New York! #dcRising #RockTheRed http://t.co/1yyfaAiw…
Tue May 12 18:33:29 +0000 2015,RT @WashWizards: 2 planes for 2 big trips #Wizards headed to Atlanta #Caps headed to New York! #dcRising #RockTheRed http://t.co/1yyfaAiw…
Tue May 12 18:32:39 +0000 2015,RT @DcRisingforsure: Wall to be reevaluated today possibility he plays tomorrow in Atlanta. #Wizards
Tue May 12 18:32:26 +0000 2015,RT @WashWizards: 2 planes for 2 big trips #Wizards headed to Atlanta #Caps headed to New York! #dcRising #RockTheRed http://t.co/1yyfaAiw…
Tue May 12 18:32:19 +0000 2015,RT @WashWizards: 2 planes for 2 big trips #Wizards headed to Atlanta #Caps headed to New York! #dcRising #RockTheRed http://t.co/1yyfaAiw…
Tue May 12 18:32:06 +0000 2015,RT @WashWizards: 2 planes for 2 big trips #Wizards headed to Atlanta #Caps headed to New York! #dcRising #RockTheRed http://t.co/1yyfaAiw…
Tue May 12 18:31:54 +0000 2015,RT @WashWizards: 2 planes for 2 big trips #Wizards headed to Atlanta #Caps headed to New York! #dcRising #RockTheRed http://t.co/1yyfaAiw…
Tue May 12 18:31:54 +0000 2015,RT @WashWizards: 2 planes for 2 big trips #Wizards headed to Atlanta #Caps headed to New York! #dcRising #RockTheRed http://t.co/1yyfaAiw…
Tue May 12 18:31:36 +0000 2015,#NBA @Al_Horford cargó con @ATLHawks para empatar las cosas con #Wizards http://t.co/FIDtk3j5ab http://t.co/XkpIRbjSZk
Tue May 12 18:31:30 +0000 2015,RT @WashWizards: 2 planes for 2 big trips #Wizards headed to Atlanta #Caps headed to New York! #dcRising #RockTheRed http://t.co/1yyfaAiw…
Tue May 12 18:31:02 +0000 2015,RT @WashWizards: 2 planes for 2 big trips #Wizards headed to Atlanta #Caps headed to New York! #dcRising #RockTheRed http://t.co/1yyfaAiw…
Tue May 12 18:30:58 +0000 2015,RT @WashWizards: 2 planes for 2 big trips #Wizards headed to Atlanta #Caps headed to New York! #dcRising #RockTheRed http://t.co/1yyfaAiw…
Tue May 12 18:30:52 +0000 2015,#JohnWall is slowly recovering according to coach. #Wizards #NBA http://t.co/DquvF9Errj
Tue May 12 18:30:41 +0000 2015,RT @WashWizards: 2 planes for 2 big trips #Wizards headed to Atlanta #Caps headed to New York! #dcRising #RockTheRed http://t.co/1yyfaAiw…
Tue May 12 18:30:38 +0000 2015,RT @WashWizards: 2 planes for 2 big trips #Wizards headed to Atlanta #Caps headed to New York! #dcRising #RockTheRed http://t.co/1yyfaAiw…
Tue May 12 18:30:29 +0000 2015,Jeff Teague orchestrated #Hawks to a big win last night over #Wizards. The best recap in the world can be read here: http://t.co/rUrUvlUOik
Tue May 12 18:30:17 +0000 2015,RT @WashWizards: 2 planes for 2 big trips #Wizards headed to Atlanta #Caps headed to New York! #dcRising #RockTheRed http://t.co/1yyfaAiw…
Tue May 12 18:30:14 +0000 2015,#Wizards' Wall progressing still questionable for #Game 5 http://t.co/14yo9hSJFR #NBA
Tue May 12 18:30:12 +0000 2015,Western Notes :Chandler Kings Milutinov http://t.co/ntOedBOblW #Wizards #NBA
Tue May 12 18:30:08 +0000 2015,RT @WashWizards: 2 planes for 2 big trips #Wizards headed to Atlanta #Caps headed to New York! #dcRising #RockTheRed http://t.co/1yyfaAiw…
Tue May 12 18:30:04 +0000 2015,RT @WashWizards: 2 planes for 2 big trips #Wizards headed to Atlanta #Caps headed to New York! #dcRising #RockTheRed http://t.co/1yyfaAiw…
Tue May 12 18:30:03 +0000 2015,RT @WashWizards: 2 planes for 2 big trips #Wizards headed to Atlanta #Caps headed to New York! #dcRising #RockTheRed http://t.co/1yyfaAiw…
Tue May 12 18:29:48 +0000 2015,RT @WashWizards: 2 planes for 2 big trips #Wizards headed to Atlanta #Caps headed to New York! #dcRising #RockTheRed http://t.co/1yyfaAiw…
Tue May 12 18:29:42 +0000 2015,RT @WashWizards: 2 planes for 2 big trips #Wizards headed to Atlanta #Caps headed to New York! #dcRising #RockTheRed http://t.co/1yyfaAiw…
Tue May 12 18:29:42 +0000 2015,RT @WashWizards: 2 planes for 2 big trips #Wizards headed to Atlanta #Caps headed to New York! #dcRising #RockTheRed http://t.co/1yyfaAiw…
Tue May 12 18:29:38 +0000 2015,#Capitals Tweets: 2 planes for 2 big trips #Wizards headed to Atlanta #Caps headed to… #NHL http://t.co/nkMgsBRmJj http://t.co/iYG49r0QOY
Tue May 12 18:29:26 +0000 2015,RT @WashWizards: 2 planes for 2 big trips #Wizards headed to Atlanta #Caps headed to New York! #dcRising #RockTheRed http://t.co/1yyfaAiw…
Tue May 12 18:29:16 +0000 2015,RT @WashWizards: 2 planes for 2 big trips #Wizards headed to Atlanta #Caps headed to New York! #dcRising #RockTheRed http://t.co/1yyfaAiw…
Tue May 12 18:29:16 +0000 2015,RT @DcRisingforsure: Wall to be reevaluated today possibility he plays tomorrow in Atlanta. #Wizards
Tue May 12 18:29:10 +0000 2015,RT @WashWizards: 2 planes for 2 big trips #Wizards headed to Atlanta #Caps headed to New York! #dcRising #RockTheRed http://t.co/1yyfaAiw…
Tue May 12 18:28:44 +0000 2015,RT @WashWizards: 2 planes for 2 big trips #Wizards headed to Atlanta #Caps headed to New York! #dcRising #RockTheRed http://t.co/1yyfaAiw…
Tue May 12 18:28:39 +0000 2015,RT @DcRisingforsure: Wall to be reevaluated today possibility he plays tomorrow in Atlanta. #Wizards
Tue May 12 18:28:29 +0000 2015,#Wizards Wizards' Wall shows improvement Game 5 status uncertain (The Associated Press): W... http://t.co/Uq6pkoXd9c #WashingtonWizards
Tue May 12 18:28:28 +0000 2015,RT @WashWizards: 2 planes for 2 big trips #Wizards headed to Atlanta #Caps headed to New York! #dcRising #RockTheRed http://t.co/1yyfaAiw…
Tue May 12 18:28:17 +0000 2015,RT @WashWizards: 2 planes for 2 big trips #Wizards headed to Atlanta #Caps headed to New York! #dcRising #RockTheRed http://t.co/1yyfaAiw…
Tue May 12 18:28:08 +0000 2015,Can the #Wizards overcome Wall's injury &amp beat the Hawks to reach Eastern Conference Finals? http://t.co/NKkexplyHe http://t.co/QxOdfLMaBq
Tue May 12 18:28:02 +0000 2015,RT @WashWizards: 2 planes for 2 big trips #Wizards headed to Atlanta #Caps headed to New York! #dcRising #RockTheRed http://t.co/1yyfaAiw…
Tue May 12 18:27:52 +0000 2015,RT @WashWizards: 2 planes for 2 big trips #Wizards headed to Atlanta #Caps headed to New York! #dcRising #RockTheRed http://t.co/1yyfaAiw…
Tue May 12 18:27:51 +0000 2015,RT @WashWizards: 2 planes for 2 big trips #Wizards headed to Atlanta #Caps headed to New York! #dcRising #RockTheRed http://t.co/1yyfaAiw…
Tue May 12 18:27:34 +0000 2015,RT @WashWizards: 2 planes for 2 big trips #Wizards headed to Atlanta #Caps headed to New York! #dcRising #RockTheRed http://t.co/1yyfaAiw…
Tue May 12 18:27:28 +0000 2015,RT @WashWizards: 2 planes for 2 big trips #Wizards headed to Atlanta #Caps headed to New York! #dcRising #RockTheRed http://t.co/1yyfaAiw…
Tue May 12 18:27:26 +0000 2015,RT @WashWizards: 2 planes for 2 big trips #Wizards headed to Atlanta #Caps headed to New York! #dcRising #RockTheRed http://t.co/1yyfaAiw…
Tue May 12 18:27:01 +0000 2015,RT @WashWizards: 2 planes for 2 big trips #Wizards headed to Atlanta #Caps headed to New York! #dcRising #RockTheRed http://t.co/1yyfaAiw…
Tue May 12 18:26:53 +0000 2015,RT @WashWizards: 2 planes for 2 big trips #Wizards headed to Atlanta #Caps headed to New York! #dcRising #RockTheRed http://t.co/1yyfaAiw…
Tue May 12 18:26:53 +0000 2015,RT @WashWizards: 2 planes for 2 big trips #Wizards headed to Atlanta #Caps headed to New York! #dcRising #RockTheRed http://t.co/1yyfaAiw…
Tue May 12 18:26:49 +0000 2015,John Wall Injury Update: Swelling Goes Down Dribbles With I... #Wizards #DCRising http://t.co/9gh8oQEbBF http://t.co/Nv1KVc2rM7
Tue May 12 18:26:44 +0000 2015,RT @DcRisingforsure: Wall to be reevaluated today possibility he plays tomorrow in Atlanta. #Wizards
Tue May 12 18:26:42 +0000 2015,RT @WashWizards: 2 planes for 2 big trips #Wizards headed to Atlanta #Caps headed to New York! #dcRising #RockTheRed http://t.co/1yyfaAiw…
Tue May 12 18:26:39 +0000 2015,RT @WashWizards: 2 planes for 2 big trips #Wizards headed to Atlanta #Caps headed to New York! #dcRising #RockTheRed http://t.co/1yyfaAiw…
Tue May 12 18:26:35 +0000 2015,RT @WashWizards: 2 planes for 2 big trips #Wizards headed to Atlanta #Caps headed to New York! #dcRising #RockTheRed http://t.co/1yyfaAiw…
Tue May 12 18:26:15 +0000 2015,RT @WashWizards: 2 planes for 2 big trips #Wizards headed to Atlanta #Caps headed to New York! #dcRising #RockTheRed http://t.co/1yyfaAiw…
Tue May 12 18:26:12 +0000 2015,RT @WashWizards: 2 planes for 2 big trips #Wizards headed to Atlanta #Caps headed to New York! #dcRising #RockTheRed http://t.co/1yyfaAiw…
Tue May 12 18:26:09 +0000 2015,RT @DcRisingforsure: Wall to be reevaluated today possibility he plays tomorrow in Atlanta. #Wizards
Tue May 12 18:25:53 +0000 2015,RT @WashWizards: 2 planes for 2 big trips #Wizards headed to Atlanta #Caps headed to New York! #dcRising #RockTheRed http://t.co/1yyfaAiw…
Tue May 12 18:25:52 +0000 2015,RT @WashWizards: 2 planes for 2 big trips #Wizards headed to Atlanta #Caps headed to New York! #dcRising #RockTheRed http://t.co/1yyfaAiw…
Tue May 12 18:25:51 +0000 2015,RT @WashWizards: 2 planes for 2 big trips #Wizards headed to Atlanta #Caps headed to New York! #dcRising #RockTheRed http://t.co/1yyfaAiw…
Tue May 12 18:25:51 +0000 2015,RT @WashWizards: 2 planes for 2 big trips #Wizards headed to Atlanta #Caps headed to New York! #dcRising #RockTheRed http://t.co/1yyfaAiw…
Tue May 12 18:25:48 +0000 2015,RT @WashWizards: 2 planes for 2 big trips #Wizards headed to Atlanta #Caps headed to New York! #dcRising #RockTheRed http://t.co/1yyfaAiw…
